group_id,ra,dec
289841,197.83684682,8.83180693
366078,155.06628335,30.0138323
67536,194.75311821,-1.42897599
381162,240.77546423,19.00821816
326036,316.97530018,0.13048725
456553,217.7499662,13.66137307
367933,150.86931361,29.84384724
407672,154.87487738,26.77793367
194893,145.71254342,5.2324028
394740,220.17312929,19.90421109
221750,170.70374306,9.18174521
441445,197.0781525,25.52888127
399120,126.18651459,17.93775323
92621,175.13242658,3.48488689
316053,231.30100272,10.43696855
398287,55.78837376,0.26603687
444083,203.48103296,18.15036084
430258,193.70743755,23.00425491
158536,351.03873262,14.1738669
422420,136.14074082,17.94674254
428122,184.39713463,22.36923355
230243,142.20640247,8.24681578
221491,170.5330973,8.82254839
268136,230.59871661,8.28421089
354690,131.05410261,23.34700328
464267,198.59697956,16.1787489
160959,339.21229069,-8.45873957
58532,219.00385063,-0.11045007
462142,163.18058363,17.00268877
441975,189.18614662,19.04005304
204594,185.9972342,12.7895379
161838,315.65742852,0.10072877
227949,131.4526486,31.27503035
84447,197.05525747,1.5481786
60240,179.78198407,0.74289151
414128,133.95094055,17.08283426
119384,123.81667857,3.44942352
421199,134.01860239,15.92690923
355588,121.54873949,19.62902068
294550,209.65416844,8.81013791
296322,210.51471607,9.92931779
358665,132.4059176,24.38818064
113545,174.12969045,2.75003487
103654,0.63127486,14.40033347
149876,233.06839645,-1.77462835
458470,211.66742344,16.59632373
404642,177.28392841,30.35337701
463006,188.20386676,17.55403895
415023,158.49054801,24.52464391
91317,206.11288513,2.445105
66510,182.70938251,-2.78701033
236254,133.8017706,29.50176879
314425,237.49496149,9.27859661
454970,222.95153986,13.80261425
113492,169.50151417,2.66686794
439158,191.32631003,24.04119359
379507,165.45089546,29.95353245
136465,179.90078718,5.11424522
442565,185.61227566,19.98465511
433032,200.13820787,21.0706129
378072,220.8004481,26.00798012
313921,224.51577157,12.1604288
110911,26.7032502,13.77266261
461717,161.7359804,16.00048895
127207,189.60295908,4.4833756
319097,243.31767117,23.04355591
127940,203.11065628,4.74361516
57692,232.11595468,-0.50589881
430103,177.36325142,22.97640346
449559,161.66293108,18.95295581
127157,223.40676309,2.88303078
299831,253.63992651,23.83777127
159256,0.36731948,15.37550368
65995,197.1000902,-3.56728534
467219,27.48079349,-9.01804674
439560,172.98030616,24.19971532
65113,192.63672399,-2.22543973
410521,129.54820958,16.60849845
152765,228.97352518,-2.16374177
449407,167.23025548,19.2860248
54540,175.06157974,0.42767268
128659,210.07944472,4.74741994
435932,221.80194635,18.46525118
405127,181.83068801,30.86650601
440976,209.80553274,23.48519999
59915,153.01616967,0.70243639
201820,175.24842377,10.71775596
314727,242.27302822,27.8927114
149512,200.67699828,-2.42280963
191563,139.50352344,5.89314658
392338,238.14750141,16.14804462
148669,209.498151,-1.39086432
464648,177.90592622,17.33612259
222704,165.34575841,10.52582383
305178,237.00286727,30.05144733
451447,219.09089769,16.55075319
332551,14.83460254,-0.80687731
394319,207.9494267,26.61807653
197819,173.03202901,8.54882919
269445,173.94163919,12.59112076
147313,257.21674741,30.73303136
444238,217.30794209,16.17228105
294034,198.79754345,8.98688161
294820,232.17952849,6.43424407
376776,202.49214975,31.43855871
222298,175.68474425,10.1087757
344589,192.20967358,15.5538857
282927,236.09663301,7.68394946
432250,127.0997405,11.55139933
420007,133.24135419,15.65134364
96681,321.52765893,-6.07945118
441304,180.58018025,25.81419798
236403,126.80607068,25.96724388
253771,247.77550513,25.95542155
156023,341.46293967,12.69815762
101335,56.5914436,-5.3633509
390296,227.64727346,21.70163936
317473,243.99388019,26.02914998
304770,245.43140846,24.46679177
122279,137.24413593,4.07334276
414735,130.1417281,16.11191706
406727,128.83960808,17.70952256
383059,211.7780055,27.1987675
297228,212.2853979,6.18024266
54760,195.89850741,0.5633144
454574,218.2866456,14.32758201
467867,122.06840509,8.96980101
278814,186.70624995,8.57938868
373663,209.85781788,29.92774585
317434,240.87504802,28.06088129
384683,186.99494446,28.82912778
420191,138.69389617,17.78432252
432652,163.36453675,20.21007552
221039,145.09149811,8.49147274
322362,229.78399859,28.27385584
234419,137.77945726,10.36452647
430319,200.2295372,22.42166618
102701,326.70916998,-7.02240501
454354,211.97952496,14.83468872
362817,133.78643339,23.11175062
434552,223.82458164,17.48657408
433801,154.57723212,19.39066999
226754,160.81415621,12.28230841
418416,201.17574812,23.1532321
394571,223.81855075,22.98689183
195682,154.53572785,6.43134857
289983,211.01674806,7.96540849
450647,196.39271518,18.99240669
465208,204.38657753,16.84655196
230303,148.07033274,9.01277193
191251,158.39943688,6.82151191
313987,200.69838804,15.39723743
307185,248.6955501,26.38358646
221782,174.01204598,9.19468515
406464,180.63503522,29.47666178
472451,149.66384099,14.28979876
342712,172.41498301,13.71579506
270636,190.98484579,13.08966261
253749,246.4323669,26.8580571
301569,252.12548329,27.21109946
456958,231.70615961,11.44320597
201059,172.51408553,10.26027502
403015,136.30660872,20.53862768
102654,322.16445875,-6.51114791
292864,206.4509352,10.37633481
402728,182.97263871,29.31666537
277284,209.11323927,7.3019633
152331,215.27846338,-2.87743187
197433,142.54863,6.78720235
107178,348.15611163,-8.42896356
410408,152.38970445,23.28384257
377394,207.60270861,30.9332993
217749,42.7914506,-1.2470395
421870,152.6748427,21.61132959
90189,200.94903988,1.98730476
278255,190.02350005,7.31480289
311415,252.02828283,24.90699655
200871,154.80296648,9.21187635
99513,357.49733037,-9.79891303
385580,204.34101159,28.30136268
137362,171.49428004,5.7317746
396713,221.7266565,21.25484598
384386,216.30453118,27.05670844
342225,161.02333611,14.89200018
313496,216.26312749,12.96766097
57571,217.13286348,-0.60968036
412248,185.32398794,27.20206974
455119,237.08994088,10.84432794
148367,203.32672339,-1.94004223
308154,241.01758499,27.09706321
438527,181.46541284,23.75723559
161019,344.0449742,-8.90015462
446078,209.56305545,18.65091806
417950,175.39428399,28.29756927
470154,148.06442331,13.86218263
469832,154.49101501,14.38622472
119541,162.70424393,5.47519278
126123,173.02818549,-0.41539677
376746,200.52351876,31.6181054
63214,55.36086791,-7.43917352
399690,126.85634896,19.75690966
358552,151.40005074,31.53116194
414043,126.82792329,14.21573765
468626,147.61555419,16.23269266
256359,174.24678242,12.44825507
425359,132.18937432,14.84113945
66002,198.54217738,-3.55316882
440151,178.14212017,24.88412082
103583,352.25585958,14.20122897
60293,185.07416918,0.77168921
292385,211.56551582,9.59605335
406910,148.75089317,24.860816
296576,228.47674865,8.1504313
289943,208.82748559,8.19562819
110743,10.95743768,14.73902483
232674,186.51067499,13.7456438
270695,197.9570819,12.93322934
119712,144.56252385,2.81732579
52715,219.46495527,-0.67243306
51378,240.14093358,-0.60927217
159917,326.6039782,-8.98335634
148827,208.08204183,-3.18110078
89738,159.84179049,1.91462523
428027,177.7831039,22.29992044
102051,325.95342591,-8.19612462
343885,202.71491228,14.12791347
267490,174.43822855,11.77868704
450500,183.99581847,19.16782985
366764,224.23912871,27.1773931
269634,189.39254232,12.79437074
392509,217.34954857,22.91188366
461611,169.28110297,16.36185974
160839,329.85698441,-7.63060193
282801,225.75176331,9.26628042
453742,233.44640947,14.20958119
192311,162.77704486,7.96780873
311580,244.93977327,31.32382847
204533,187.24672709,12.33523292
462861,192.79377262,17.13326452
383149,218.6280314,25.48239677
401640,122.47273376,13.64783238
315883,219.78487511,12.22768085
354546,120.03520556,17.19621144
465311,184.11461473,18.27583725
194437,157.54176072,5.65235258
313132,213.17342216,13.01393045
237052,129.49683104,26.88297666
466312,124.42484012,11.75100408
355865,147.23340328,31.85334223
297784,223.57002489,5.86765176
413155,173.72853575,27.6369231
375832,215.84501154,27.84105826
448129,141.11998216,15.06179467
162452,29.66995696,-0.97373272
364369,225.65959839,27.51535505
391270,234.81344962,21.37370474
442423,172.92534331,19.58270846
52529,200.87101579,-0.75526281
427544,230.17335547,15.75962904
309843,245.96902709,31.16382264
470626,155.17028457,15.41307776
460332,163.94904541,16.56602804
445839,243.18758372,10.83649259
392925,220.43600432,22.74458771
255620,179.20764769,11.31463387
402440,154.23068611,25.57537513
469971,131.87524451,10.33435011
310334,249.68486348,29.37157781
90179,199.70829349,2.04499759
383619,206.71935778,28.43438876
154887,219.01663891,6.3159409
446034,206.02559035,19.05900386
135539,183.53638557,4.16800951
93280,216.26242163,3.16576648
456773,210.03435214,15.25915424
67773,140.31537439,-0.26940706
53961,196.93739447,0.17880386
129041,240.67652878,3.12846248
286728,249.39004175,19.65999419
368963,141.08496332,26.77099305
435612,193.75916065,22.2985076
321567,227.26449213,28.38398905
218621,119.63806582,24.47724205
333872,22.24373922,0.06883205
421872,153.01825998,21.737992
380683,167.47407954,32.10104075
363531,142.92271673,27.75673559
371758,217.99426081,27.52156153
307661,256.50919109,20.29940487
393453,223.07167742,22.29592953
87175,186.09174168,3.29502962
196250,140.61730955,5.64277916
400575,151.40562837,28.60865546
61983,25.74653463,13.39368175
375330,161.96991974,29.58007892
66785,182.38913728,-2.39973209
377398,208.26135799,30.7781454
282713,219.37394508,9.97553217
156368,349.20027602,13.74110123
245848,134.92995427,31.05881738
217706,341.66565013,-0.7430287
456908,221.59100025,13.47683952
283102,220.75482932,10.28775119
305920,255.02521077,18.9398728
469294,139.01230058,11.11183446
65820,180.37764501,-3.69024407
62205,20.99244267,14.10117973
389207,241.0625283,16.1022269
253824,251.46114742,22.82215002
99528,359.07555782,-9.88329321
384856,187.03435865,29.21714325
402831,123.15266623,14.93636451
286455,229.26639445,30.5438666
371393,229.1821475,27.77013899
369777,228.93381018,26.8002411
126226,159.42307686,0.09180007
219312,123.48138709,28.82814279
462697,195.23513596,16.46861173
447969,159.01076527,18.06335494
86659,202.08218244,2.6067186
343565,209.64922242,13.20120838
89703,156.80720026,1.79566897
462530,197.39860667,15.97442285
422255,155.38646976,22.54636339
226259,149.46339294,10.30284676
443011,172.63836322,20.41232323
64506,186.9241341,-3.05788675
59960,156.65188188,0.73559444
151749,259.42654161,30.4641407
267342,161.92111202,10.91143944
98600,52.72869101,-7.88800532
468715,155.64956528,17.6425293
372298,218.89091768,28.13870022
423257,158.68095106,21.71118004
327029,336.63757262,0.8576034
409484,159.16330312,29.93600422
150149,217.8338566,-1.75091869
350313,124.75426135,23.40039764
120058,175.01935209,3.91861801
423282,161.93528058,22.17166845
406049,137.92477527,20.82211111
457179,213.53762464,15.26760523
67716,132.74333576,-0.22885241
57669,230.29259325,-0.43851252
289823,196.95141191,8.89304533
399905,135.83171029,21.72004776
468270,153.94946909,17.02421041
92725,183.55854609,3.4702405
224207,127.21521077,30.6377077
428473,219.79212354,18.63692027
120645,170.19822145,4.35438693
462840,191.0461559,17.03221584
431413,152.34445779,18.13779653
471371,154.02331231,16.13323668
67399,182.53364627,-1.56959524
148170,202.51847035,-2.22502293
127496,215.96338672,3.74431417
450644,196.29957802,18.9707462
160863,331.66995508,-7.81496674
420786,138.62782363,17.04980121
293745,204.92895679,8.32726277
221967,167.76166142,9.52144011
277554,186.01552827,8.41069679
315807,214.0098992,13.03648693
128589,202.83822407,5.01588703
386301,204.93386742,28.64643979
432521,150.74317453,18.22210521
471359,153.01555098,16.03546887
88265,170.4814639,1.30198328
199830,137.25619744,6.95599158
402346,141.99235898,22.00216457
128243,230.33186039,3.4310586
433712,147.68976613,17.98714237
432009,205.92218013,19.89197022
256394,176.96443457,12.40952285
325600,3.89215905,0.89048812
404600,173.77840719,29.94724871
460297,161.87114525,16.22183533
293510,209.49488253,7.16172608
150046,207.55644601,-2.03329764
341838,171.91713659,14.60803717
164883,355.00119703,0.74230087
100961,19.8713353,-8.79671527
221822,176.26670175,9.44776348
447803,144.50401102,15.44048873
461394,166.78268408,15.74508575
396543,249.79780414,11.56587203
378240,223.16817933,25.78337245
334675,31.10751061,0.86475124
221597,178.60072983,8.91730854
473686,155.42068921,16.4063687
311897,251.13414604,27.36387183
154164,229.55777692,4.62338593
190871,125.18680181,3.96523598
328860,320.18792262,-0.42737381
160715,338.41712404,-8.83674253
67020,176.72531979,-1.87607913
391866,242.13494319,18.96257149
122595,172.06440866,5.51223929
439020,177.15177933,23.99675552
322652,223.07257955,31.1845391
375207,195.55549254,30.89144828
450851,214.90730198,16.77014105
303660,239.58870188,26.98982631
67843,147.56779974,-0.28139185
66231,189.59413935,-3.30687231
199397,169.48844928,9.41248467
332940,351.21055521,-0.30702681
320042,241.01248289,25.49704367
449586,163.23478411,19.15116887
472028,149.07918087,13.75209803
288874,249.06390763,20.690611
354786,141.92568601,28.56204006
358148,124.09096827,20.30959785
164426,1.92560867,-0.57086029
463464,185.90675923,18.35662211
448224,150.47738218,17.09107875
399216,120.7168146,15.62816623
98591,50.35671988,-8.31437637
403184,156.38770656,26.45183105
326107,322.77805876,0.07381278
472174,121.82670821,7.94655499
385198,218.06212741,24.95990049
421187,132.9912925,15.66045142
121824,157.821512,4.68701682
464249,196.98291122,16.17543101
453402,246.76835587,9.40020863
469819,153.85128906,14.34702815
340135,136.62296477,29.70907187
430001,169.54392572,22.59349482
407572,145.72230092,24.49155764
385132,213.29464011,26.13965104
58397,197.6991639,-0.19552448
470503,143.19361437,13.32168677
88309,174.08496198,1.38605454
95941,327.34707695,-7.535229
221129,153.73406117,9.23940459
236734,133.84017514,30.38888799
380084,166.76970679,31.05740902
381319,238.43983643,20.42446426
471416,123.98881474,7.76696587
458555,219.54367646,15.50630422
368617,226.77748553,27.15057076
449298,177.37844047,19.50877826
444253,218.29273421,15.8843574
396069,212.01344735,22.89696914
100650,351.24857251,-8.7648345
325487,355.07163869,0.96021978
96958,21.89762996,-10.7766045
404384,149.86484737,25.71599806
162770,49.18496271,-0.56365841
464232,195.02660566,16.37388289
422799,142.09245828,18.27519949
63175,50.72753832,-8.06960278
195149,168.52166661,6.71178567
414110,132.36405316,16.54715112
107721,42.50640249,-8.95668246
293028,202.98989231,6.11322101
465492,199.46466829,17.68840993
271586,213.34591133,12.11936379
425361,132.50296552,14.92808299
441062,216.44204673,22.3293155
414435,170.97570517,25.79967029
312719,200.89815084,13.68657414
179505,124.96145539,31.80445824
87412,207.93078828,3.00774476
51984,208.1722674,-1.22405166
107630,357.55421611,-9.23110965
400580,151.80893298,28.5720413
447683,165.30366836,18.28975543
156718,353.98197844,14.55102407
295559,243.2942138,5.43932589
381613,231.04390818,24.43350132
412049,170.34044249,26.36801015
136692,198.65296856,4.8918158
414800,134.57382474,17.88659913
104022,356.05234398,14.71160893
431027,203.27002311,22.57734267
183697,116.9214247,22.78159333
455622,221.86679491,14.95965326
342243,163.71951833,15.26858451
96346,326.32667827,-7.01414751
331831,3.74592974,-1.07373253
319484,237.80289182,26.68888158
379413,153.35084359,27.55263649
320735,250.22083992,20.73135916
57036,160.76948429,-0.57543712
400239,133.88541621,22.01727778
408176,142.02457914,23.72827348
388070,240.93547614,15.19165184
278654,190.37334745,8.09673248
298540,220.9874568,6.87372289
233140,162.62212523,13.18491636
350828,139.0612172,31.49428722
354850,118.37792832,16.63513232
271120,239.98156678,8.05940087
406072,140.62815718,21.86632374
122289,138.3703973,4.10358662
316771,221.19001141,12.86735046
152749,228.26120956,-2.11002963
384698,188.41058989,28.78365352
312446,199.87298586,15.0383816
469628,138.52854797,11.47290827
227229,131.31501612,30.15753886
387842,209.04418891,24.49383539
96408,329.83614345,-7.49940803
349118,137.68347672,29.60741004
433397,230.82634267,15.34000032
341113,150.45628328,13.2404118
64869,193.63106726,-2.50817306
366790,225.60713368,26.80805278
407932,182.84916092,30.36057419
66067,174.24153638,-3.11343336
295761,212.73930455,9.37266766
155334,220.06195973,6.76195406
428476,219.97140519,18.65390523
192153,150.12136538,7.00739253
322071,238.86397744,23.41509531
303665,239.66269764,26.97691879
137035,184.86745796,5.46995512
425553,151.87545382,18.08454552
401280,117.90937313,14.75984449
276994,185.45975002,8.05506662
450423,214.82148897,16.3079094
219999,142.47760198,8.12875065
417909,201.39463906,27.33039729
237567,129.99937478,28.01004011
298287,229.75956996,5.75774047
386124,249.33682047,13.70632499
126009,158.55078125,-0.38120789
329808,317.92805802,0.73492655
369626,217.26178855,30.84566124
56240,175.68470143,-0.91355094
376750,200.8032905,31.71875304
370667,223.40178267,29.37427425
324744,229.37532337,29.46652105
420912,150.85825438,20.29374209
428318,206.2948178,20.99191971
438020,186.71418486,23.4981609
160947,338.07373744,-8.49311398
442814,180.6676229,20.30426799
334573,22.82784124,0.85831084
93371,214.68371697,3.56450033
450571,190.20863124,19.24355708
447988,160.50278502,18.2647958
363646,130.48088935,22.98682639
380200,145.56850411,26.52952568
51975,206.97265917,-1.04787799
341523,161.99183939,13.31764052
452724,191.50139482,20.89502425
382866,248.32325996,13.84107288
276506,186.03832683,7.52903684
378772,220.66556361,28.28850412
204559,191.09336635,12.27723054
55273,162.04114001,0.95470227
60424,198.79903037,0.80324373
469010,152.75664341,17.70628778
372166,209.13806671,30.54205105
107892,43.02059269,-7.0892781
455469,238.16299766,11.00859045
382924,199.16762525,29.06815972
148861,211.63742667,-3.19985347
296169,242.65444845,5.86809526
152629,218.71411814,-2.41105854
437372,232.17672176,16.36002101
311308,242.69819268,32.40078283
412019,167.52627937,26.12588095
96575,342.69138814,-8.54972623
93579,216.17581366,3.92805719
449241,172.98538126,19.1794196
148030,205.54187239,-2.7532305
450814,210.92487576,17.33357658
98734,29.21341929,-9.97375376
219637,139.67119485,6.87038002
314746,243.65986157,27.14830813
267077,199.72998437,11.06451881
91663,152.9940501,2.65221309
374327,204.53992911,31.7548764
129742,224.8279057,5.04080868
378796,246.21481315,31.53973012
437942,178.74340567,23.42215391
226369,157.51351929,11.18851037
368675,230.95984968,25.54721714
154306,240.47708618,3.57842016
124720,113.21488431,29.1690006
385147,214.91848157,25.89549055
434331,205.40671506,20.8005529
396329,231.07762946,18.24336816
160778,344.53860502,-9.2393832
349043,129.38138458,25.33400411
149414,232.66568455,-2.24387747
453763,234.82545968,13.7936207
56182,170.86520412,-0.99844187
389887,243.56595105,15.58664056
270569,184.67534023,13.27768278
343924,205.97831092,13.90640785
160503,341.30298666,-9.55268291
333481,43.36326022,-0.37360704
118183,136.52587322,2.96190131
222795,177.99360298,11.01160231
447479,147.1282117,15.58075115
275664,206.22976224,6.29069471
96426,330.24046952,-7.41302848
184208,123.90826731,28.98562276
470249,154.93025925,15.01647762
447143,212.01606013,19.18505508
147567,259.75980858,27.92868243
399444,122.80455409,17.24559267
447802,144.45953704,15.36170977
128902,228.71721145,3.98225158
355148,144.88742997,30.00594686
457810,232.31480774,12.07007622
448550,156.67973998,18.56024513
167415,36.70210668,0.72141238
164674,7.14081729,-0.04075481
312136,197.01837144,13.91422988
310349,250.46847948,28.52051014
199950,145.70304927,7.82192377
432376,137.0317113,14.64843669
397426,240.28539495,16.01920639
278066,188.38543319,6.86606861
332227,346.01276301,-0.7986782
385624,208.54765893,27.6130932
219776,136.58054132,7.08381933
270212,157.91530535,11.91491919
246979,258.20164819,22.7378702
399072,121.59628921,15.66371467
459012,239.57090632,13.31007639
153442,224.1478112,-0.99146515
86545,191.57563369,2.88054895
270873,211.76083286,11.95356634
410188,128.41190273,15.63110614
431116,230.97610264,17.19565895
469643,139.57663105,11.68991272
382080,210.51492152,26.6303625
149497,199.02087536,-2.61827036
345022,193.11185852,15.97263753
231267,124.03629111,6.49107225
400402,152.07381276,28.14881983
435833,216.02097359,19.75123089
389079,229.99484508,20.002914
440858,200.04249993,24.69655466
305861,244.69361711,27.45543629
119736,146.57046172,2.916521
448210,149.33458064,16.82226551
444393,230.60755413,13.27581758
314924,245.04724163,26.55441132
224179,124.31644162,28.47787931
383558,200.22588247,29.36448623
421352,148.19839677,20.2531756
224220,128.04393114,31.13381497
366064,152.46318281,29.40768221
88442,187.99567698,1.42097568
324792,50.29935448,-1.0598957
257754,197.98394025,12.35317506
269720,199.06775842,12.46066305
371397,229.37601121,27.62864743
443767,226.13537712,19.46425088
292764,198.11329545,10.80759866
315517,222.51436019,11.37238277
129313,209.83386146,5.25540828
445997,202.36460059,19.51200842
457973,207.02941597,16.80482001
322381,230.28763133,27.92258403
103386,332.92717288,12.36188622
146216,234.42807285,1.66935324
269289,164.44306544,12.12151593
145866,224.26755879,1.54128753
409242,193.56618432,30.94573505
428312,205.88186469,21.11470841
399365,132.62694727,21.40015468
436402,138.06006578,16.24000404
417444,198.70482717,26.64650957
354954,126.25797399,21.44686798
325759,317.19306396,-1.15508005
99441,351.92531228,-9.54322629
112220,151.13240183,1.9603558
469378,148.61980061,13.05954109
294899,236.86257526,5.80241847
285379,229.21921814,30.108458
312509,191.29703076,15.81596492
440350,200.24508923,24.34531209
392517,217.9754292,22.73873778
106354,9.32126541,-9.23778849
118876,157.83564509,4.58752327
200721,141.43149745,7.75448149
462367,172.22611471,18.15445449
435531,184.84314795,22.63145722
359809,245.34683619,20.77186679
431770,182.56525881,21.32264818
400227,154.8910401,28.60299866
371950,213.34816813,29.22136473
117948,154.46016605,3.55659929
416640,155.28852761,25.10565483
146040,235.33872634,1.28782854
274981,188.82620699,6.26790387
170961,114.31796205,26.81574822
137028,184.39647267,5.59153044
419039,179.27714585,25.12783352
326429,346.46613892,0.76618915
313422,209.22524703,13.88082654
121859,159.90543317,4.77771543
179431,120.09814102,27.64907543
183676,115.71260865,21.6117438
352205,205.74031848,3.15986155
135056,181.9623309,3.90631559
255341,253.65541819,23.14035762
258065,189.57126382,13.42917086
287746,241.48129989,24.97911791
105310,3.9787929,-10.99947012
326212,321.09740776,0.58300009
410053,156.55706284,23.78131316
461038,161.03885615,17.01154492
208565,258.22011048,22.55987207
355726,133.40695113,25.99351913
317363,246.61386575,8.48938391
405907,125.15791504,15.52935604
227795,117.14562517,21.45535223
406310,164.12950752,27.70915061
237235,120.28021269,21.20226596
296378,213.91504241,9.68244269
120676,173.57272142,4.35301359
233549,126.87202087,7.73170257
383331,230.3481413,21.96592799
296435,218.45319814,9.25991294
417992,179.31924799,28.50024435
107847,37.36837891,-7.72063497
287666,236.4642486,27.73533307
442241,184.07351469,19.3765289
349711,126.91319245,24.19208763
127753,238.63042331,2.52458199
410594,135.73573472,18.90557232
136090,189.6594914,4.66954934
376264,207.96328165,30.00807503
93620,219.55228679,3.83642774
295625,204.54179566,9.97841512
201081,174.45811133,10.39286497
393213,206.01190386,26.10993132
292912,217.43747894,9.54333864
226444,141.69790345,9.65687558
454447,229.72039312,11.74084071
427223,205.12151974,20.63563186
417262,182.90355744,27.35737349
277512,183.83750819,8.53701393
402633,175.55797798,29.01990133
313887,222.55974955,12.60418088
100883,13.91900379,-8.94550651
364389,226.78298832,27.01037514
93373,214.8627196,3.60244919
315960,225.26312948,11.35876582
342338,122.87088549,6.09978397
322743,230.25718398,28.39275684
315157,226.22026552,10.37317659
440199,181.68512308,25.07576974
442323,190.18050411,19.4410357
148393,205.24900402,-1.86570112
431608,169.8622596,20.6576121
235939,120.08072628,20.36844785
157053,353.82987678,14.885909
326646,329.39246242,0.12391744
219500,139.8052792,6.64233348
378310,216.91800486,28.04393844
87702,230.71899033,2.55494474
277858,185.16733751,6.49374568
302200,253.54620048,26.71398308
276535,188.38074134,7.56983504
234892,181.30217978,14.98239653
298487,218.46646718,7.09539522
422862,149.7185762,20.28718602
454497,239.9093642,9.35159113
423753,173.34141358,24.0631243
312206,193.87365516,14.57337958
408581,187.64039979,30.75882721
456598,221.6617363,13.05322282
422078,137.1197419,17.84957203
160804,347.3633506,-9.35125483
311375,249.24444327,27.10980367
386891,187.56254916,30.56923471
91270,203.27102775,2.54427287
391807,238.4488719,20.74245046
157841,342.01194386,12.71072908
462278,172.69966066,17.80231239
179490,124.22345274,31.09190248
293915,225.11160027,6.61554636
399457,123.61633534,17.53695856
292206,198.97516281,10.43781912
358151,124.36620561,20.6011565
162138,344.19648034,-0.8620704
418759,183.40915123,24.98004257
145886,225.34798757,1.59037634
268337,168.25606332,11.85294353
86711,206.4961335,2.66284366
456163,240.17351686,15.10359491
289770,191.28701267,8.98036322
159068,323.98054542,11.86239201
93557,213.68907441,3.96975824
284678,245.53505831,21.08344899
392416,210.33395629,24.48019957
101495,318.5624318,-7.99613079
94134,236.13656435,3.19216685
222814,180.01806243,11.08272752
60507,204.79273105,0.82895035
473703,156.52418017,16.65587493
415976,132.08991573,17.84404349
282272,209.49592367,10.65738574
457059,245.70341782,7.95589663
455129,237.84336174,10.66024464
234642,159.29301121,13.57494118
278172,198.09210529,6.79447455
57622,224.24846464,-0.4440883
439050,179.27300061,24.14678867
326437,347.53470965,0.73836771
390194,219.85044127,23.89702469
448105,138.23621762,14.41252449
442271,186.32208627,19.55141314
106918,315.74862401,10.48339518
296128,238.53236448,6.56036009
305921,255.08600561,18.79322428
393376,218.4101573,23.62250818
442419,172.74366512,19.39023436
398810,33.33410407,0.31968156
407808,170.72860624,29.52563017
413471,201.45409528,26.98741074
323041,222.22654589,32.06524614
275607,200.74131961,6.44352017
471274,145.7781342,14.75708338
411301,195.6659318,25.88763627
160933,336.75749772,-8.28211285
464867,199.43464528,16.90018723
228272,131.63395005,31.88838308
403275,166.51427472,28.28180791
450194,194.75163362,18.59825097
111433,19.59594968,15.31062094
413703,176.43804933,28.10538971
454438,227.85997889,12.01548134
402090,182.50275153,28.82896601
282196,235.6647494,6.77896077
277369,171.33976656,8.1366138
458252,228.67623801,13.44445942
398949,125.3249312,17.01947129
406178,150.30960756,24.83923618
429096,176.4203949,22.62707337
430133,179.2267769,23.09389437
467454,33.45411216,-8.02315266
67756,138.74820656,-0.21469795
51708,179.76157877,-1.09350964
88884,171.43970276,1.68365244
457769,228.90282523,12.82462594
449446,170.72722607,19.55093829
426124,202.00351585,20.56498038
267121,201.28758629,11.00206381
364197,208.67694245,32.09789327
410872,146.7358524,22.84810304
52503,199.50790135,-0.74925621
155581,238.66706859,5.48612595
86661,202.26045003,2.69505507
153817,223.99591135,4.73939351
298815,240.76793616,5.06575927
90568,143.63080643,2.07084312
387047,205.10959905,28.92981619
161814,313.73885829,0.08577896
99004,56.35081228,-7.09004475
97492,15.96933645,-10.98990425
212813,251.61885032,31.30968427
100808,7.54609901,-8.99413864
408202,144.12246967,24.31012018
427468,224.82132439,17.06490731
460056,171.90134623,16.80914704
148989,228.44180055,-2.69288104
388663,200.43397634,26.56965699
386841,247.18988925,15.12188962
334407,36.22958529,0.61984835
121530,182.84907113,4.91242235
235447,184.1817406,15.6045186
55180,244.39274013,0.5339796
401528,126.07163042,19.60009575
163119,49.47914287,-0.10956158
455869,231.55296762,16.93882237
129474,221.59932079,4.66111832
467535,25.58915339,-8.2587799
448202,148.95630209,16.64193934
195380,126.05797496,3.84661479
454805,237.55011047,10.40977829
147713,260.14324442,28.1085019
276225,207.20960856,6.70020755
191123,149.99997614,6.27070499
295076,205.53869213,9.39223445
372317,220.77387118,27.66857843
334195,15.59342047,0.42800333
365273,236.92032233,23.65764599
64274,193.24352874,-3.46682242
324788,49.67362065,-1.08412463
80219,201.76925362,-0.49455944
64975,178.83306549,-2.21171018
341282,159.11623549,12.56463563
380640,163.31569746,31.28056718
67687,146.36033398,-0.81669031
290392,207.28643845,8.77168386
59906,152.32432324,0.76897544
180444,123.50793015,32.43995954
457761,228.0741486,12.9738843
456254,247.66482748,12.25647428
321706,237.9685743,23.38585211
232886,144.05465889,10.76023008
357589,154.73756362,31.31891218
234909,182.42588897,14.99868391
342185,171.50938918,15.29517253
254532,249.94925021,25.25233154
149011,232.31385567,-2.53596476
334418,37.59939399,0.57908852
218583,116.34095727,21.81018703
52004,210.47154105,-1.14925731
220436,143.22447616,6.92321766
287794,245.58029384,22.51169164
434190,188.24027092,22.18911294
269422,173.00055069,12.61520293
372714,178.48135791,31.43147633
237163,136.96016587,30.8430859
429882,158.18726145,21.03491072
198033,175.45901563,8.74936908
54799,200.762612,0.58323532
412003,166.37420901,26.03113476
194958,151.37608624,5.67204726
92726,183.62289841,3.36971919
406556,190.31299456,29.36708204
221452,167.98387052,8.65619446
275896,177.64916141,7.22585228
417910,201.62992535,27.27898985
389386,204.6474328,26.49306837
95870,321.35593748,-6.95890713
153581,313.18789707,1.22105672
403538,122.55048345,15.00631179
127226,190.99976202,4.53948691
403973,172.96555179,29.63228005
147316,257.30793572,30.50504339
137313,210.29869393,4.95769991
153933,233.12944152,3.93481183
344132,182.0247931,15.32229531
307552,248.71236213,27.17361532
129684,201.45688761,5.90410593
290836,196.91313828,9.63848581
255588,177.24450435,11.30855328
137224,202.05349046,5.32508228
434538,222.51453839,17.83076877
254171,252.08519522,22.94067329
371885,228.25126926,24.38918826
393444,222.55919286,22.50255094
125825,158.09597456,-0.66165011
387665,208.18661169,29.01248244
54758,195.74025398,0.46870037
195020,157.5173465,6.08316198
354740,135.61391104,25.60224056
468710,155.38755521,17.58262735
361910,212.21355022,32.21193079
234149,183.27416167,14.63316758
339757,132.3207752,27.12013887
293317,205.57725506,6.935774
420008,133.34576093,15.61242153
277332,167.90531422,8.13179467
473122,134.04298611,11.89484767
57748,136.3877321,-0.17051025
384390,216.65975979,26.91038486
395504,206.70062302,23.37402466
113627,162.88550464,3.12175255
58510,217.89270884,-0.20091039
317791,239.00655167,30.21644739
58266,181.50811709,-0.02377286
362914,145.02116454,27.6846414
231020,139.3331893,8.62097624
200222,170.67726664,9.81559779
121127,150.01235003,3.95303084
289550,244.85755776,23.9896027
60896,149.20582382,1.12049709
450221,196.27460018,18.54642239
104991,339.57460452,14.7196224
360082,162.59207087,32.32741941
434020,174.72014858,21.80784205
95219,331.0099843,-8.95158787
149037,200.23761798,-2.86662013
441433,196.00815305,25.59090522
444589,246.46354118,8.80239305
448308,157.58209726,18.25849759
268026,223.53606128,9.34043785
136342,169.2228066,4.88961638
302726,250.39213047,30.13915748
153186,219.64114059,-1.45839315
271008,222.60025408,10.69726731
117661,164.12439697,3.57027814
454281,206.19874283,17.13790785
233641,140.09067454,10.38046113
308456,242.02005744,26.81588674
195731,158.17904953,6.50925553
411582,177.05109864,26.58014354
120822,182.29879994,4.40500952
226119,138.27040125,8.68378935
222443,164.88592038,10.07487204
410666,143.3490338,21.33827059
471001,151.69673729,15.18994254
439173,193.38006157,23.970155
429580,219.46141312,19.26661734
226144,140.5370409,9.01394088
461905,174.81643912,17.07319435
297638,213.07114602,6.55984977
426402,226.34524176,16.25736429
466575,133.82397728,12.7163744
329924,333.85116386,0.69782549
119714,144.86696229,2.88436586
365674,239.72740145,22.77932882
184103,116.53370095,24.78835559
291126,224.23127786,7.57230256
426996,181.04290893,21.96436904
110992,5.91725213,15.22147978
270794,206.99085322,12.32439378
199916,143.5632928,7.5682027
230732,150.4931532,9.72068833
296789,211.95675751,5.75715996
461385,166.26454926,15.7016136
156360,348.81547745,13.6516321
293223,208.26745464,6.33251742
343074,206.10288591,13.17536305
372942,202.18849431,30.34042453
148992,228.56216901,-2.69209906
66660,197.8745565,-2.70679429
66391,173.34660568,-2.73797136
416230,160.58169197,25.64008816
84850,159.61293539,1.79739138
64385,176.4344196,-2.91125722
268061,225.38629244,8.9680147
433491,125.81839329,11.68789869
326941,343.0251555,0.50056829
456939,229.21567881,11.88127136
419192,195.12841214,25.063798
201210,181.82518589,10.58509406
113171,173.84491308,1.98475604
449979,175.06189081,20.59917097
438440,175.82240166,23.57889577
97189,25.71271774,-9.66802471
408614,192.47684097,30.43253078
277036,189.2650536,7.9978867
245552,136.39648959,31.25728612
469397,150.06409745,13.4114688
126088,164.60224471,-0.24498642
465508,200.97439515,17.69063193
473294,150.18016479,15.28428436
122856,175.48110823,6.03379169
440217,183.43209709,25.18253025
445431,207.2714052,18.47860067
85745,184.98364446,2.41750077
153124,214.95208656,-1.7070483
342190,171.72661814,15.36060447
414193,141.89058084,19.90638133
443843,221.78652416,20.9597184
170088,116.15268448,30.12964968
157499,335.76439669,14.10618254
433964,171.07983736,21.53430118
60813,140.69441092,1.16130437
291274,233.55544625,6.60711735
190249,157.29065849,6.00699004
460007,166.72823093,16.29609981
411943,160.69340093,25.0438453
276060,192.94381795,7.20058311
111156,20.47216699,14.8957118
255224,246.71749618,28.76513329
53991,199.11227243,0.13475409
119636,136.80775959,2.30085901
291150,225.644808,7.43779394
354325,130.27919672,22.64366101
342887,187.82367905,14.12081876
159463,351.66217697,15.49177872
304687,241.51911668,27.0673477
105463,16.72675539,-10.65056164
88558,214.9324609,0.99745108
113793,168.83094475,3.51863588
456514,214.13958434,14.22498275
448181,146.93741341,16.25119317
369708,223.34866352,28.78470668
163165,24.26303237,0.22896505
97988,4.98844566,-10.31423129
226350,156.1798067,11.08921302
162343,22.00042098,-0.96863331
390550,249.14408951,13.55058565
283649,229.74288189,9.57386086
462117,160.78391995,16.81593407
383257,225.4228761,23.68376615
345115,205.88444178,15.1436763
452992,244.86377415,9.16304657
463070,192.50609284,17.37383024
184145,123.89550324,28.24824554
433394,230.03801239,15.52172648
230347,151.30653083,9.39527019
67621,140.64139077,-0.78178057
56422,189.42879042,-1.02861774
377296,198.54284882,32.22800279
161335,57.7492173,1.08645945
414091,130.05508466,15.64587751
222828,181.18323877,11.03279853
298646,228.35640508,6.30487714
255329,253.35968163,23.49514879
386876,186.84324611,30.47605143
249343,253.12818567,32.22248737
415161,171.54901985,26.26929887
425117,130.96761973,13.52666281
61592,10.30086775,13.81867655
443664,228.77628708,18.28905201
358725,139.87779872,27.86803233
62342,30.33490362,13.25224871
325065,349.02929229,-1.23568893
194988,155.00501891,6.00547181
106828,316.38266287,9.21324333
211583,251.04041132,29.21792546
312109,194.9406997,14.11640161
211524,253.22159496,26.59438023
165128,17.69281531,0.79336611
468001,135.44798773,12.90095521
301620,255.14691064,24.44580847
267521,176.11553385,11.77121117
378402,223.95541949,26.11549026
453886,246.06125536,10.99687373
122551,167.28787412,5.47102987
254090,246.00143877,27.68283183
121807,156.37058002,4.79956675
472730,137.21116238,12.34377963
154412,217.16464289,5.96231557
213398,252.50120241,31.75728239
58450,213.67199225,-0.14377928
218775,130.15765345,32.21571204
52728,220.65379793,-0.77308415
467157,24.24957575,-9.07220353
227087,122.34795829,24.18077584
389533,216.85632273,24.1154747
434749,238.65278083,13.39906866
93767,231.51988111,3.2153245
313770,213.09449163,13.81512774
292339,209.41761567,9.85278992
434292,202.75621891,21.20976343
84272,179.90523232,1.49600961
118559,166.40533457,4.4231854
232699,188.90382534,13.83351908
219012,116.08371014,22.07376742
354294,126.76561082,20.60372114
384879,190.15171591,29.26756809
54079,207.56523608,0.1860316
201850,176.63903083,10.74452856
423870,156.13825302,22.12569582
135703,196.95483924,4.14949939
393872,213.08065446,25.12399016
386903,189.87648252,30.50229036
442616,192.11531836,19.85632071
103857,338.35798694,13.32512323
106276,1.42086538,-9.33727422
161119,332.0674604,-7.57218393
343226,180.24409213,14.36188945
157984,0.5753516,13.77824846
58089,167.1699089,-0.18859297
84821,157.01347016,1.60901131
473228,144.71850985,14.33224915
155563,235.30771175,5.85857836
473647,147.8816987,15.31991301
270355,169.91997394,12.83960067
165079,13.11916244,0.77366343
397012,248.45292548,12.57336995
292736,193.79357134,11.08155849
333957,28.607155,0.15029266
411017,166.01857555,25.13597032
253779,247.98940695,25.65688115
372499,212.07352671,30.29557544
184137,122.372322,27.08965234
357014,154.64048894,29.87205313
293918,227.06077752,6.20528224
127390,206.468474,4.09003226
129181,197.48202175,5.65232501
257359,196.6923029,11.45183915
332709,28.6983795,-0.7235233
458519,217.11905493,15.83012953
201384,196.41785997,10.26654067
447657,163.11958157,18.20723893
291995,232.77188062,7.03268119
375992,176.16547697,31.82434395
268452,177.53677299,12.27910258
108109,38.74237398,-8.87705281
295645,205.81139403,9.91118785
359826,238.31574879,25.00388622
233180,166.54569529,13.59227359
271344,187.26909978,13.57284704
184876,125.22878455,30.27370762
373098,185.38032829,31.87915925
413289,185.16453726,27.94459807
381026,230.09789373,23.478052
410218,131.79083468,17.0833955
102987,337.96499029,12.46038526
244715,140.28244139,31.81096418
128169,224.81789754,3.77152358
293043,204.68744065,6.13097468
406478,182.42712421,29.38629236
107571,351.62915924,-9.07596108
473709,156.87459127,16.63162608
440281,190.19735791,25.02512486
53121,193.09772226,-0.36985629
222722,169.58434293,10.74154457
390731,215.83650966,25.22103193
126024,160.15054381,-0.22096
295022,201.87344585,9.69917578
100709,357.13031427,-8.96691065
191824,160.94894508,7.28869945
137002,183.39924383,5.55945305
372432,228.32595595,25.17195097
107742,42.984869,-8.37707306
85794,190.2975816,2.46962173
127321,200.04912396,4.31897401
364122,238.21408171,21.75485286
398194,14.31100946,0.31419333
58475,215.01270494,-0.01377606
267010,194.40380665,11.35511396
180410,120.15843721,29.40251801
462832,190.29235336,17.11625868
363951,220.46332564,28.61400739
359939,162.41952911,31.8656228
393451,222.93902996,22.4322071
319368,229.30505191,30.98033211
420243,135.69970321,17.28848863
158267,1.90392652,14.31446294
278845,187.79381065,8.55803881
122489,162.97344986,5.46438968
407686,157.15461535,27.41377028
305873,245.67632791,26.72092049
169678,118.04782848,30.81481819
255522,173.83395653,11.21164071
277709,197.93581264,8.323162
158393,332.52867305,12.35994862
455373,229.35875562,13.03886632
400857,125.83675838,18.05595936
236169,126.96797378,25.4709293
158272,2.25495048,14.34970256
365313,239.07161309,22.69628072
339391,132.85645869,26.92549613
385657,210.52175406,27.1719253
409222,192.17295393,30.9071706
63193,53.20058234,-7.69376871
380289,157.34947798,29.82106863
268470,178.29172595,12.33179532
352254,199.49923318,8.36651409
154563,227.34316569,5.21080356
397940,57.30429843,-1.01568494
440802,191.75914051,25.28410007
135631,190.49359779,4.20265535
88244,168.14354779,1.32785654
51956,204.87969182,-1.05813823
88163,152.54994588,0.92868132
220710,152.09704399,8.31193177
60693,223.30726827,0.6564871
100689,354.55743169,-8.97796159
303201,236.53789528,28.37010211
379881,144.12327505,25.621708
333406,35.38562966,-0.30784596
425375,133.80349317,15.23541372
316241,212.68243314,13.73337656
314087,212.59248351,14.34038482
438376,170.25758213,23.13408915
464730,186.40450213,17.43762634
266890,181.58835548,11.43887534
157280,341.7112356,14.44578238
451851,209.76311294,18.43504741
443726,223.10121068,20.33426915
196653,176.79908601,7.70704598
413623,168.26665593,27.38034988
60304,186.5102376,0.77779696
392250,220.94593207,21.70660571
392671,234.58792578,17.78057874
421364,149.17384778,20.4228336
382726,228.12012735,22.24538306
403745,143.58952293,23.61795692
453691,229.17669322,15.24404615
409002,166.66296986,29.93911251
381431,232.03246165,23.68325699
403151,152.07754791,25.6102615
184589,124.19356685,30.24001441
424979,134.38817456,14.08748996
350327,127.28576495,25.01099725
291011,212.67049281,8.73450675
150146,217.73184374,-1.7518705
400558,149.39946589,28.02944225
316129,237.68355506,9.01242719
62592,30.73584457,13.71835458
112225,151.93005987,2.02095022
197983,169.97197623,8.5719312
377379,205.90523139,31.3314345
253998,239.33007884,32.29232344
395515,207.48466637,23.1017652
191203,155.29565098,6.62119793
154577,228.80932452,5.18983947
435087,148.59324564,18.4503076
127554,221.01857416,3.48400195
449664,169.65090783,19.80730823
161866,313.07532798,0.52620545
222058,176.97370269,9.76541306
62312,28.30313136,13.61019981
433057,202.83806007,20.88139888
403459,183.68025487,29.72626691
466206,125.08921371,10.69885731
305852,243.82642048,28.03175066
153343,234.89265256,-0.98673428
465296,183.48981674,18.24466729
463236,186.23706105,17.99341352
436009,226.96825578,17.2739293
390710,213.7580653,25.62240419
137158,196.7396015,5.48304397
462708,196.42219855,16.44920489
220724,153.80960588,8.48559709
463055,191.75564419,17.39837861
444309,222.38619066,15.25530549
323317,243.84538529,22.37422401
453577,241.22586538,11.64680651
218740,127.34655205,30.39511679
315679,236.11394858,9.04023423
433972,171.63724852,21.58414253
377544,165.81581243,32.04840147
348437,134.30199138,27.32481798
425231,127.46117117,12.93940295
444619,195.2534975,19.12089716
343793,193.44037679,14.74995441
195343,184.24960221,6.89528123
425442,141.81778855,15.74613296
437074,203.08656189,21.99449439
313205,220.1712896,12.1205088
455446,236.34204073,11.55570082
307279,256.09106683,20.13656347
354389,134.11376016,24.49083966
290039,222.7150504,6.89645771
364772,226.10275459,27.70009457
439180,193.87331073,24.02865957
453873,244.90537151,11.31098543
447488,148.18945606,15.6815378
271569,211.36898519,12.47257985
58968,161.7889126,0.24792444
200632,134.74923618,6.91854406
104028,356.76579094,14.84176352
302802,255.49938938,25.19756606
400466,139.44209286,24.63073981
403361,177.02673936,29.3758489
230421,123.01649045,5.47506954
160355,347.56937694,-10.24352289
441174,171.28945739,25.35015746
257645,204.08741284,11.42194767
363919,217.35483409,29.59128732
217332,206.35194089,8.0529699
364500,235.73987241,23.21162142
294785,230.33735949,6.71848716
469304,140.30327243,11.51827712
427800,157.85528577,20.15610421
154913,220.78200884,6.261426
389834,241.24887972,16.45869014
390364,234.3071776,19.49988148
469871,123.19233407,8.20533397
196375,153.23474644,6.78910389
232936,147.50897696,11.20655931
147573,260.0570578,27.56755592
313030,202.90869198,13.99186722
122562,168.01131106,5.54291491
104154,324.50322569,11.81083008
219627,138.96762458,6.83477931
429545,216.79642577,19.75407313
236355,122.5509211,23.0779859
438437,175.40922397,23.54340243
221976,168.9501759,9.42986288
236936,132.22816289,30.21999849
439107,185.43960045,24.21461112
354756,138.38934335,26.86872079
220751,155.19117187,8.64389636
375251,203.95493736,29.93706652
88745,160.00163986,1.50030034
396076,213.16553123,22.58606221
371859,226.1734071,24.94760817
245020,139.85766421,32.05890591
135067,182.90977591,3.9347936
460601,203.56570598,16.67476223
292218,199.96901633,10.36359592
303624,237.7342041,28.26217462
93264,214.28947106,3.18460628
303204,236.73598054,28.21400077
232075,135.44806149,8.71123219
384304,210.64091282,28.29405201
379692,153.79666008,28.01160072
94147,237.70976033,3.10761268
401187,131.84778006,21.35132432
432298,132.24482357,13.3172645
415899,125.56730703,15.18496869
382147,218.79004393,24.71019789
324425,226.1785553,30.39632136
103843,336.71434583,13.26476603
232050,133.80862844,8.35357983
324696,223.45226753,31.73953592
458926,245.78587013,10.76551044
379228,244.22384668,31.31095621
446973,239.25225461,12.8306195
382157,224.80594768,22.81085107
450375,210.28091532,17.07569582
300959,249.25603096,29.41291179
86322,236.27632288,1.38565588
450611,193.62071192,18.98971021
343345,189.61113816,14.47861703
299757,250.25481401,27.39827669
437055,201.16539681,22.15898084
191430,127.01589888,4.58524561
110987,5.28373774,15.22161771
320949,246.44943244,25.25188667
255758,170.92296773,11.40481572
326119,324.03046655,0.14789344
417011,198.19317907,25.94847599
165062,11.93422518,0.72396451
309496,250.22100712,27.72729733
462486,189.3910306,16.34783057
255699,164.18736348,10.9154685
352386,210.1940648,2.79532503
150207,224.24620564,-1.52065871
403757,144.74333148,23.86976145
437045,200.59268095,22.31785802
426834,170.1646661,21.39296961
237918,132.86667169,30.69104558
111434,19.6807562,15.18686294
97302,0.47517962,-11.03151306
295212,214.95543803,8.70672935
427425,221.30591675,17.93589108
398619,346.51682494,-0.01542983
105994,18.66919646,-9.77115708
358138,123.80150037,20.11056123
226765,161.99549154,12.43674282
99161,34.74200204,-8.99103598
267002,193.83777408,11.46252906
87705,231.03054904,2.57124347
334299,25.38600273,0.46580852
403190,156.85053145,26.69384741
463046,190.94515273,17.43041685
53586,241.67393854,-0.32040924
147795,206.68757796,-3.4198339
451652,189.46423514,20.03132268
57450,197.76733886,-0.49873777
403754,144.27240481,23.79790819
154988,226.23950674,5.74178639
299196,242.22400913,5.3433926
61247,174.28737373,1.17268919
385792,219.19638807,25.25292017
433387,229.24019203,15.71860861
56994,157.53275071,-0.56820563
85567,234.47131566,1.16349646
256733,177.94182132,12.8710075
179485,124.07589144,30.92813004
390158,218.49605796,24.3201627
107982,46.24030346,-6.41286551
339567,117.06616306,17.60217278
388025,232.11925368,18.53472349
60334,190.15911795,0.7025027
426795,166.28992404,20.90328564
92615,174.55929063,3.43043594
343065,204.64841385,13.30229089
396015,206.22540317,23.77156544
90394,218.1780655,1.69023265
332947,351.84050395,-0.39126747
117453,140.28601628,2.33392972
333875,22.65906497,0.11490237
408502,181.0423882,30.77836806
92986,207.34449233,3.33000064
444807,210.54024404,17.57655333
313611,224.49365938,11.84099353
321918,222.9405959,30.29438035
364263,216.79807876,30.30230523
160128,345.74383697,-10.69283069
408688,122.08903604,15.94938762
469480,121.99216616,7.38252979
463498,191.4601691,18.40275113
148385,204.72592899,-1.82548453
129695,204.49372956,5.78392407
422956,148.16075882,20.3706994
98446,32.94897395,-9.95524137
236512,134.67174562,30.5137196
283482,216.67562984,11.30471873
416885,184.2370187,26.65468869
129037,240.22535411,3.14539752
283722,235.33925526,8.57803476
462758,182.59569432,17.21973944
368520,221.02663254,29.10171877
87222,190.99996277,3.30648949
467139,34.71835941,-8.7754342
405758,185.98798244,29.05079855
106411,13.59979743,-9.22466808
395900,239.1893756,15.04674785
413343,190.15537428,27.97966185
137270,206.63159199,5.20970982
321100,250.16859738,22.87345756
447761,140.54164764,14.37214287
283002,210.46451681,11.50786147
149061,202.13016229,-2.81169914
95406,315.67703193,-6.73452534
317009,243.41591504,8.84624987
80344,205.2432178,-0.18179621
119624,135.46505083,2.23933661
108179,37.06992068,-8.57517545
194625,175.49902699,6.45064429
400001,147.84370696,26.07270607
382199,231.83422726,20.63521081
198120,183.83929828,8.79976312
101384,59.78903276,-4.886834
56225,174.35284687,-0.96381707
325323,359.61657495,0.48912396
277696,197.04003796,8.29712821
354856,118.5459422,16.71297074
308066,236.48941361,29.68867021
113074,167.50247652,1.88988856
312595,203.29583901,13.16367518
121053,143.25648274,3.68030701
157271,339.97982606,14.23041966
418705,204.0621739,23.30606777
135870,169.95415625,4.60526953
62727,19.1433241,15.18046548
255229,247.40543402,28.26829371
211899,252.82279305,28.80229468
372917,199.00121985,30.73643786
305710,242.56405898,27.304798
112960,172.91063815,1.48758014
89467,135.59405503,1.28239844
388682,201.5364159,26.3563769
431517,161.15662523,19.57794853
386631,230.18845582,22.20984627
394477,219.36080119,24.14940035
467801,155.87803581,16.97622958
455409,233.00955851,12.33700109
62682,15.34900022,15.21086023
222742,172.67276455,10.87293216
413832,187.61025265,28.38088813
153178,219.18575977,-1.45083675
90444,223.69960483,1.55514256
407879,179.71887444,30.25002297
441689,219.48103045,21.95481332
194487,162.2969871,5.89474134
159595,21.48287262,-0.54413874
110938,28.15320363,13.78080298
385414,247.86509122,13.84817932
397737,336.2591265,12.65833172
160407,331.93519817,-8.82236912
374982,167.97586743,30.28433633
256019,169.81805034,11.69853237
194965,152.08178751,5.79140821
333586,354.978807,0.02865354
446771,218.20215275,17.64286781
129241,203.93715351,5.51910095
100676,353.9291305,-8.79122981
136119,192.34382384,4.61775136
473277,148.03271456,14.87412448
363126,127.48686454,20.56993922
313785,214.21695838,13.78382768
296877,217.80846682,5.26363112
416676,159.52072095,25.86988129
417905,201.29658584,27.23697837
199635,188.66634576,9.69199583
237851,134.4965875,30.9930159
384623,209.0469615,28.99225493
383562,200.84581733,29.45397613
454563,217.735474,14.34315332
312824,208.74561065,13.08156593
326542,336.08524185,-0.35017879
451222,201.0078064,18.97426377
355748,136.2003435,27.48251554
149309,224.65324446,-2.53250019
267177,205.36870436,10.80585829
390270,225.65758926,22.37448746
151770,260.52730006,28.66336529
254987,253.73217722,22.51042947
461328,162.45905732,15.38307321
152590,215.69548612,-2.56254307
86103,218.37181185,2.0169945
159012,7.82108883,15.04914344
316720,217.69689407,13.36178523
441286,179.96225093,25.82383581
292688,188.18610624,11.0835746
443485,193.48761717,20.88008735
52510,199.83596107,-0.76239718
201253,185.19584511,10.59181567
380336,162.39840392,30.76802982
91861,170.4848503,3.0205393
225917,155.92158806,10.62312675
450912,219.08462226,15.9631661
313849,219.6247705,12.88304757
447265,159.35170828,17.17782049
406187,151.43188336,25.23690553
127478,214.05117419,3.89488546
152817,234.30057184,-1.94172996
52180,169.60511488,-0.73210661
55441,179.87073491,0.93883928
218237,119.56115571,24.06126159
467803,156.54508868,17.07001187
376859,210.4798208,30.0082955
437647,141.71658093,17.71361152
309159,252.43303563,24.80394008
438480,178.86141939,23.71376793
233557,131.6150814,8.65563304
58260,181.03551993,-0.11323285
364807,228.04157081,27.05187507
324891,56.76945109,-0.77096087
384490,224.91804726,24.64403821
409911,137.53046864,18.69698459
392821,212.70666508,24.48313335
439657,183.68450469,24.61276744
402604,172.31319053,28.65423853
394796,224.84302015,18.7339616
396541,249.79005598,11.65762969
60247,180.08499106,0.79788087
51420,245.87549371,-0.43838498
344230,195.18759231,15.07215409
455329,225.28392475,13.90206206
349678,119.98448425,19.98489383
184335,119.01361471,25.51601286
311352,247.93115814,28.25624184
431376,149.12236381,17.29951366
283587,225.99915149,9.96062302
283264,233.8005858,8.32603149
306193,252.73673925,21.395539
340051,127.68620609,24.99018403
255566,175.63414663,11.21686486
63519,52.83082325,-6.78538366
120504,157.6989095,3.8558271
127583,223.773849,3.29865835
411616,179.88718341,26.71201751
315700,237.30544653,8.83507962
457823,232.98781996,12.00424248
444939,221.78144038,15.76970941
128077,218.00836454,4.13168135
315309,238.38647801,8.03467543
148815,206.54498127,-3.23622106
375031,175.34220828,31.05879391
191513,135.02553495,5.269705
217813,47.25491476,-0.73844859
315754,243.1443961,7.54277094
423847,153.32783249,21.52861729
469451,154.67065791,14.02115501
167523,47.4763186,0.77242459
65065,187.97546127,-2.09720986
164232,322.52309704,-0.9558494
313338,201.28027218,14.52179573
201801,173.42179093,10.78819564
287648,234.52711168,28.59395324
453391,246.12478078,9.57068101
68071,140.3547222,0.46227656
308853,245.57908735,29.924968
340067,129.39697527,25.86120948
426360,223.80952923,16.80892212
120689,174.37141604,4.40864272
323035,221.78672318,32.24816417
269044,227.33293579,9.19136598
315403,213.72846137,12.74411392
385714,214.12601356,26.45786105
451289,206.2950989,18.43440611
84320,184.58611402,1.56809702
385720,215.10114296,26.28455226
106152,12.18323533,-9.69329064
399475,124.52173483,17.92507207
107597,353.82328407,-9.17009512
100468,42.44938681,-7.36781532
295802,215.80366212,9.08336595
53173,200.09445044,-0.40211628
365585,228.24870674,27.72471001
397713,336.76202327,12.38916166
419580,201.47356465,24.86152071
233233,170.63572718,13.77169038
136144,194.88291698,4.53894325
56271,177.73194836,-0.91647584
160835,329.3097719,-7.6953284
198018,174.24152723,8.73329232
438852,166.68943187,23.15053084
64789,186.45664855,-2.59227318
308855,245.70100329,29.92001338
472698,133.81869984,11.53958829
454265,217.33337314,15.27658679
99296,51.12540037,-7.19896726
307445,242.13420337,31.77517604
59446,214.07266195,0.30295705
149287,222.46907975,-2.47981429
58495,216.79578007,-0.03089186
292963,222.71073953,9.05468261
434146,184.17685786,22.09867967
311672,251.08305826,26.13871561
105302,3.59361431,-10.92880674
414074,128.86888256,15.1891358
111075,14.45031148,15.05232294
64345,173.69976815,-2.98094432
450902,218.7540379,16.11394707
88296,173.02631493,1.30249079
365822,224.39064461,29.63727207
91592,147.4373376,2.57300607
221553,175.18624034,8.96964372
96143,342.84204612,-8.95643964
255494,171.08001784,11.05991066
333179,14.19159363,-0.37080886
332808,38.4337865,-0.66761292
468144,143.15379055,14.82647531
382852,244.46302926,15.83039382
235566,159.70255437,14.57824708
85442,226.83296653,1.32239356
325267,350.43616765,0.44198017
268355,169.76067567,11.89590143
403422,180.9394684,29.54637514
138003,258.74416213,29.56426293
411389,161.52435991,24.824974
387434,233.81443923,21.36921301
469488,122.51452388,7.52800039
200436,183.70615827,10.15686544
376238,205.74054923,30.52702843
297401,226.00656693,5.23029985
342305,169.81447851,15.73040537
456295,233.05337398,17.83473057
429759,147.08345053,18.76417967
323245,237.32655464,25.65439796
90244,204.67681591,1.95624899
307770,239.0269002,27.22909888
153737,214.93026042,5.30132136
455137,238.32580966,10.54366704
120780,180.15628338,4.53039963
294446,199.75550708,9.40377968
439846,206.95635995,23.04322588
450717,203.36663276,18.3699401
59574,227.28874953,0.30709995
232123,139.67537842,9.5364176
372195,211.09345056,30.01157559
313517,217.61798411,12.84542069
180388,119.0236204,28.37642566
103842,336.52565708,13.15841199
458151,221.68735335,14.70648964
421373,150.67779104,20.6572062
469813,153.54268429,14.28023755
378849,245.68257391,30.22158943
423026,145.39350995,20.00957024
466760,29.76879097,-10.1288572
190036,136.88932814,4.28326591
217865,53.05307894,-0.71199551
407874,179.63029356,30.20348869
297341,222.03198789,5.5643871
163004,35.53989034,-0.04897252
338890,135.7855834,27.44416334
384628,209.61519726,28.84107584
366766,224.52354609,27.13917479
437620,139.75343009,17.13948641
444059,200.84990574,18.36582659
101331,56.08868885,-5.41814019
104700,348.36199646,15.21010352
291700,209.82660263,9.44801269
282649,212.76585139,10.86431008
276899,175.95324599,7.93677012
375787,213.48146153,28.53569671
96260,317.01169211,-5.99058406
226263,149.59212824,10.44639879
358671,132.69296137,24.56191305
91835,168.12160951,2.83066372
228268,131.27566664,31.76168687
192306,162.45987942,7.95264799
117621,160.66163731,3.37736372
308379,236.72104124,29.9939034
235150,156.71723062,13.86754162
175636,122.18677602,31.03617134
163159,24.06913131,0.24245281
121072,144.6843129,3.777695
135092,185.32599676,3.85051692
402294,135.3839814,19.72444713
270969,219.02858148,11.11458366
386875,186.52982922,30.55630245
257732,195.50431924,12.43979591
266871,179.75785251,11.49386709
192111,147.4652761,6.872524
328849,319.1208018,-0.43565843
234360,133.34763043,9.46230034
456734,206.50974006,15.50522874
340306,126.98079636,25.16007664
394234,241.21962606,16.61770626
386559,224.56564038,24.1891567
467650,155.4982068,16.31419979
307270,254.97252288,21.27032829
80487,200.81413165,1.15180316
150190,222.97978222,-1.67532611
391239,233.22235667,21.93739178
381643,234.00373407,23.33861527
365581,228.17638367,27.79956034
426109,199.99640843,20.76452853
221691,165.16279837,8.78742401
321591,229.75573112,27.22925462
231268,124.20077233,6.51994612
195806,165.36920959,7.03954112
92551,168.66317355,3.32055764
194498,163.46421331,5.93416068
412366,195.94469423,26.78654738
153901,231.44166783,4.06438739
401481,140.52876019,25.26809325
470732,129.38834563,10.6263671
51987,208.61256846,-1.08701628
381667,236.62410073,22.07054878
457679,221.10796273,14.45786032
86491,186.83534662,2.72876541
382968,205.93157666,28.32673727
269754,201.99734229,12.33894307
277046,189.96280172,7.97488743
91800,165.70786005,2.9096517
232754,128.05969898,7.50079417
118528,163.14701088,4.4176206
444464,235.83380183,12.03892045
201537,149.8415825,9.13430928
398550,29.44868441,-0.49736406
342319,171.01976918,15.67801096
111318,9.98048257,15.68020662
128041,215.4243851,4.15877527
154528,225.83252676,5.396036
221602,179.25767717,8.99486286
183894,115.80924391,22.70305736
317233,230.44470615,11.74257948
418238,180.02659917,24.00583336
403499,119.48256881,13.54794659
54189,219.67157191,0.17368262
319083,242.99092571,23.28282792
102625,318.60071046,-6.05316207
339523,143.47485058,31.71831907
409670,135.57794073,17.43544774
67108,185.14712536,-2.07229557
339370,131.16141439,25.85708014
278045,187.02119494,6.96703614
126320,158.0595669,0.48608758
367909,148.7871756,29.19070761
472131,158.26320685,15.13891002
317548,248.71427607,22.69542098
395600,215.63260931,21.81954574
453695,229.62734324,14.99329386
231312,128.95374202,7.35906104
103873,340.60889537,13.61214925
389231,242.24208366,15.62897994
52427,192.88411636,-0.72265944
156472,357.33721602,14.13655174
283709,234.18414923,8.84386829
231766,149.21691191,10.89318853
465645,186.60291614,18.71477391
361263,206.83849105,32.44386604
91781,163.31453864,2.88047803
428345,209.07057197,20.54485403
285492,237.60843634,26.11759393
472895,152.69490183,15.2913389
373413,184.7407314,32.47058003
316043,231.02644312,10.33053202
269389,171.1992709,12.41323015
431143,124.97668368,10.55370504
137019,183.95472844,5.54191941
391740,232.88784437,23.10687964
471095,130.51310372,11.32261736
96588,344.53903148,-8.65608322
418845,191.35871485,24.78820628
276207,206.26983304,6.6875119
356010,138.46941416,28.83736432
375114,183.65657734,31.27588574
286413,226.1107963,31.98806029
236439,129.42777797,27.6076541
426959,178.16597755,21.86918947
90259,206.45256484,2.02837062
426898,174.25510564,21.53520439
395731,225.24529816,19.42708797
129627,194.09292986,5.98861066
196829,144.37631556,6.45788031
333242,19.83185818,-0.30752796
198069,178.31249897,8.77962725
156114,359.04833769,13.79929487
460812,168.03493992,17.34211769
222035,175.25317268,9.78496434
409425,157.50000724,29.11821623
435633,197.50778275,22.15861427
449704,171.60957895,19.96253097
393661,239.49975035,17.01925416
301650,256.95810805,22.37615763
100439,36.72344903,-7.96988773
389803,239.59498346,17.14206536
80316,202.12445635,-0.06642207
110347,28.5460772,12.77806866
457594,213.51045205,15.6196086
333050,3.78950501,-0.36653349
324390,222.86894996,31.58474833
431021,201.96496302,22.727529
354735,135.37559117,25.6282205
151015,260.0100697,26.88853421
96984,23.57085339,-10.56069084
173523,115.56208774,22.86558859
378008,216.14113354,29.57171889
326452,349.94872652,0.72112378
282963,240.36814248,6.88750721
422635,158.89794853,23.6471407
436661,159.48074905,21.0734642
386145,187.87037918,30.04115385
89337,214.08942419,1.37794209
195599,147.44193906,5.76714486
234656,160.88523037,13.76615307
101295,53.42974478,-5.80875009
100799,6.89037948,-9.0868117
419378,178.70366211,25.52387302
410975,146.67008308,23.1650323
404340,147.04700281,24.94193856
99092,18.84727666,-9.95125188
302186,252.83323933,27.31868286
381860,241.08311246,20.6659959
148211,204.92782049,-2.1880583
200306,175.8248116,10.07862532
221954,166.08850768,9.28392595
145971,231.33835588,1.40395815
137220,201.43915986,5.30185195
451549,178.05773898,19.91003036
453049,227.9922131,14.23556043
442155,177.38928968,19.30320972
223146,129.80997052,31.34773624
431790,185.52372569,21.27870546
164132,117.13145089,29.712388
391366,241.34443244,18.4743982
170793,118.57329829,30.8373071
152392,221.28589004,-2.84902726
67304,174.33690168,-1.41633817
54936,213.04001881,0.53177854
462630,188.6858159,16.78706607
159503,1.11779249,15.98165668
459187,242.05835486,12.92811548
62677,14.82761434,15.38366423
430309,198.59692784,22.59974712
339499,141.00283652,30.69800301
225399,151.54307898,9.79533074
430192,184.57263899,23.13983251
282335,213.23849467,10.37892477
332826,41.74235164,-0.76854697
424819,135.04159115,13.89023287
117528,153.1403921,2.99284884
439932,214.86527304,21.76154028
426383,225.15636419,16.48512029
418269,182.07625908,24.10247068
64170,182.80866629,-3.49153162
195340,183.86021228,7.06418425
341058,146.21078765,12.63504123
219622,138.50544795,6.79140561
383352,232.33648447,21.36270413
385085,210.78634178,26.80176586
430923,186.25776528,23.62932254
196909,151.22660587,7.03347008
225811,146.19062686,9.40605283
278225,187.3380216,7.41864264
400002,148.08917817,26.1315131
53140,195.23087949,-0.23544003
358991,142.94916741,29.62856278
121362,168.26089137,4.71759507
93151,156.58826539,-0.30899352
127265,195.64530238,4.44749241
165084,13.86646972,0.70909301
451757,201.30518608,19.30933805
387886,212.68052857,23.8848042
420623,164.87032716,22.51714096
266790,175.34190809,11.42469213
148655,207.88942211,-1.29914925
373964,203.42861058,31.44571536
294463,201.85640424,9.23968437
373691,176.81700746,32.48609384
161275,345.87581655,-8.53968182
410268,135.48401976,18.30727915
402954,130.3262661,18.08651784
