col1,col2,col3,col4,col5,col6,col7,col8,col9,col10,col11,col12,col13,col14,col15,col16,col17,col18,col19,col20,col21,col22,col23,col24,_RAJ2000,_DEJ2000,Group,Gal,RAJ2000,DEJ2000,zmemb,gmemb,FUV,NUV,Simbad,Separation
1237648720151511345,6381963739594231963,278,51900,87,167.51669,-1.004932,0.1098,1.05,10.126,0.078,0.669,0.035,1.305,0.146,0.171,0.042,0.102,0.03,0,1,3,2,1,167.5169583,-1.00475,97,2,11 10 04.07,-01 00 17.1,0.109852,,20.0003,19.0302,Simbad,1.1670151244919116
1237648720152035469,6381963749257908697,279,51984,201,168.64726,-0.867553,0.0692,0.56,9.833,0.075,0.408,0.06,1.432,0.195,0.322,0.089,0.218,0.069,0,1,3,2,1,168.6475417,-0.8678056,273,5,11 14 35.41,-00 52 04.1,0.069293,,19.6415,18.8591,Simbad,1.3620349273567411
1237648720152035343,6381963749257908751,279,51984,209,168.61437,-0.849992,0.069,0.91,9.562,0.087,0.124,0.088,1.046,0.222,0.221,0.058,0.15,0.041,0,1,3,0,1,168.6144167,-0.8500278,273,2,11 14 27.46,-00 51 00.1,0.06907,,19.4818,19.1495,Simbad,0.21182107657250715
1237648720152035454,6381963749257908783,279,51984,217,168.63298,-0.847092,0.0689,0.36,10.871,0.026,0.471,0.085,1.745,0.259,0.607,0.1,0.469,0.09,0,1,3,7,1,168.6330833,-0.8470556,273,3,11 14 31.94,-00 50 49.4,0.068843,,19.4781,18.7316,Simbad,0.3942537136265746
1237648720690348091,6382069219696052133,281,51614,168,171.98052,-0.472531,0.0621,0.14,9.862,0.049,0.047,0.086,1.603,0.241,0.344,0.095,0.233,0.076,0,1,3,1,1,171.9805,-0.4723056,104,4,11 27 55.32,-00 28 20.3,0.062177,,20.1101,19.7354,Simbad,0.8146278421333463
1237648720690348171,6382069219696052087,281,51614,167,171.96344,-0.470135,0.0615,0.53,10.976,0.04,0.851,0.11,2.724,0.298,1.023,0.151,0.781,0.138,0,1,3,2,1,171.9636667,-0.4697222,104,3,11 27 51.28,-00 28 11.0,0.06133,,18.8185,18.1929,Simbad,1.695417593655269
1237649919507759243,6377389699281982219,430,51877,320,27.189482,13.716748,0.0448,2.65,9.974,0.059,0.416,0.068,1.503,0.169,0.424,0.102,0.302,0.083,0,1,3,2,1,27.18925,13.7167778,38,3,01 48 45.42,+13 43 00.4,0.04482,,18.0277,17.7645,Simbad,0.8184414274487842
1237649919507759327,6377389699281982217,430,51877,310,27.181439,13.687562,0.0447,0.12,9.602,0.039,-0.614,0.067,1.238,0.22,0.174,0.051,0.11,0.037,0,1,3,1,1,27.1813333,13.6874444,38,1,01 48 43.52,+13 41 14.8,0.044701,,20.0119,19.7959,Simbad,0.5620691911104069
1237649919507759334,6377389699281982138,429,51820,111,27.184334,13.699445,0.0445,1.01,10.565,0.048,0.589,0.1,2.357,0.232,0.803,0.135,0.599,0.116,0,1,3,2,1,27.18425,13.6996111,38,2,01 48 44.22,+13 41 58.6,0.044567,,18.6938,18.0365,Simbad,0.6662378438368048
1237651190286975146,6373625034819240779,450,51908,633,139.90059,55.579445,0.0491,-99.0,-99.0,-99.0,-99.0,-99.0,-99.0,-99.0,-99.0,-99.0,-99.0,-99.0,2,1,3,2,1,139.9003333,55.5794167,78,1,09 19 36.08,+55 34 45.9,0.049199,,18.2166,17.7439,Simbad,0.5322133111088233
1237651190286975241,6373625034819240753,451,51908,139,139.93557,55.592445,0.0748,2.24,10.17,0.04,0.002,0.064,0.736,0.141,0.364,0.081,0.301,0.071,0,1,3,7,1,139.936,55.5924722,78,2,09 19 44.64,+55 35 32.9,0.0,,19.2353,19.2044,Simbad,0.8802006594540178
1237651190286975210,6373625034819240668,451,51908,137,139.97107,55.578101,0.0477,4.58,9.141,0.065,-0.137,0.021,1.155,0.09,0.153,0.007,0.092,0.007,0,1,3,2,1,139.9712083,55.5782778,78,4,09 19 53.09,+55 34 41.8,0.047727,,18.8992,19.0725,Simbad,0.6959284906656904
1237651192436293778,6373625056294077699,452,51911,521,144.10971,59.417047,0.0405,1.77,9.386,0.058,-0.346,0.036,0.877,0.121,0.198,0.031,0.136,0.022,0,1,3,0,1,144.1087917,59.4165833,242,1,09 36 26.11,+59 24 59.7,0.040496,,18.733,18.5688,Simbad,2.3697542721801415
1237651192436293688,6373625056294077679,452,51911,523,144.13303,59.405177,0.0411,5.04,9.276,0.088,0.284,0.076,1.389,0.191,0.661,0.171,0.532,0.156,0,1,3,2,1,144.13275,59.4052222,242,3,09 36 31.86,+59 24 18.8,0.041135,,18.6016,18.3337,Simbad,0.5382218105936903
1237651192436293803,6373625056294077720,453,51915,345,144.15577,59.412873,0.0409,1.42,9.501,0.059,-0.196,0.049,1.499,0.201,0.226,0.06,0.142,0.045,0,1,3,2,1,144.1559583,59.4127778,242,5,09 36 37.43,+59 24 46.0,0.040917,,19.8282,19.0339,Simbad,0.4862504316762111
1237651271884538006,6373695391752259898,441,51868,356,123.20822,47.442677,0.0396,0.13,10.385,0.039,0.314,0.066,1.101,0.164,0.526,0.106,0.43,0.096,0,1,3,2,1,123.2086667,47.4428333,73,1,08 12 50.08,+47 26 34.2,0.03947,,17.5178,17.2133,Simbad,1.2245461774344057
1237651539243237432,6375102717243690194,488,51914,439,152.65263,64.211834,0.0395,-99.0,-99.0,-99.0,-99.0,-99.0,-99.0,-99.0,-99.0,-99.0,-99.0,-99.0,2,1,3,2,1,152.6524583,64.2119444,84,2,10 10 36.59,+64 12 43.0,0.039536,,18.7855,18.2764,Simbad,0.4798655091215281
1237651754538893392,6381928476838988129,506,52022,535,161.06945,2.787761,0.022,0.28,10.019,0.022,-0.575,0.035,1.165,0.126,0.137,0.023,0.086,0.018,0,1,3,7,1,161.0696667,2.7880833,91,1,10 44 16.72,+02 47 17.1,0.022068,,18.7937,18.1974,Simbad,1.3976398366627756
1237651754538958936,6381928476838988121,506,52022,531,161.08863,2.79326,0.0219,0.43,10.268,0.031,-0.165,0.09,1.934,0.229,0.848,0.131,0.685,0.121,0,1,3,2,1,161.0893333,2.7936389,91,4,10 44 21.44,+02 47 37.1,0.021862,,18.4175,18.0141,Simbad,2.8732900504435435
1237651822715732029,6382772935055118841,4775,55708,42,230.49849,3.559763,0.0777,19.05,10.42,0.034,1.002,0.036,2.752,0.198,0.554,0.054,0.363,0.041,0,1,3,2,0,230.498125,3.5595556,275,4,15 21 59.55,+03 33 34.4,0.0839,,19.011,18.0621,Simbad,1.5091094857947627
1237651822715732167,6382772935055118897,592,52025,419,230.48592,3.56918,0.0856,0.11,10.293,0.07,0.646,0.069,1.96,0.227,0.347,0.096,0.223,0.072,0,1,3,2,1,230.4860417,3.569,275,1,15 21 56.65,+03 34 08.4,0.085591,,19.7602,18.8499,Simbad,0.7817347820121298
1237651822715732211,6382772935055118872,592,52025,413,230.50848,3.56517,0.0853,8.68,10.181,0.055,0.405,0.067,2.684,0.464,0.697,0.091,0.492,0.077,0,1,3,2,1,230.508875,3.5654722,275,6,15 22 02.13,+03 33 55.7,0.085411,,19.7754,19.5434,Simbad,1.788248924864433
1237652901825937430,6380310082695988426,655,52162,322,9.413301,-9.046804,0.0772,1.84,10.415,0.038,0.292,0.081,0.97,0.226,0.487,0.121,0.404,0.104,0,1,3,2,1,9.4132917,-9.0465556,14,1,00 37 39.19,-09 02 47.6,0.077266,,18.8397,18.909,Simbad,0.8948510347891258
1237652901825937433,6380310082695988332,655,52162,371,9.432746,-9.065414,0.0764,2.56,9.709,0.047,0.003,0.046,0.942,0.226,0.159,0.057,0.104,0.043,0,1,3,1,1,9.4325417,-9.0648611,14,3,00 37 43.81,-09 03 53.5,0.076528,,19.6591,18.8842,Simbad,2.118809572595542
1237653651846529108,6377389699281982312,429,51820,120,27.192348,13.726519,0.0634,0.4,10.221,0.068,0.526,0.075,1.871,0.179,0.439,0.096,0.298,0.076,0,1,3,2,1,27.1923333,13.7265278,38,4,01 48 46.16,+13 43 35.5,0.063404,,19.1426,18.6771,Simbad,0.06038595586907212
1237654031403712563,6379113734588072737,513,51989,603,174.72888,3.580873,0.0186,1.59,10.347,0.036,-0.036,0.171,2.724,0.453,0.893,0.167,0.672,0.127,0,1,3,2,1,174.7290417,3.5808056,109,2,11 38 54.97,+03 34 50.9,0.018661,,18.3366,17.8415,Simbad,0.6296157627649802
1237654031403712710,6379113734588072863,513,51989,601,174.73078,3.600693,0.0186,0.22,8.784,0.069,-0.802,0.116,2.261,0.327,0.544,0.144,0.377,0.108,0,1,3,0,1,174.7302917,3.6006389,109,3,11 38 55.27,+03 36 02.3,0.018683,,19.5952,19.3148,Simbad,1.76518715811886
1237654601032990976,6381963665506042101,4771,55925,609,164.85957,4.430551,0.062,0.16,10.675,0.031,0.409,0.073,1.324,0.228,0.401,0.1,0.302,0.089,0,1,3,2,0,164.8595417,4.4300833,95,1,10 59 26.29,+04 25 48.3,0.0,,18.581,18.1134,Simbad,1.6867811469630374
1237654601032990987,6381963665503945008,580,52368,188,164.8642,4.444928,0.0622,0.84,9.871,0.053,-0.051,0.07,1.39,0.309,0.475,0.103,0.362,0.093,0,1,3,2,1,164.864,4.4453889,95,2,10 59 27.36,+04 26 43.4,0.062221,,19.2227,18.9417,Simbad,1.8078615401340816
1237654610141970507,6374328702933665724,599,52317,588,184.93323,65.101459,0.0819,0.11,10.01,0.061,0.354,0.048,1.609,0.186,0.264,0.064,0.166,0.048,0,1,3,2,1,184.9332083,65.1018333,118,3,12 19 43.97,+65 06 06.6,0.081962,,19.7028,19.4536,Simbad,1.3478813209008251
1237654610141970511,6374328702933665782,600,52317,359,184.96803,65.102445,0.0646,1.26,9.784,0.069,0.119,0.065,1.024,0.183,0.281,0.092,0.201,0.076,0,1,3,2,1,184.9687917,65.1022222,118,4,12 19 52.51,+65 06 08.0,0.064587,,19.3906,18.8135,Simbad,1.405716762222457
1237654610141970503,6374328702933665546,600,52317,358,184.90545,65.091189,0.0968,0.18,10.327,0.041,0.179,0.082,1.25,0.243,0.263,0.095,0.182,0.077,0,1,3,1,1,184.9050833,65.0914167,118,1,12 19 37.22,+65 05 29.1,0.09687,,20.1049,19.5411,Simbad,0.9904929977520486
1237654641284087937,6374469427537119163,607,52368,609,220.77212,61.310711,0.0479,6.0,10.711,0.032,0.814,0.06,1.524,0.148,0.402,0.089,0.283,0.074,0,1,3,7,1,220.7724167,61.3106111,161,3,14 43 05.38,+61 18 38.2,0.047961,,17.5132,17.1291,Simbad,0.6263112502505279
1237654641284087938,6374469427537119247,609,52339,287,220.78418,61.32068,0.0496,1.82,10.436,0.055,0.767,0.114,3.354,0.287,1.253,0.149,0.947,0.129,0,1,3,7,1,220.7840833,61.32075,161,4,14 43 08.18,+61 19 14.7,0.049216,,19.4616,18.6633,Simbad,0.3023486602947594
1237654641284088038,6374469427537119210,609,52339,290,220.75464,61.304956,0.0494,0.8,9.894,0.055,0.108,0.075,2.009,0.252,0.848,0.126,0.669,0.118,0,1,3,2,1,220.7552917,61.3047778,161,1,14 43 01.27,+61 18 17.2,0.049414,,19.9069,19.6595,Simbad,1.2963491793601025
1237654950519898304,6371725048661674746,611,52055,606,227.30613,61.936661,0.1074,0.34,10.733,0.036,0.462,0.094,1.493,0.277,0.559,0.114,0.438,0.099,0,1,3,2,1,227.3061667,61.9366389,166,4,15 09 13.48,+61 56 11.9,0.107445,,19.8586,19.6141,Simbad,0.10096089879767739
1237654950519898293,6371725048661674752,611,52055,603,227.27303,61.933632,0.1079,0.22,10.292,0.053,0.481,0.067,0.997,0.168,0.394,0.111,0.308,0.099,0,1,3,2,1,227.2729583,61.9335833,166,3,15 09 05.51,+61 56 00.9,0.107855,,19.5449,19.2855,Simbad,0.21327388394917227
1237655108917657810,6374434221690194207,958,52410,475,197.98216,59.829971,0.0769,0.17,10.238,0.036,0.192,0.066,0.947,0.147,0.185,0.061,0.125,0.049,0,1,3,2,1,197.98225,59.8301111,131,1,13 11 55.74,+59 49 48.4,0.07696,,19.4814,19.2098,Simbad,0.5299935336736791
1237655108917657987,6374434221690194228,958,52410,469,198.02894,59.83216,0.0768,0.96,9.884,0.057,0.084,0.087,1.001,0.185,0.227,0.082,0.156,0.065,0,1,3,1,1,198.0282083,59.8323056,131,3,13 12 06.77,+59 49 56.3,0.076839,,19.5906,19.4031,Simbad,1.4237328638103035
1237655126087893170,6378797082755466674,4838,55686,440,195.73524,5.517238,0.0693,0.44,10.842,0.063,0.732,0.135,2.943,0.411,1.385,0.165,1.119,0.153,0,1,3,2,0,195.7352917,5.5175278,126,4,13 02 56.47,+05 31 03.1,0.069331,,19.7426,19.3619,Simbad,1.0596006705983223
1237655126087893164,6378797082755466728,849,52439,507,195.732,5.540651,0.0706,0.61,11.041,0.039,0.544,0.121,1.929,0.353,0.742,0.135,0.586,0.117,0,1,3,7,1,195.7322083,5.5409167,126,2,13 02 55.73,+05 32 27.3,0.070755,,18.952,18.4697,Simbad,1.2132634377952065
1237655126087893069,6378797082755466632,849,52439,517,195.734,5.512052,0.0692,0.7,9.755,0.059,0.627,0.048,1.878,0.19,0.422,0.081,0.274,0.063,0,1,3,2,1,195.7341667,5.5120833,126,3,13 02 56.20,+05 30 43.5,0.069217,,19.3182,18.721,Simbad,0.6078798217030148
1237655129296994633,6374997202782127547,616,52442,57,235.78501,53.246212,0.0418,1.86,9.377,0.043,-0.557,0.052,1.305,0.192,0.263,0.069,0.177,0.054,0,1,3,1,1,235.7849583,53.2465833,173,1,15 43 08.39,+53 14 47.7,0.041825,,19.6833,19.5677,Simbad,1.3413115220508365
1237655374647722456,6371267637865877623,817,52381,73,249.91502,39.538503,0.0297,2.45,8.634,0.082,-0.674,0.105,1.859,0.308,0.363,0.149,0.243,0.114,0,1,3,0,1,249.9155,39.53875,182,2,16 39 39.72,+39 32 19.5,0.029789,,19.8951,19.3225,Simbad,1.602051385141653
1237655470210613534,6382772935055114288,2953,54560,444,230.96017,2.672558,0.1128,0.23,10.609,0.056,0.7,0.077,1.971,0.277,0.642,0.15,0.477,0.133,0,1,3,2,1,230.9597917,2.67275,171,3,15 23 50.35,+02 40 21.9,0.112833,,19.9275,20.1796,Simbad,1.5259232645692773
1237655470210613353,6382772935055114243,592,52025,269,230.9617,2.665963,0.1129,0.21,10.341,0.073,0.911,0.08,2.387,0.299,0.467,0.117,0.303,0.088,0,1,3,2,1,230.9615417,2.66575,171,4,15 23 50.77,+02 39 56.7,0.112916,,20.094,19.1757,Simbad,0.9550093702351682
1237655470210613460,6382772935055114267,592,52025,273,230.92198,2.666712,0.0525,0.95,10.968,0.04,0.561,0.069,2.43,0.231,1.254,0.182,1.045,0.171,0,1,3,2,1,230.922375,2.6668611,171,1,15 23 41.37,+02 40 00.7,0.052511,,18.5942,18.0459,Simbad,1.5184919795467517
1237655470210613310,6382772935055114271,592,52025,270,230.94154,2.670274,0.0209,4.4,9.35,0.04,-0.373,0.043,1.416,0.124,0.207,0.049,0.129,0.035,0,1,3,2,1,230.94175,2.6702778,171,2,15 23 46.02,+02 40 13.0,0.020865,,18.2604,17.8774,Simbad,0.7553030148750668
1237655473431970035,6371267637865877501,817,52381,71,249.90507,39.514011,0.0311,0.04,9.337,0.034,-0.764,0.058,1.303,0.217,0.195,0.058,0.125,0.042,0,1,3,2,1,249.9052917,39.5142222,182,1,16 39 37.27,+39 30 51.2,0.031138,,20.1861,19.5836,Simbad,0.9783672321244026
1237655497593651322,6379219314547885260,915,52443,211,210.4362,-3.15592,0.0679,6.57,10.72,0.044,0.487,0.089,3.56,0.393,1.177,0.15,0.886,0.151,0,1,3,7,1,210.43675,-3.1563056,149,1,14 01 44.82,-03 09 22.7,0.067956,,19.6281,19.1717,Simbad,2.415678891723123
1237655497593651337,6379219314547885118,915,52443,201,210.46696,-3.205281,0.0677,0.21,10.078,0.041,-0.009,0.085,1.425,0.385,0.402,0.1,0.298,0.093,0,1,3,2,1,210.46725,-3.2050278,149,4,14 01 52.14,-03 12 18.1,0.067788,,19.7983,19.9434,Simbad,1.3847012267127898
1237655742411702782,6382772900695380033,593,52026,432,232.79857,3.826116,0.0393,9.43,9.213,0.055,-0.339,0.036,0.889,0.146,0.205,0.039,0.142,0.027,0,1,3,0,1,232.7985,3.8262778,172,4,15 31 11.64,+03 49 34.6,0.039322,,18.7681,18.5565,Simbad,0.634432165793857
1237657589241348221,6373765720767992956,1007,52706,6,154.61645,49.845351,0.1408,0.19,10.957,0.069,1.221,0.072,2.317,0.243,0.676,0.144,0.483,0.119,0,1,3,2,1,154.617125,49.8454167,86,3,10 18 28.11,+49 50 43.5,0.140841,,20.0075,19.1592,Simbad,1.5847410472573191
1237657589241348238,6373765720767992980,1007,52706,63,154.64772,49.859919,0.149,0.3,10.333,0.083,0.817,0.073,1.174,0.195,0.477,0.118,0.372,0.105,0,1,3,2,1,154.6474167,49.8599722,86,4,10 18 35.38,+49 51 35.9,0.148973,,19.6021,19.4955,Simbad,0.7294794126725246
1237657608039891029,6373730595451702390,898,52606,261,135.25795,45.474981,0.0514,1.45,9.417,0.062,-0.26,0.078,1.711,0.284,0.434,0.109,0.305,0.088,0,1,3,2,1,135.257625,45.4751389,240,2,09 01 01.83,+45 28 30.5,0.051382,,20.1741,19.7159,Simbad,0.9981104702088014
1237657608039825581,6373730595451702171,898,52606,271,135.25033,45.43807,0.0514,0.2,10.577,0.031,0.243,0.089,1.4,0.197,0.301,0.086,0.208,0.069,0,1,3,2,1,135.2503333,45.4381667,240,1,09 01 00.08,+45 26 17.4,0.051464,,18.5979,18.1778,Simbad,0.34821979038521306
1237657608039891055,6373730595451702464,897,52605,603,135.25886,45.488686,0.0525,2.91,9.911,0.046,0.197,0.055,2.152,0.177,0.32,0.06,0.195,0.045,0,1,3,2,1,135.2587917,45.4889444,240,3,09 01 02.11,+45 29 20.2,0.052465,,19.8904,19.3925,Simbad,0.946075676205256
1237657612876447792,6374399052350493966,1312,52781,454,178.36012,58.112393,0.0644,-99.0,-99.0,-99.0,-99.0,-99.0,-99.0,-99.0,-99.0,-99.0,-99.0,-99.0,1,1,3,2,1,178.3600417,58.11225,110,3,11 53 26.41,+58 06 44.1,0.06456,,19.7324,19.2437,Simbad,0.5359026580059947
1237657612876447804,6374399052350494161,1313,52790,324,178.35054,58.131705,0.066,-99.0,-99.0,-99.0,-99.0,-99.0,-99.0,-99.0,-99.0,-99.0,-99.0,-99.0,2,1,3,2,1,178.3504583,58.1318333,110,2,11 53 24.11,+58 07 54.6,0.065955,,20.0499,19.4929,Simbad,0.48728514869897543
1237657612876447805,6374399052350494143,1312,52781,456,178.34212,58.1327,0.0659,1.27,10.131,0.041,0.062,0.059,1.237,0.182,0.258,0.076,0.176,0.059,0,1,3,2,1,178.3423333,58.1328333,110,1,11 53 22.16,+58 07 58.2,0.065903,,19.3932,18.8232,Simbad,0.6282017966317665
1237657612876447806,6374399052350494046,1313,52790,335,178.39562,58.121481,0.0637,2.79,9.81,0.067,0.411,0.075,1.232,0.188,0.421,0.1,0.314,0.082,0,1,3,2,1,178.3957917,58.1212222,110,4,11 53 34.99,+58 07 16.4,0.06371,,18.6576,18.3315,Simbad,0.9872145025962732
1237657628976218245,6373906505500986169,1198,52669,151,134.34857,39.267473,0.0285,14.11,9.622,0.034,-0.254,0.047,1.122,0.17,0.433,0.07,0.336,0.058,0,1,3,2,1,134.3484583,39.2672222,76,4,08 57 23.63,+39 16 02.0,0.028614,,18.0901,17.6354,Simbad,0.9550463390837299
1237657628976218225,6373906505500986208,1198,52669,150,134.31978,39.262726,0.0954,2.03,10.646,0.026,0.11,0.076,0.68,0.216,0.246,0.088,0.197,0.077,0,1,3,6,1,134.3206667,39.2626389,76,3,08 57 16.96,+39 15 45.5,0.095578,,19.823,19.0635,Simbad,2.491318400593106
1237657630067523674,6374539757626590871,885,52379,514,190.36942,52.81284,0.0542,3.23,9.525,0.041,-0.191,0.049,0.915,0.168,0.266,0.074,0.195,0.061,0,1,3,2,1,190.3700417,52.8128611,123,3,12 41 28.81,+52 48 46.3,0.054238,,19.2657,18.9509,Simbad,1.354896459370485
1237657630067523689,6374539757626590851,885,52379,516,190.39458,52.81082,0.0546,3.49,9.7,0.073,0.133,0.047,1.253,0.121,0.189,0.056,0.117,0.041,0,1,3,2,1,190.395125,52.8106944,123,4,12 41 34.83,+52 48 38.5,0.054624,,18.9729,18.6189,Simbad,1.269203964330771
1237657771784274006,6373625002606987312,903,52400,524,151.6794,53.426998,0.0439,3.14,9.402,0.067,-0.175,0.039,0.801,0.118,0.22,0.061,0.159,0.054,0,1,3,2,1,151.6805833,53.4269444,82,1,10 06 43.34,+53 25 37.0,0.043871,,18.8479,18.7368,Simbad,2.5455602329670994
1237657771784274017,6373625002606987389,903,52400,535,151.71167,53.437239,0.0475,0.33,9.845,0.039,-0.203,0.047,1.035,0.173,0.192,0.06,0.128,0.047,0,1,3,2,1,151.71175,53.4374444,82,2,10 06 50.82,+53 26 14.8,0.047626,,19.2345,18.9473,Simbad,0.7590817128190598
1237657857149567051,6374539757626590756,885,52379,519,190.32275,52.796638,0.033,0.3,9.449,0.049,-0.637,0.086,1.935,0.243,0.399,0.115,0.27,0.09,0,1,3,1,1,190.3231667,52.7966111,123,1,12 41 17.56,+52 47 47.8,0.033051,,20.3207,19.851,Simbad,0.9121965140318775
1237658203974730016,6374539801650004601,971,52644,314,185.28347,49.476465,0.0453,2.25,9.605,0.044,-0.324,0.054,0.914,0.166,0.346,0.082,0.269,0.071,0,1,3,2,1,185.2835,49.4761111,274,2,12 21 08.04,+49 28 34.0,0.045246,,19.0698,18.9493,Simbad,1.2759711453891953
1237658203974730050,6374539801650004420,971,52644,264,185.33672,49.443275,0.0551,0.85,9.714,0.044,-0.268,0.066,0.978,0.204,0.261,0.09,0.188,0.073,0,1,3,1,1,185.3368333,49.44375,274,5,12 21 20.84,+49 26 37.5,0.05513,,19.4002,19.2435,Simbad,1.7304428267628924
1237658203974729873,6374539801650004610,970,52413,66,185.30597,49.474862,0.0454,0.32,10.494,0.024,0.029,0.101,1.375,0.23,0.282,0.083,0.197,0.072,0,1,3,2,1,185.3062083,49.475,274,4,12 21 13.49,+49 28 30.0,0.045464,,19.2104,18.7238,Simbad,0.7466878517709189
1237658203974729881,6374539801650004572,971,52644,261,185.33718,49.464555,0.0405,1.06,9.641,0.041,-0.41,0.075,1.493,0.245,0.294,0.091,0.197,0.068,0,1,3,1,1,185.3379167,49.4646111,274,6,12 21 21.10,+49 27 52.6,0.040539,,19.6009,19.1365,Simbad,1.7354518478478131
1237658206120312954,6374504577549471347,968,52412,402,178.46243,51.031177,0.0785,0.3,11.226,0.022,0.519,0.105,1.813,0.243,0.516,0.103,0.388,0.092,0,1,3,2,1,178.4619583,51.0316111,111,2,11 53 50.87,+51 01 53.8,0.078598,,19.2952,18.6614,Simbad,1.8928050616718515
1237658206120312987,6374504577549471457,968,52412,410,178.48948,51.047887,0.1263,0.25,10.884,0.031,1.279,0.043,2.515,0.137,0.596,0.077,0.392,0.066,0,1,3,2,1,178.4895833,51.048,111,4,11 53 57.50,+51 02 52.8,0.126289,,19.8802,19.2041,Simbad,0.46919493708472393
1237658206120312945,6374504577549471241,968,52412,408,178.45158,51.011838,0.0651,2.04,10.658,0.023,0.078,0.052,0.927,0.165,0.188,0.052,0.132,0.041,0,1,3,7,1,178.4515,51.0118889,111,1,11 53 48.36,+51 00 42.8,0.065244,,19.075,18.4935,Simbad,0.2577005741458559
1237658802572099818,6374399088857713045,1014,52707,497,173.83038,54.950283,0.0605,0.69,9.798,0.071,0.125,0.072,1.264,0.186,0.443,0.111,0.335,0.096,0,1,3,2,1,173.830875,54.9497778,106,1,11 35 19.41,+54 56 59.2,0.060588,,18.8622,18.6836,Simbad,2.086878323862355
1237658802572099830,6374399088857713122,1014,52707,487,173.85967,54.959721,0.0542,0.75,10.323,0.051,0.29,0.088,2.115,0.218,0.614,0.116,0.444,0.096,0,1,3,2,1,173.859625,54.9597222,106,3,11 35 26.31,+54 57 35.0,0.054225,,19.1092,18.759,Simbad,0.09311291623100736
1237658802572099831,6374399088857713180,1015,52734,433,173.85342,54.963453,0.0555,0.18,10.198,0.043,0.084,0.099,1.731,0.253,0.639,0.137,0.492,0.118,0,1,3,2,1,173.8534167,54.9634167,106,2,11 35 24.82,+54 57 48.3,0.055501,,19.5485,19.0667,Simbad,0.13085785742453318
1237659119864250494,6374961990492752451,1050,52721,487,228.58812,46.112348,0.0369,0.48,9.502,0.042,-0.512,0.045,0.683,0.121,0.216,0.072,0.163,0.063,0,1,3,2,1,228.5878333,46.1121389,169,3,15 14 21.08,+46 06 43.7,0.036936,,19.0531,18.7939,Simbad,1.0385611560659314
1237659119864250502,6374961990492752412,1050,52721,493,228.59702,46.097748,0.0635,0.51,9.863,0.058,0.106,0.074,1.43,0.193,0.267,0.069,0.175,0.054,0,1,3,2,1,228.5970833,46.0976944,169,4,15 14 23.30,+46 05 51.7,0.063526,,19.7775,19.334,Simbad,0.24940638871575524
1237659119864250399,6374961990492752515,1050,52721,488,228.5661,46.122212,0.0369,2.42,8.907,0.069,-0.513,0.048,0.807,0.183,0.13,0.052,0.083,0.037,0,1,3,1,1,228.5660833,46.122,169,2,15 14 15.86,+46 07 19.2,0.036942,,19.3752,19.0258,Simbad,0.7643367575833308
1237659326027989189,6371267612096074187,1171,52753,453,244.41974,41.899166,0.0605,1.53,11.026,0.017,-0.181,0.099,1.137,0.271,0.28,0.045,0.213,0.041,0,1,3,7,1,244.4199583,41.8989444,180,1,16 17 40.79,+41 53 56.2,0.060512,,19.8474,19.5405,Simbad,0.9892347692624102
1237659326027989210,6371267612096074175,1171,52753,446,244.44715,41.893547,0.0251,0.7,8.894,0.074,-0.765,0.032,0.853,0.068,0.196,0.018,0.135,0.013,0,1,3,0,1,244.44725,41.8935278,180,2,16 17 47.34,+41 53 36.7,0.02509,,18.7619,18.6417,Simbad,0.2767498238670116
1237659326027989222,6371267612096073951,1171,52753,442,244.45251,41.869263,0.0813,0.79,9.95,0.07,0.426,0.057,1.356,0.187,0.356,0.109,0.248,0.095,0,1,3,2,1,244.453625,41.86925,180,3,16 17 48.87,+41 52 09.3,0.081281,,19.3915,18.9987,Simbad,2.989470851021596
1237659326557061185,6374469468339306774,1164,52674,456,224.70557,53.871128,0.0768,1.72,10.543,0.034,-0.2,0.157,1.768,0.572,0.406,0.088,0.295,0.073,0,1,3,1,1,224.7054583,53.8714444,163,4,14 58 49.31,+53 52 17.2,0.076859,,20.2628,20.0322,Simbad,1.1634534787545912
1237660635997470852,6374117570931327099,1434,53053,503,162.98858,45.607641,0.1312,0.39,10.853,0.034,0.344,0.086,1.056,0.294,0.349,0.08,0.272,0.072,0,1,3,7,1,162.988625,45.6075556,94,1,10 51 57.27,+45 36 27.2,0.131261,,19.8974,19.8669,Simbad,0.3276630397049439
1237660635997470854,6374117570931327058,1434,53053,506,162.99912,45.593134,0.1307,0.43,11.112,0.034,0.503,0.095,1.357,0.298,0.475,0.097,0.376,0.09,0,1,3,7,1,162.9989167,45.5936667,94,2,10 51 59.74,+45 35 37.2,0.130707,,19.8936,19.4203,Simbad,1.9849249268282008
1237660635999895737,6374504624794109357,1441,53083,553,170.69118,46.890702,0.0536,0.08,9.681,0.063,-0.214,0.082,1.42,0.242,0.326,0.102,0.225,0.082,0,1,3,1,1,170.691375,46.8910833,103,4,11 22 45.93,+46 53 27.9,0.053545,,19.4707,19.2903,Simbad,1.4540978378833707
1237660635999895622,6374504624794109272,1441,53083,557,170.6733,46.875111,0.0539,3.3,9.334,0.068,-0.301,0.11,1.436,0.426,0.322,0.14,0.222,0.102,0,1,3,0,1,170.6732083,46.8752778,103,1,11 22 41.57,+46 52 31.0,0.053893,,20.1214,19.2872,Simbad,0.6414839653812168
1237660635999895626,6374504624794109191,1441,53083,554,170.68003,46.854958,0.0531,0.56,9.87,0.053,-0.006,0.056,0.935,0.17,0.256,0.082,0.185,0.068,0,1,3,2,1,170.6800833,46.8552778,103,3,11 22 43.22,+46 51 19.0,0.053068,,18.7206,18.4972,Simbad,1.1587335114638229
1237661124543316198,6378445277689284199,1591,52976,75,137.18217,30.891367,0.0633,0.75,10.751,0.028,0.51,0.049,0.799,0.131,0.236,0.07,0.177,0.061,0,1,3,7,1,137.1824583,30.8914167,77,4,09 08 43.79,+30 53 29.1,0.063449,,17.7566,17.3719,Simbad,0.9084421095359866
1237661124543316180,6378445277689284304,1936,53330,321,137.16242,30.878246,0.0638,0.28,9.801,0.057,0.176,0.073,1.271,0.191,0.245,0.071,0.162,0.055,0,1,3,2,1,137.1627083,30.8783889,77,2,09 08 39.05,+30 52 42.2,0.06384,,19.2267,18.9237,Simbad,1.0286494943796602
1237661124543316184,6378445277689284385,1591,52976,79,137.1615,30.889398,0.0629,0.55,9.789,0.06,0.053,0.068,1.062,0.189,0.221,0.078,0.15,0.063,0,1,3,1,1,137.1614583,30.8896944,77,1,09 08 38.75,+30 53 22.9,0.062972,,19.5628,19.2453,Simbad,1.074788675791152
1237661151920062633,6374574989243320090,1286,52725,426,211.68508,47.267228,0.0599,2.88,10.752,0.04,0.537,0.069,2.49,0.263,0.978,0.107,0.756,0.098,0,1,3,2,1,211.6849167,47.2672222,153,2,14 06 44.38,+47 16 02.0,0.059873,,20.1565,19.1321,Simbad,0.3994696469538985
1237661358071021726,6373765771233853616,1218,52709,397,152.0197,42.931857,0.0739,0.68,10.469,0.059,0.681,0.088,2.65,0.302,0.813,0.134,0.587,0.119,0,1,3,2,1,152.019625,42.9319444,83,2,10 08 04.71,+42 55 55.0,0.073963,,20.3049,19.5788,Simbad,0.37158764851701737
1237661387075747907,6374962018410037640,1333,52782,149,236.44267,44.248022,0.0346,20.8,10.643,0.007,0.15,0.027,0.728,0.088,0.39,0.031,0.328,0.024,0,1,3,7,1,236.442375,44.2486111,174,2,15 45 46.17,+44 14 55.0,0.034687,,17.1157,16.6724,Simbad,2.2530734255967855
1237661387075748071,6374962018410038003,1333,52782,172,236.43552,44.264394,0.0341,8.45,8.5,0.028,-0.527,0.007,1.076,0.107,0.17,0.013,0.105,0.012,0,1,3,2,1,236.43575,44.2637222,174,1,15 45 44.58,+44 15 49.4,0.034178,,18.7445,18.4053,Simbad,2.4901089535854433
1237661387075748084,6374962018410037941,1333,52782,147,236.46991,44.263222,0.0399,1.66,9.721,0.057,0.146,0.05,0.93,0.147,0.418,0.096,0.332,0.086,0,1,3,2,1,236.4702917,44.2628889,174,4,15 45 52.87,+44 15 46.4,0.039973,,17.894,17.5367,Simbad,1.5512482787743964
1237661465446055967,6374786083664694026,1399,53172,404,227.78326,39.48163,0.0578,2.01,9.922,0.054,0.399,0.068,2.456,0.191,0.321,0.048,0.19,0.032,0,1,3,2,1,227.7835833,39.4815833,167,4,15 11 08.06,+39 28 53.7,0.057799,,19.9612,19.1757,Simbad,0.9139124858871088
1237661812807106711,6379078580280756008,1607,53083,492,174.2468,12.448274,0.1186,0.24,10.629,0.052,0.82,0.062,1.622,0.197,0.342,0.079,0.231,0.062,0,1,3,2,1,174.2470833,12.44825,108,1,11 36 59.30,+12 26 53.7,0.118659,,19.5185,19.0055,Simbad,0.9996445024772679
1237661812807172107,6379078580280756159,1607,53083,499,174.26053,12.45932,0.1173,1.25,10.308,0.08,1.296,0.045,2.16,0.182,0.375,0.062,0.229,0.046,0,1,3,2,1,174.2608333,12.45925,108,3,11 37 02.60,+12 27 33.3,0.117315,,19.4283,18.712,Simbad,1.0955425179706177
1237661816028069903,6378656395732978680,1700,53502,284,203.32887,11.117147,0.0253,1.42,10.048,0.028,-0.222,0.097,1.314,0.23,0.481,0.141,0.377,0.127,0,1,3,7,1,203.3288333,11.1170833,140,3,13 33 18.92,+11 07 01.5,0.025391,,18.4376,17.7974,Simbad,0.26342815904564587
1237661816028069998,6378656395732978593,1700,53502,291,203.32551,11.088114,0.0906,4.13,10.528,0.036,0.275,0.099,1.128,0.318,0.56,0.202,0.464,0.176,0,1,3,2,1,203.3247917,11.0883889,140,2,13 33 17.95,+11 05 18.2,0.090623,,19.3327,18.8911,Simbad,2.7237542360365845
1237661817636454526,6378656331308466544,1697,53142,388,198.28117,12.683803,0.0301,1.81,8.896,0.048,-0.763,0.021,0.432,0.064,0.098,0.019,0.068,0.018,0,1,3,1,1,198.281375,12.6835278,132,4,13 13 07.53,+12 41 00.7,0.030082,,19.2885,19.0654,Simbad,1.2247092530279424
1237661817636454528,6378656331308466470,1697,53142,396,198.28014,12.661238,0.1785,5.87,11.412,0.035,0.219,0.193,0.679,0.658,0.192,0.168,0.152,0.137,0,1,3,6,1,198.2802917,12.6615278,132,3,13 13 07.27,+12 39 41.5,0.178535,,20.018,19.4231,Simbad,1.1714739995438705
1237661817636454511,6378656331308466565,1697,53142,390,198.26078,12.697738,0.0605,0.61,10.762,0.028,0.43,0.066,1.361,0.158,0.545,0.118,0.434,0.112,0,1,3,2,1,198.2609583,12.6975833,132,1,13 13 02.63,+12 41 51.3,0.060622,,18.6507,18.3338,Simbad,0.8380117098723406
1237661850382303416,6373941668398236258,1276,53035,260,145.45529,37.113432,0.0969,0.16,10.71,0.03,0.302,0.098,1.488,0.264,0.55,0.116,0.434,0.105,0,1,3,2,1,145.4555417,37.1136389,80,3,09 41 49.33,+37 06 49.1,0.09693,,20.1062,19.743,Simbad,1.0377403448013902
1237661850382303399,6373941668398236313,1276,53035,255,145.41607,37.117266,0.0509,0.04,10.245,0.029,0.046,0.099,1.337,0.244,0.447,0.132,0.342,0.114,0,1,3,1,1,145.4162917,37.1171389,80,1,09 41 39.91,+37 07 01.7,0.050991,,19.2339,18.894,Simbad,0.7838338667095232
1237661871325184091,6374645305374149964,1440,53084,526,170.53328,42.799643,0.0716,2.93,10.049,0.049,0.265,0.078,0.857,0.221,0.302,0.114,0.231,0.098,0,1,3,1,1,170.533375,42.7998611,102,4,11 22 08.01,+42 47 59.5,0.071649,,18.7588,18.3897,Simbad,0.8242847884738075
1237661872402792502,6374680491893720843,1370,53090,260,182.50428,44.660657,0.0228,1.7,8.803,0.032,-0.835,0.014,1.168,0.085,0.144,0.008,0.085,0.007,0,1,3,1,1,182.5039167,44.6606389,114,1,12 10 00.94,+44 39 38.3,0.022866,,19.482,19.1721,Simbad,0.9325512855109908
1237661872402792511,6374680491893720819,1370,53090,254,182.56029,44.66578,0.0659,2.38,9.514,0.149,1.029,0.041,2.711,0.162,0.828,0.099,0.587,0.084,0,1,3,2,1,182.5598333,44.66625,114,4,12 10 14.36,+44 39 58.5,0.065983,,18.419,18.0008,Simbad,2.056741561590231
1237661873469915222,6374117607438550836,1361,53047,611,161.58719,43.02023,0.0742,0.72,10.397,0.072,1.228,0.054,2.657,0.144,0.932,0.099,0.667,0.083,0,1,3,2,1,161.5865417,43.02,92,3,10 46 20.77,+43 01 12.0,0.074186,,18.6429,18.1421,Simbad,1.8966169506350918
1237661873469915304,6374117607438550903,1362,53050,337,161.57465,43.021675,0.0744,3.15,10.213,0.049,0.799,0.095,1.208,0.27,0.483,0.12,0.364,0.094,0,1,3,2,1,161.5750417,43.0216944,92,1,10 46 18.01,+43 01 18.1,0.074386,,17.8693,17.4327,Simbad,1.0332953640039384
1237661873469915329,6374117607438550791,1362,53050,335,161.61055,43.019685,0.0739,0.32,10.372,0.08,0.777,0.061,2.064,0.183,0.568,0.11,0.4,0.089,0,1,3,2,1,161.6104583,43.0195,92,4,10 46 26.51,+43 01 10.2,0.073935,,18.9124,18.4313,Simbad,0.7083850888410806
1237661965823246363,6374715724584192217,2088,53493,327,196.26269,40.764716,0.0568,0.7,10.528,0.072,1.336,0.054,3.134,0.195,0.926,0.113,0.629,0.093,0,1,3,2,1,196.2628333,40.7646389,127,2,13 05 03.08,+40 45 52.7,0.056874,,18.4059,17.8313,Simbad,0.47927719746979786
1237661965819117693,6374680530548427819,1450,53120,190,183.78967,41.268966,0.0378,0.11,10.084,0.017,-0.912,0.088,0.628,0.265,0.139,0.037,0.104,0.032,0,1,3,6,1,183.78975,41.2685278,116,2,12 15 09.54,+41 16 06.7,0.037826,,19.8198,19.8352,Simbad,1.5923026172002135
1237661965823246429,6374715724584192147,2088,53493,324,196.26978,40.748006,0.0352,0.2,10.05,0.041,0.14,0.064,1.612,0.191,0.8,0.125,0.656,0.114,0,1,3,2,1,196.2695,40.7479167,127,3,13 05 04.68,+40 44 52.5,0.035218,,18.1951,17.787,Simbad,0.8285584207807075
1237661965819117700,6374680530548427897,1450,53120,183,183.79168,41.288467,0.0989,0.09,9.953,0.08,0.54,0.051,1.413,0.192,0.235,0.062,0.149,0.046,0,1,3,2,1,183.7917083,41.2878889,116,3,12 15 10.01,+41 17 16.4,0.098972,,19.3691,19.1141,Simbad,2.082567467265151
1237661971191431178,6378797103156561878,1797,54507,279,198.47573,6.960849,0.021,2.12,10.754,0.013,-0.425,0.057,0.818,0.169,0.24,0.035,0.188,0.032,0,1,3,7,1,198.476125,6.9612778,133,4,13 13 54.27,+06 57 40.6,0.021185,,17.8059,17.4161,Simbad,2.091729237986293
1237661971195887852,6378691528565457595,1805,53875,62,208.82255,6.562022,0.0833,1.47,10.982,0.028,0.216,0.151,1.707,0.576,0.402,0.133,0.294,0.105,0,1,3,7,1,208.8228333,6.56175,148,1,13 55 17.48,+06 33 42.3,0.083352,,20.2069,19.7855,Simbad,1.40904378471891
1237661971191365743,6378797103156562241,1795,54507,80,198.43541,6.992179,0.0215,1.21,10.539,0.044,0.318,0.143,3.078,0.375,0.865,0.218,0.619,0.172,0,1,3,2,1,198.4354583,6.9923056,133,1,13 13 44.51,+06 59 32.3,0.021535,,18.2283,17.4386,Simbad,0.48734318352031847
1237661971195887860,6378691528565457541,1805,53875,65,208.83764,6.556448,0.0842,3.35,10.793,0.028,0.378,0.091,0.751,0.268,0.333,0.138,0.27,0.116,0,1,3,2,1,208.8377083,6.5563056,148,2,13 55 21.05,+06 33 22.7,0.084285,,18.6662,18.4017,Simbad,0.5678631446836582
1237661971195953315,6378691528565457617,1808,54176,318,208.85881,6.566282,0.0835,2.17,10.321,0.032,0.07,0.079,1.373,0.308,0.343,0.105,0.248,0.091,0,1,3,7,1,208.859625,6.5664167,148,4,13 55 26.31,+06 33 59.1,0.083417,,20.1512,19.7782,Simbad,2.9548153765445218
1237661971191431181,6378797103156561971,1797,54507,273,198.45519,6.962709,0.0239,1.18,9.805,0.041,-0.401,0.089,1.458,0.271,0.416,0.115,0.303,0.091,0,1,3,2,1,198.4551667,6.9625,133,3,13 13 49.24,+06 57 45.0,0.023963,,18.2032,17.8103,Simbad,0.7569928830215434
1237661972807286951,6378691516754299233,1808,54176,578,210.60103,7.686374,0.1367,0.1,11.211,0.027,0.869,0.08,1.488,0.196,0.404,0.1,0.296,0.087,0,1,3,7,1,210.601125,7.6865278,253,5,14 02 24.27,+07 41 11.5,0.136922,,19.7228,19.2877,Simbad,0.6491787955487566
1237661972807286794,6378691516754299175,1808,54176,573,210.5733,7.684167,0.0152,6.63,10.48,0.032,0.028,0.241,3.794,0.58,0.903,0.123,0.625,0.086,0,1,3,2,1,210.5730833,7.6841944,253,3,14 02 17.54,+07 41 03.1,0.015217,,18.9626,17.7862,Simbad,0.7793818715910298
1237662195062866052,6374680507999847837,1450,53120,480,183.45836,42.752447,0.0991,0.18,10.519,0.049,0.929,0.067,2.501,0.242,0.571,0.083,0.374,0.07,0,1,3,2,1,183.458375,42.7525,115,4,12 13 50.01,+42 45 09.0,0.099166,,20.1714,19.44,Simbad,0.19487664781771635
1237662198282977646,6383511832638786459,1717,53883,246,226.25741,8.70944,0.0739,0.21,10.636,0.079,0.884,0.064,2.068,0.22,0.476,0.119,0.322,0.096,0,1,3,2,1,226.2574583,8.7095278,164,1,15 05 01.79,+08 42 34.3,0.07397,,18.9671,18.0069,Simbad,0.3597882275451129
1237662198282977465,6383511832638786531,1717,53883,205,226.27407,8.716892,0.0739,0.49,10.191,0.025,-0.146,0.068,0.778,0.221,0.189,0.051,0.139,0.047,0,1,3,7,1,226.2741667,8.7169444,164,3,15 05 05.80,+08 43 01.0,0.073949,,19.8088,19.8926,Simbad,0.392414477437211
1237662196132479108,6374645305374149948,1365,53062,181,170.53052,42.791577,0.0717,0.64,10.047,0.071,0.36,0.064,1.447,0.212,0.308,0.091,0.207,0.071,0,1,3,2,1,170.5304167,42.7918056,102,3,11 22 07.30,+42 47 30.5,0.071663,,19.4322,18.8617,Simbad,0.8670267833191045
1237662223536816257,6374715750353998546,2102,54115,631,202.94018,37.47434,0.0567,0.61,10.611,0.034,0.348,0.083,2.42,0.192,1.36,0.133,1.155,0.126,0,1,3,2,1,202.93975,37.4741667,250,1,13 31 45.54,+37 28 27.0,0.056682,,19.8138,19.5202,Simbad,1.3778689365515897
1237662223536881754,6374715750353998342,2102,54115,634,202.98968,37.427161,0.0547,0.26,9.851,0.046,-0.08,0.069,1.491,0.203,0.326,0.088,0.223,0.069,0,1,3,2,1,202.989625,37.4273889,250,4,13 31 57.51,+37 25 38.6,0.054753,,19.7669,19.2542,Simbad,0.8353713029734232
1237662225672568918,6374645346176340758,1980,53433,172,168.41311,39.335439,0.1072,0.35,11.029,0.031,0.869,0.088,1.749,0.252,0.643,0.161,0.498,0.143,0,1,3,2,1,168.4134583,39.3354444,99,1,11 13 39.23,+39 20 07.6,0.10736,,19.673,18.9552,Simbad,0.9700061341669072
1237662225682071682,6374715734247870389,2088,53493,464,196.7569,40.025281,0.075,0.6,10.522,0.024,0.929,0.044,2.696,0.107,0.966,0.078,0.697,0.075,0,1,3,2,1,196.7571667,40.0253889,128,4,13 07 01.72,+40 01 31.4,0.075013,,19.6762,19.3157,Simbad,0.8315265927730641
1237662225672568936,6374645346176340799,1980,53433,159,168.4367,39.327768,0.0669,1.08,10.506,0.032,0.9,0.031,2.421,0.144,0.795,0.079,0.562,0.073,0,1,3,2,1,168.436875,39.328,99,3,11 13 44.85,+39 19 40.8,0.066876,,18.9919,18.595,Simbad,0.9669771315873262
1237662225672568940,6374645346176340805,1980,53433,145,168.45551,39.346403,0.0758,0.04,10.198,0.048,0.139,0.09,1.886,0.293,0.357,0.106,0.237,0.081,0,1,3,1,1,168.4555,39.3463889,99,4,11 13 49.32,+39 20 47.0,0.07595,,19.8436,19.4953,Simbad,0.057893269426254786
1237662225682071667,6374715734247870385,2021,53475,625,196.74063,40.021047,0.0747,0.43,10.064,0.072,0.567,0.063,1.297,0.186,0.333,0.127,0.232,0.103,0,1,3,2,1,196.7407083,40.0213889,128,2,13 06 57.77,+40 01 17.0,0.074735,,19.1851,18.8654,Simbad,1.2496259508991778
1237662238555177108,6383511829417559222,1813,53903,408,219.71534,9.046963,0.0308,2.98,9.677,0.066,-0.136,0.074,2.433,0.192,0.34,0.065,0.204,0.045,0,1,3,2,1,219.7154167,9.0469722,160,3,14 38 51.70,+09 02 49.1,0.030822,,19.0701,18.6646,Simbad,0.2746889989511001
1237662238555177076,6383511829417559101,1813,53903,401,219.69128,9.040924,0.0306,1.38,8.954,0.073,-0.643,0.074,1.671,0.234,0.331,0.107,0.219,0.083,0,1,3,2,1,219.6914583,9.0409444,160,1,14 38 45.95,+09 02 27.4,0.030605,,20.192,20.1538,Simbad,0.6381454430739092
1237662238555176994,6383511829416516129,1813,53903,405,219.73082,9.055276,0.0862,0.13,10.142,0.078,0.691,0.056,1.433,0.379,0.266,0.072,0.175,0.061,0,1,0,2,1,219.7307917,9.0550556,160,4,14 38 55.39,+09 03 18.2,0.086179,,19.2198,18.3777,Simbad,0.7997933891677873
1237662306200387907,6371443561873804254,1393,52824,394,241.18956,26.621829,0.1185,0.31,10.795,0.046,0.93,0.095,2.154,0.255,0.805,0.145,0.617,0.129,0,1,3,2,1,241.1897917,26.6219722,178,4,16 04 45.55,+26 37 19.1,0.118332,,19.9147,19.8916,Simbad,0.9065390948862054
1237662306200387868,6371443561873804199,1393,52824,271,241.15838,26.61644,0.0865,2.92,10.77,0.025,0.24,0.079,1.017,0.262,0.451,0.139,0.373,0.121,0,1,3,2,1,241.1584167,26.6162778,178,2,16 04 38.02,+26 36 58.6,0.086508,,19.3983,19.4487,Simbad,0.595747101059743
1237662306200387880,6371443561873804201,1393,52824,395,241.17288,26.626031,0.1178,0.73,10.143,0.06,0.437,0.064,1.36,0.216,0.258,0.09,0.172,0.068,0,1,3,1,1,241.1724583,26.6263889,178,3,16 04 41.39,+26 37 35.0,0.117894,,19.8919,19.652,Simbad,1.871325377120461
1237662337327693917,6374926851217820986,1403,53227,597,237.72804,34.083191,0.0529,0.87,10.763,0.06,0.874,0.109,2.758,0.317,1.036,0.167,0.788,0.149,0,1,3,2,1,237.7282083,34.0834722,175,2,15 50 54.77,+34 05 00.5,0.052782,,18.8173,18.247,Simbad,1.1298668196996724
1237662337327694078,6374926851217821195,1403,53227,590,237.74874,34.12336,0.1146,0.08,10.538,0.047,0.555,0.076,1.459,0.26,0.461,0.114,0.345,0.099,0,1,3,2,1,237.748625,34.1233889,175,4,15 50 59.67,+34 07 24.2,0.114745,,19.9876,19.5741,Simbad,0.35816598024825524
1237662337327693895,6374926851217821065,1403,53227,592,237.74094,34.101926,0.052,2.52,10.969,0.034,0.426,0.07,1.283,0.235,0.596,0.183,0.49,0.166,0,1,3,7,1,237.74075,34.1024167,175,3,15 50 57.78,+34 06 08.7,0.052033,,17.7242,17.3616,Simbad,1.8550950872854552
1237662337327693884,6374926851217820997,1403,53227,593,237.70813,34.076936,0.0531,1.99,10.158,0.066,0.561,0.08,2.143,0.227,0.363,0.087,0.228,0.063,0,1,3,2,1,237.70825,34.077,175,1,15 50 49.98,+34 04 37.2,0.053147,,18.9516,18.0859,Simbad,0.4255806376086202
1237662524160278725,6378761956363337729,1772,53089,220,196.83752,13.629019,0.0998,0.26,11.072,0.033,0.395,0.11,1.591,0.486,0.384,0.082,0.284,0.077,0,1,2,7,1,196.8377917,13.6288056,279,6,13 07 21.07,+13 37 43.7,0.099919,,20.056,19.1825,Simbad,1.22220776727248
1237662524160278745,6378761956365434894,1772,53089,202,196.85989,13.641471,0.0632,1.02,10.079,0.042,0.017,0.071,1.022,0.219,0.313,0.088,0.234,0.076,0,1,3,2,1,196.8599583,13.6415556,279,7,13 07 26.39,+13 38 29.6,0.063226,,19.2524,18.8211,Simbad,0.3871058529864979
1237662528991461574,6378586007661449222,1704,53178,87,211.83771,12.694565,0.1395,0.29,10.943,0.034,0.481,0.111,1.271,0.31,0.569,0.146,0.472,0.127,0,1,3,1,1,211.8381667,12.6946944,256,1,14 07 21.16,+12 41 40.9,0.139371,,20.1227,20.0717,Simbad,1.6702088109529476
1237662528991461590,6378586007661449209,1704,53178,100,211.84869,12.70907,0.1398,0.31,10.447,0.059,0.654,0.068,1.287,0.202,0.404,0.107,0.3,0.092,0,1,3,2,1,211.8492917,12.7092778,256,3,14 07 23.83,+12 42 33.4,0.139811,,19.8698,19.207,Simbad,2.241561535300971
1237662528991461607,6378586007661449357,1704,53178,89,211.87423,12.735181,0.023,1.02,9.232,0.051,-0.441,0.033,0.928,0.109,0.166,0.029,0.108,0.023,0,1,3,2,1,211.8745417,12.7352222,256,5,14 07 29.89,+12 44 06.8,0.022959,,18.2255,17.9667,Simbad,1.1045189086573601
1237662529523220526,6378656338824662788,1773,53112,114,199.89122,14.108456,0.063,0.36,10.065,0.036,-0.183,0.084,0.886,0.253,0.315,0.115,0.246,0.1,0,1,3,1,1,199.8914583,14.1084444,249,4,13 19 33.95,+14 06 30.4,0.062973,,19.5697,19.4611,Simbad,0.8330503249055753
1237662529531478167,6383511803647757932,1710,53504,111,219.22095,12.16127,0.0548,0.35,10.956,0.02,-0.213,0.14,1.463,0.375,0.317,0.053,0.232,0.049,0,1,3,7,1,219.2206667,12.1612778,159,1,14 36 52.96,+12 09 40.6,0.054808,,19.4267,19.203,Simbad,0.9973877221045934
1237662529531478219,6383511803647757926,1710,53504,114,219.24291,12.167877,0.055,0.28,10.858,0.029,0.362,0.131,2.32,0.365,0.7,0.129,0.525,0.118,0,1,3,7,1,219.2427083,12.1683056,159,3,14 36 58.25,+12 10 05.9,0.055027,,19.4488,18.7914,Simbad,1.6983965780628307
1237662640656417043,6371443540398967512,1579,53473,164,238.65979,30.124427,0.0802,0.7,10.114,0.079,0.661,0.05,1.675,0.143,0.294,0.064,0.187,0.049,0,1,3,2,1,238.6595,30.1246667,177,2,15 54 38.28,+30 07 28.8,0.080229,,19.011,18.7481,Simbad,1.2490110191154846
1237662640656417061,6371443540398967426,1579,53473,168,238.6555,30.1053,0.0853,0.52,10.439,0.038,0.24,0.091,1.291,0.282,0.531,0.146,0.425,0.128,0,1,3,1,1,238.6549583,30.1054167,177,1,15 54 37.19,+30 06 19.5,0.085506,,19.7042,19.4112,Simbad,1.7385810929767413
1237662662675857472,6387909811504153868,1650,53174,397,230.15924,30.47171,0.0311,0.91,9.621,0.062,-0.065,0.057,1.112,0.162,0.26,0.081,0.18,0.064,0,1,3,2,1,230.1592917,30.4716389,170,2,15 20 38.23,+30 28 17.9,0.031084,,17.7717,17.3687,Simbad,0.30207264722426064
1237662662675923037,6387909811504153752,1650,53174,433,230.19882,30.455366,0.0801,1.8,11.144,0.027,0.67,0.106,2.708,0.279,0.381,0.065,0.237,0.049,0,1,3,2,1,230.19875,30.4554167,170,4,15 20 47.70,+30 27 19.5,0.081006,,19.9709,19.1758,Simbad,0.28372953654289357
1237662662675857674,6387909811504153794,1650,53174,391,230.17793,30.461383,0.08,0.15,10.126,0.052,0.208,0.07,1.716,0.253,0.358,0.095,0.242,0.074,0,1,3,2,1,230.1780833,30.4616944,170,3,15 20 42.74,+30 27 42.1,0.080169,,20.0762,19.5989,Simbad,1.2177950585419202
1237663782592512318,6380239703214392470,394,51913,129,13.045936,-1.129305,0.1048,0.56,10.264,0.065,0.567,0.069,1.225,0.248,0.453,0.119,0.346,0.105,0,1,3,2,1,13.0462083,-1.1287222,20,3,00 52 11.09,-01 07 43.4,0.104819,,19.9696,18.953,Simbad,2.3157105796994304
1237663782592512205,6380239703214392478,692,52201,258,13.040041,-1.119057,0.0414,0.42,10.256,0.046,0.037,0.097,2.445,0.379,0.881,0.116,0.675,0.095,0,1,3,2,0,13.0404167,-1.1191389,20,1,00 52 09.70,-01 07 08.9,0.041238,,19.5171,18.6617,Simbad,1.3840314984209743
1237663782592512227,6380239703214392567,394,51913,125,13.051,-1.111268,0.0413,0.31,9.822,0.052,-0.069,0.084,1.805,0.274,0.803,0.134,0.643,0.124,0,1,3,2,1,13.051125,-1.11125,20,4,00 52 12.27,-01 06 40.5,0.0413,,19.6992,19.3486,Simbad,0.4545578895217882
1237664289396621317,6378761956365434888,1772,53089,258,196.82269,13.646631,0.0268,8.38,9.664,0.02,-0.633,0.04,0.951,0.161,0.169,0.04,0.112,0.031,0,1,3,2,1,196.8231667,13.6465833,279,4,13 07 17.56,+13 38 47.7,0.026784,,18.6093,18.0461,Simbad,1.6764905865257194
1237664291533947049,6379078545921015960,1754,53385,489,172.93704,15.409334,0.0689,1.18,10.32,0.038,1.01,0.032,3.718,0.095,1.457,0.065,1.069,0.065,0,1,3,2,1,172.9370833,15.4089722,105,1,11 31 44.90,+15 24 32.3,0.068909,,19.6858,19.1132,Simbad,1.3111205893907756
1237664291533947063,6379078545921015908,1754,53385,510,172.94412,15.389234,0.0689,0.27,10.38,0.056,0.484,0.072,1.725,0.243,0.484,0.114,0.347,0.095,0,1,3,2,1,172.9442083,15.3893333,105,3,11 31 46.61,+15 23 21.6,0.06886,,19.7022,18.9028,Simbad,0.470875175106985
1237664291533947072,6379078545921015963,1754,53385,506,172.95381,15.406823,0.069,0.47,10.429,0.048,1.216,0.045,4.018,0.16,1.296,0.072,0.912,0.063,0,1,3,2,1,172.9541667,15.4067222,105,4,11 31 49.00,+15 24 24.2,0.06899,,20.171,19.5655,Simbad,1.2900624813723356
1237664667372617854,6374680549875779179,1986,53475,43,187.29172,38.931315,0.0528,0.21,10.578,0.017,-0.047,0.062,1.9,0.268,0.27,0.056,0.174,0.04,0,1,3,7,1,187.2919583,38.93125,120,1,12 29 10.07,+38 55 52.5,0.052832,,19.8534,19.5216,Simbad,0.7071812727689024
1237664668972286079,6373941693094299657,1954,53357,621,155.63268,36.587268,0.0261,6.92,8.933,0.032,-1.205,0.071,0.935,0.295,0.242,0.082,0.175,0.065,0,1,3,6,1,155.6328333,36.5871944,87,4,10 22 31.88,+36 35 13.9,0.026164,,19.8002,19.3193,Simbad,0.5163041472096388
1237664668972286080,6373941693094299667,1957,53415,451,155.62597,36.590923,0.1069,0.13,10.382,0.041,0.345,0.097,1.284,0.296,0.366,0.129,0.269,0.105,0,1,3,1,1,155.6260833,36.5912778,87,3,10 22 30.26,+36 35 28.6,0.106861,,19.9136,19.7667,Simbad,1.3185956652307367
1237664670055268554,6374680531622168279,1995,53415,323,182.17262,41.076045,0.1001,0.17,10.226,0.068,0.542,0.071,1.45,0.221,0.361,0.104,0.252,0.086,0,1,3,2,1,182.1731667,41.07625,247,2,12 08 41.56,+41 04 34.5,0.100144,,19.6,19.391,Simbad,1.6570566064844878
1237664671639208041,6374680581014293145,2010,53495,322,186.95686,36.349219,0.0338,0.51,9.415,0.044,-0.473,0.052,0.934,0.166,0.237,0.079,0.169,0.066,0,1,3,2,1,186.9567083,36.3491389,119,1,12 27 49.61,+36 20 56.9,0.033811,,19.0195,18.7947,Simbad,0.525951221542899
1237664670055268569,6374680531622168334,1995,53415,339,182.18243,41.102378,0.1018,0.89,11.065,0.021,0.342,0.063,0.893,0.175,0.374,0.053,0.307,0.047,0,1,3,7,1,182.182875,41.1023611,247,4,12 08 43.89,+41 06 08.5,0.101871,,19.6486,19.2979,Simbad,1.2086971678828273
1237664818203983932,6378410040703847396,1955,53442,10,155.93729,33.41406,0.1157,1.05,10.451,0.057,0.722,0.055,1.74,0.258,0.414,0.088,0.286,0.072,0,1,3,2,1,155.9374583,33.4140833,88,2,10 23 44.99,+33 24 50.7,0.11571,,19.9572,19.8367,Simbad,0.5126445631516854
1237664835398008971,6378410058957460942,1946,53432,130,146.88866,30.433891,0.1107,1.11,10.869,0.027,0.561,0.099,1.357,0.257,0.422,0.166,0.321,0.144,0,1,3,1,1,146.8886667,30.4336944,243,4,09 47 33.28,+30 26 01.3,0.110759,,19.9435,19.4993,Simbad,0.7080654752939521
1237664835398009170,6378410058957460783,1947,53431,367,146.89313,30.412721,0.0223,1.25,8.638,0.066,-1.012,0.08,1.738,0.23,0.603,0.122,0.451,0.102,0,1,3,7,1,146.893125,30.41225,243,5,09 47 34.35,+30 24 44.1,0.022343,,19.8463,19.7857,Simbad,1.6956710564285724
1237664835398008958,6378410058957460327,1947,53431,366,146.88255,30.398406,0.0171,6.51,8.816,0.065,-0.979,0.06,0.589,0.162,0.323,0.097,0.267,0.082,0,1,3,2,1,146.8826667,30.3984167,243,3,09 47 31.84,+30 23 54.3,0.017184,,17.7311,17.6133,Simbad,0.36440675493546354
1237664835398009110,6378410058957460339,1946,53432,135,146.87527,30.388954,0.0169,11.38,8.218,0.049,-1.119,0.023,0.836,0.008,0.208,0.003,0.146,0.002,0,1,3,0,1,146.8753333,30.3891667,243,2,09 47 30.08,+30 23 21.0,0.016952,,18.3935,18.2981,Simbad,0.7905488749224601
1237664836462248352,6377776760660951655,4483,55587,522,124.99525,21.066267,0.0141,0.44,9.133,0.042,-0.722,0.061,0.757,0.196,0.202,0.083,0.146,0.067,0,1,3,1,0,124.9950833,21.0656667,272,1,08 19 58.82,+21 03 56.4,0.014046,,17.6064,17.2186,Simbad,2.2324606482399214
1237664836462248406,6377776760660951721,1927,53321,223,125.04507,21.068974,0.0174,0.84,10.335,0.023,-0.673,0.16,2.142,0.576,0.33,0.111,0.221,0.085,0,1,3,6,1,125.0450833,21.0693056,272,5,08 20 10.82,+21 04 09.5,0.017462,,19.5476,18.4295,Simbad,1.1945958140314596
1237664836462247956,6377776760660951681,1927,53321,240,124.9982,21.054531,0.0911,0.44,10.072,0.056,0.368,0.067,1.598,0.347,0.401,0.104,0.285,0.092,0,1,3,2,1,124.9979583,21.0541667,272,2,08 19 59.51,+21 03 15.0,0.091141,,19.8709,20.0832,Simbad,1.5425219260464655
1237664878344667233,6378410040703847389,1958,53385,207,155.94278,33.414087,0.1155,0.44,10.545,0.07,1.099,0.094,2.458,0.329,0.88,0.167,0.659,0.14,0,1,3,2,1,155.9427083,33.4139444,88,3,10 23 46.25,+33 24 50.2,0.115493,,19.9797,19.3224,Simbad,0.5567403785237663
1237664878344667240,6378410040703847351,1955,53442,8,155.96646,33.405179,0.1246,0.25,10.618,0.051,0.714,0.085,1.624,0.309,0.593,0.136,0.457,0.118,0,1,3,2,1,155.9666667,33.4050556,88,4,10 23 52.00,+33 24 18.2,0.124611,,19.6482,19.3337,Simbad,0.7636928022450913
1237665024376242270,6379324849410541532,2024,53503,476,206.87977,32.506523,0.131,0.22,10.931,0.048,0.948,0.07,1.699,0.17,0.32,0.086,0.209,0.066,0,1,3,7,1,206.8802083,32.5065833,146,4,13 47 31.25,+32 30 23.7,0.131022,,19.7416,19.1363,Simbad,1.348263974003251
1237665015772479696,6378410060031198230,1959,53440,205,157.03472,31.206943,0.0449,1.51,9.054,0.07,-0.2,0.104,1.394,0.304,0.294,0.137,0.201,0.103,0,1,3,0,1,157.0344583,31.2068056,89,4,10 28 08.27,+31 12 24.5,0.044971,,19.636,19.0203,Simbad,0.9455040362910392
1237665024376242248,6379324849410541651,2024,53503,470,206.85024,32.533336,0.1307,0.29,10.79,0.036,0.671,0.07,1.315,0.168,0.241,0.08,0.16,0.064,0,1,3,7,1,206.8504167,32.5335278,146,1,13 47 24.10,+32 32 00.7,0.13067,,19.8933,19.5798,Simbad,0.8742876331712448
1237665024376242254,6379324849410541646,2024,53503,475,206.86689,32.524327,0.0871,0.57,10.232,0.075,0.788,0.066,1.617,0.195,0.441,0.11,0.311,0.088,0,1,3,2,1,206.8667917,32.52425,146,3,13 47 28.03,+32 31 27.3,0.087133,,19.1758,18.7933,Simbad,0.4072710517762984
1237665024373555447,6379324865516671060,2093,53818,552,199.69846,33.531041,0.1041,0.67,10.65,0.038,0.45,0.084,1.493,0.28,0.549,0.127,0.427,0.11,0,1,3,2,1,199.6984167,33.5308889,136,1,13 18 47.62,+33 31 51.2,0.104214,,19.9382,19.4749,Simbad,0.5627666076931958
1237665024373555455,6379324865516671457,2093,53818,588,199.71812,33.540193,0.0376,4.64,9.552,0.034,-0.379,0.038,0.729,0.125,0.175,0.055,0.123,0.044,0,1,3,2,1,199.71775,33.5395556,136,2,13 18 52.26,+33 32 22.4,0.038,,18.8518,18.5336,Simbad,2.549111624452703
1237665025448739000,6379324841894348238,1993,53762,46,203.71425,33.889288,0.0507,0.42,9.694,0.047,-0.147,0.068,1.718,0.242,0.442,0.097,0.314,0.079,0,1,3,2,1,203.7144167,33.8893056,141,4,13 34 51.46,+33 53 21.5,0.050689,,20.1092,19.6137,Simbad,0.5021825672319419
1237665097389441200,6378445312049026551,1940,53383,81,142.03258,26.492478,0.0429,2.88,9.871,0.045,0.316,0.067,1.732,0.159,0.455,0.102,0.317,0.083,0,1,3,2,1,142.0327083,26.4922222,241,5,09 28 07.85,+26 29 32.0,0.042866,,18.4314,17.9675,Simbad,1.0094071674942444
1237665097928147211,6378410081506038674,1944,53385,628,146.12869,28.54036,0.098,0.51,10.388,0.038,0.135,0.088,0.957,0.236,0.338,0.129,0.264,0.113,0,1,3,1,1,146.1288333,28.5403333,81,2,09 44 30.92,+28 32 25.2,0.098052,,20.072,19.5636,Simbad,0.4632719327368946
1237665101138231544,6379289719799287289,2133,53917,264,216.54512,29.745518,0.0583,0.76,9.677,0.042,-0.486,0.059,0.601,0.168,0.114,0.056,0.079,0.045,0,1,3,1,1,216.54525,29.7455833,158,2,14 26 10.86,+29 44 44.1,0.05853,,20.0103,19.5438,Simbad,0.46943668578242226
1237665101679820974,6379254542943389557,2157,54242,240,228.18753,26.580373,0.0334,0.4,8.929,0.049,-0.872,0.033,0.509,0.106,0.093,0.031,0.063,0.028,0,1,3,1,1,228.1875417,26.5801667,168,4,15 12 45.01,+26 34 48.6,0.033404,,19.7751,19.6437,Simbad,0.7436346420666502
1237665101679820963,6379254542943389529,2157,54242,231,228.15506,26.576569,0.0329,5.1,8.631,0.076,-0.433,0.07,1.745,0.216,0.418,0.092,0.291,0.071,0,1,3,0,1,228.1554167,26.5760278,168,2,15 12 37.30,+26 34 33.7,0.032967,,19.4463,19.3007,Simbad,2.2616063249369254
1237665103826452683,6379254554754548302,1845,54144,317,226.90988,28.814089,0.0586,0.14,10.233,0.066,0.142,0.153,3.143,0.86,0.832,0.155,0.599,0.143,0,1,2,7,1,226.9099167,28.8139722,165,4,15 07 38.38,+28 48 50.3,0.05849,,20.2269,20.4968,Simbad,0.4361241592878534
1237665126937002031,6374891613158638809,2006,53476,195,195.03387,33.437666,0.0235,0.74,8.521,0.045,-0.729,0.017,0.605,0.061,0.076,0.008,0.046,0.007,0,1,3,1,1,195.034,33.4376389,248,4,13 00 08.16,+33 26 15.5,0.023498,,18.9123,18.8364,Simbad,0.4025406665572974
1237665126945194092,6379289719799287137,2133,53917,299,216.53567,29.72672,0.0592,0.32,9.937,0.077,0.306,0.081,1.864,0.221,0.491,0.12,0.343,0.096,0,1,3,2,1,216.5360833,29.7266667,158,1,14 26 08.66,+29 43 36.0,0.059246,,19.4374,19.0977,Simbad,1.306245764569796
1237665126945194108,6379289719799286992,2133,53917,290,216.55327,29.694942,0.0588,0.09,10.731,0.03,0.495,0.086,1.697,0.217,0.642,0.125,0.501,0.113,0,1,3,2,1,216.5535417,29.6946111,158,4,14 26 12.85,+29 41 40.6,0.058862,,18.6705,18.2352,Simbad,1.4632128706305163
1237665126945194258,6379289719799287123,2133,53917,295,216.54873,29.714519,0.0866,0.24,10.171,0.054,0.037,0.119,1.386,0.317,0.529,0.173,0.414,0.151,0,1,3,1,1,216.5488333,29.7148889,158,3,14 26 11.72,+29 42 53.6,0.08677,,20.061,19.8562,Simbad,1.370248436359736
1237665128549449941,6379324854779253652,2023,53851,54,200.21618,34.199159,0.1185,1.93,11.267,0.024,0.556,0.117,1.474,0.345,0.402,0.193,0.304,0.166,0,1,3,2,1,200.2165417,34.1993056,137,3,13 20 51.97,+34 11 57.5,0.118531,,20.075,19.5292,Simbad,1.1993292344777164
1237665128549449936,6379324854779253637,2023,53851,60,200.19584,34.192696,0.0646,0.34,10.493,0.038,0.444,0.089,1.853,0.238,0.786,0.135,0.626,0.127,0,1,3,2,1,200.1959583,34.19275,137,2,13 20 47.03,+34 11 33.9,0.064619,,19.4901,19.0109,Simbad,0.4023477775610323
1237665128549449782,6379324854778207102,2023,53851,57,200.23787,34.213782,0.1114,3.5,11.45,0.037,0.479,0.189,1.403,0.564,0.399,0.095,0.309,0.087,0,1,0,2,1,200.2385,34.2135556,137,4,13 20 57.24,+34 12 48.8,0.111414,,19.2204,19.0088,Simbad,2.0449560100713655
1237665128549449911,6379324854779253584,2023,53851,52,200.17087,34.184271,0.0643,0.73,10.7,0.024,0.368,0.08,1.322,0.207,0.464,0.118,0.36,0.107,0,1,3,2,1,200.1709167,34.1843333,137,1,13 20 41.02,+34 11 03.6,0.064273,,19.0089,18.6574,Simbad,0.26390013746022417
1237665330400788570,-99,2130,53881,481,215.5025,28.86398,0.0296,1.11,9.064,0.041,-0.886,0.039,0.622,0.249,0.121,0.05,0.084,0.041,0,1,0,1,1,215.5028333,28.8643333,157,3,14 22 00.68,+28 51 51.6,0.029579,,19.8143,19.2128,Simbad,1.6498153724623092
1237665330932416519,6379324873032863391,2112,53534,6,202.01203,31.958799,0.0384,5.28,10.95,0.014,-0.346,0.102,1.755,0.34,0.3,0.036,0.209,0.029,0,1,3,7,1,202.0120833,31.9593333,138,1,13 28 02.90,+31 57 33.6,0.038434,,20.186,19.0856,Simbad,1.9303569284346043
1237665330932416692,6379324873032863266,2110,53467,419,202.01607,31.913539,0.0637,0.48,9.697,0.068,-0.01,0.081,1.752,0.266,0.365,0.097,0.244,0.078,0,1,3,1,1,202.0157917,31.9135556,138,2,13 28 03.79,+31 54 48.8,0.063712,,20.1708,20.1924,Simbad,0.8525396102801935
1237665330932416699,6379324873032863298,2112,53534,18,202.02792,31.931836,0.0157,0.67,9.111,0.044,-0.946,0.052,1.858,0.16,0.269,0.06,0.166,0.043,0,1,3,1,1,202.0280417,31.9318333,138,4,13 28 06.73,+31 55 54.6,0.015757,,18.9578,18.4032,Simbad,0.3719498076319129
1237665367433871455,6374821246561947804,1979,53431,222,169.49898,30.548206,0.0604,1.25,9.693,0.069,-0.038,0.069,1.434,0.195,0.265,0.079,0.173,0.06,0,1,3,2,1,169.4995833,30.5485278,100,1,11 17 59.90,+30 32 54.7,0.060382,,19.7228,19.1721,Simbad,2.2001276423065534
1237665367433871459,6374821246561947821,2092,53460,23,169.50345,30.540564,0.0247,0.2,8.99,0.068,-0.656,0.072,1.481,0.199,0.444,0.115,0.324,0.098,0,1,3,2,1,169.5037917,30.54075,100,2,11 18 00.91,+30 32 26.7,0.024726,,19.8092,19.5097,Simbad,1.2533267986444936
1237665367433871468,6374821246561947735,2092,53460,37,169.5256,30.530461,0.0821,1.2,10.344,0.029,0.216,0.041,0.854,0.138,0.203,0.058,0.144,0.048,0,1,3,7,1,169.525,30.5303611,100,3,11 18 06.00,+30 31 49.3,0.082091,,19.8578,19.281,Simbad,1.8949771209425914
1237665373332635747,6375665670418337105,2171,53557,126,238.36635,20.968117,0.0186,0.43,8.322,0.08,-0.768,0.054,0.694,0.122,0.186,0.085,0.133,0.069,0,1,3,2,1,238.3663333,20.9676944,176,1,15 53 27.92,+20 58 03.7,0.01876,,18.4091,18.2403,Simbad,1.5223954241225215
1237665373332635754,6375665670418337108,2171,53557,139,238.37722,20.953495,0.0269,1.09,9.332,0.062,-0.212,0.059,2.189,0.2,0.348,0.077,0.218,0.056,0,1,3,2,1,238.37725,20.9534444,176,2,15 53 30.54,+20 57 12.4,0.026964,,19.4911,18.763,Simbad,0.20821771970111572
1237665373332635867,6375665670418337233,2171,53557,135,238.37832,20.983724,0.0186,1.08,9.043,0.036,-0.569,0.011,0.449,0.051,0.092,0.013,0.062,0.012,0,1,3,1,1,238.378625,20.9837778,176,3,15 53 30.87,+20 59 01.6,0.018608,,17.5006,17.2722,Simbad,1.043317707938799
1237665428090650723,6374891691541793626,2009,53904,163,197.19352,28.880176,0.0609,1.93,10.073,0.042,0.137,0.069,1.289,0.217,0.355,0.098,0.256,0.078,0,1,3,1,1,197.1938333,28.8796667,129,3,13 08 46.52,+28 52 46.8,0.060895,,18.8495,18.3498,Simbad,2.0825518487372627
1237665428090650745,6374891691541793770,2009,53904,180,197.21168,28.886258,0.0798,0.81,10.876,0.055,0.78,0.079,2.488,0.219,0.475,0.113,0.31,0.086,0,1,3,2,1,197.2115833,28.8863056,129,4,13 08 50.78,+28 53 10.7,0.079628,,19.4403,18.7176,Simbad,0.3496734861685682
1237665427559284835,6378550808256973448,2120,53852,52,210.99341,26.393534,0.089,0.52,10.978,0.031,0.461,0.106,1.511,0.317,0.489,0.156,0.378,0.143,0,1,3,7,1,210.9935833,26.3932778,151,4,14 03 58.46,+26 23 35.8,0.088984,,19.4823,19.0106,Simbad,1.0784182453905995
1237665429171404896,6379289695103223465,2127,53859,625,215.16419,26.86333,0.0367,4.29,11.129,0.015,0.276,0.084,0.804,0.249,0.215,0.076,0.163,0.06,0,1,3,7,1,215.1648333,26.8637778,156,3,14 20 39.56,+26 51 49.6,0.036572,,17.2891,16.8706,Simbad,2.620496424778707
1237665429171404995,6379289695103223590,2131,53819,336,215.14283,26.843852,0.0717,0.54,10.222,0.053,0.322,0.083,1.918,0.325,0.574,0.116,0.42,0.101,0,1,3,2,1,215.1428333,26.8446111,156,1,14 20 34.28,+26 50 40.6,0.071671,,19.4817,19.3003,Simbad,2.7327805570553436
1237665442073935940,6375700855864166596,2208,53880,266,245.81817,15.786452,0.0343,1.94,9.103,0.065,-0.458,0.047,0.96,0.149,0.199,0.064,0.134,0.05,0,1,3,2,1,245.8187083,15.7864167,181,4,16 23 16.49,+15 47 11.1,0.034294,,19.0721,18.7564,Simbad,1.8691129363238166
1237665443127296225,6374891643223410098,2009,53904,410,197.45293,30.429608,0.0506,1.09,9.352,0.065,-0.191,0.042,0.983,0.157,0.176,0.046,0.115,0.036,0,1,3,1,1,197.4529167,30.4293333,130,1,13 09 48.70,+30 25 45.6,0.05061,,19.3669,19.2267,Simbad,0.9897813858623546
1237665531178713278,6378515604557530436,2144,53770,92,222.7212,21.747078,0.0596,0.37,10.442,0.032,0.219,0.075,1.502,0.264,0.381,0.103,0.273,0.087,0,1,3,2,1,222.721125,21.7468333,162,3,14 50 53.07,+21 44 48.6,0.059624,,19.5421,18.824,Simbad,0.9159217261483151
1237665531178713288,6378515604557530382,2144,53770,99,222.73412,21.736973,0.0701,0.34,10.753,0.03,0.257,0.11,1.728,0.386,0.49,0.118,0.366,0.111,0,1,3,2,1,222.734125,21.7365556,162,4,14 50 56.19,+21 44 11.6,0.070224,,20.0333,19.2583,Simbad,1.5027330207818808
1237665548351373328,6378550830805553257,2124,53770,247,211.18873,24.19286,0.0616,1.34,9.942,0.061,0.315,0.087,2.027,0.243,0.818,0.157,0.631,0.144,0,1,3,2,1,211.1886667,24.19275,152,2,14 04 45.28,+24 11 33.9,0.061681,,19.9119,19.6588,Simbad,0.44724057617717466
1237666089514631409,6380204467302698715,423,51821,274,18.189072,14.384156,0.0945,1.83,10.648,0.052,0.716,0.125,2.379,0.385,0.655,0.166,0.466,0.133,0,1,3,2,1,18.1890833,14.3840278,27,3,01 12 45.38,+14 23 02.5,0.094517,,20.0891,19.4662,Simbad,0.4631991432811231
1237666089514631412,6380204467302698736,422,51811,75,18.160559,14.390293,0.0938,0.17,10.312,0.059,0.543,0.065,1.25,0.173,0.303,0.087,0.212,0.072,0,1,3,2,1,18.160375,14.3905,27,1,01 12 38.49,+14 23 25.8,0.093823,,19.4537,19.0921,Simbad,0.9833593075647091
1237666089514631220,6380204467302698619,422,51811,79,18.195933,14.360863,0.0566,0.64,10.787,0.031,0.437,0.146,2.379,0.375,0.381,0.068,0.246,0.06,0,1,3,7,1,18.195875,14.3610278,27,4,01 12 47.01,+14 21 39.7,0.056532,,19.7361,19.0601,Simbad,0.626814598635213
1237667212133597280,6374821244414463250,2213,53792,489,167.9984,29.427725,0.0288,1.09,9.646,0.042,-0.397,0.068,1.18,0.211,0.402,0.104,0.305,0.086,0,1,3,1,1,167.9985,29.4277778,98,2,11 11 59.64,+29 25 40.0,0.028823,,18.7861,18.2085,Simbad,0.3666672166447107
1237667212133597289,6374821244414463203,2213,53792,481,168.00214,29.405932,0.0484,0.15,10.023,0.029,-0.476,0.127,1.195,0.347,0.329,0.117,0.247,0.103,0,1,3,1,1,168.0025417,29.4058333,98,3,11 12 00.61,+29 24 21.0,0.048454,,20.2534,19.6501,Simbad,1.308955894189831
1237667212133597297,6374821244414463162,2213,53792,490,168.01984,29.401582,0.0338,1.35,8.889,0.076,-0.736,0.038,0.877,0.115,0.201,0.031,0.139,0.022,0,1,3,0,1,168.02025,29.4014444,98,4,11 12 04.86,+29 24 05.2,0.033857,,19.4134,19.2809,Simbad,1.3780061389348026
1237667292647850126,6377811902083367161,2276,53712,179,128.66742,15.786278,0.1054,1.66,11.03,0.021,1.372,0.087,2.734,0.221,0.667,0.058,0.439,0.041,0,1,3,7,1,128.6678333,15.7862222,74,2,08 34 40.28,+15 47 10.4,0.105406,,19.1938,18.708,Simbad,1.4457854100043457
1237667292647850419,6377811902083367158,2276,53712,189,128.68383,15.790994,0.1059,0.25,10.185,0.058,0.667,0.08,1.994,0.212,0.639,0.123,0.47,0.101,0,1,3,2,1,128.6841667,15.79075,74,3,08 34 44.20,+15 47 26.7,0.10596,,20.1518,19.9021,Simbad,1.46014385948297
1237667292647850383,6377811902083367056,2276,53712,94,128.66204,15.762943,0.106,0.56,10.221,0.049,0.318,0.082,1.739,0.236,0.58,0.121,0.434,0.101,0,1,3,7,1,128.6623333,15.7635,74,1,08 34 38.96,+15 45 48.6,0.106065,,20.134,20.3349,Simbad,2.2479836931627415
1237667429028135011,6387874659344319314,2477,54058,376,160.10548,24.228927,0.0435,1.06,9.364,0.037,-0.42,0.024,1.166,0.108,0.143,0.014,0.086,0.011,0,1,3,1,1,160.1055417,24.22875,90,3,10 40 25.33,+24 13 43.5,0.04348,,20.0607,19.7605,Simbad,0.6686195259650927
1237667429028135017,6387874659344319239,2352,53770,11,160.11769,24.234166,0.0437,1.72,10.69,0.02,0.223,0.041,1.262,0.14,0.517,0.063,0.416,0.062,0,1,3,2,1,160.118,24.2342778,90,4,10 40 28.32,+24 14 03.4,0.043596,,18.1698,17.7702,Simbad,1.0943523276191793
1237667734504472620,6378867436467257522,2504,54179,119,174.15195,21.678036,0.0636,-99.0,-99.0,-99.0,-99.0,-99.0,-99.0,-99.0,-99.0,-99.0,-99.0,-99.0,2,1,3,1,0,174.151875,21.6787778,107,1,11 36 36.45,+21 40 43.6,0.063601,,17.9875,17.572,Simbad,2.682240844268537
1237667734504472852,6378867436467257597,2504,54179,118,174.1678,21.700181,0.0632,0.08,9.725,0.049,-0.051,0.058,1.368,0.225,0.274,0.078,0.184,0.06,0,1,3,2,1,174.1681667,21.7000556,107,3,11 36 40.36,+21 42 00.2,0.063183,,20.0876,19.3427,Simbad,1.3070045740431488
1237667734504472861,6378867436467257514,2507,53876,311,174.1897,21.710078,0.0253,1.05,10.302,0.023,-0.24,0.083,1.23,0.239,0.311,0.097,0.224,0.076,0,1,3,2,1,174.1893333,21.7097222,107,4,11 36 45.44,+21 42 35.0,0.025207,,17.9364,17.5529,Simbad,1.7733899723639566
1237667735051305113,6378621195254760492,2651,54507,161,198.66421,21.809043,0.0628,0.24,10.073,0.043,0.197,0.069,1.286,0.19,0.214,0.064,0.139,0.049,0,1,3,2,1,198.664375,21.8091389,135,1,13 14 39.45,+21 48 32.9,0.062813,,19.3531,18.9234,Simbad,0.6506358393276541
1237667735051304976,6378621195254760359,5864,56047,800,198.67304,21.793019,0.063,0.48,10.979,0.037,1.201,0.092,2.663,0.246,0.645,0.073,0.428,0.055,0,1,3,2,0,198.67325,21.79325,135,2,13 14 41.58,+21 47 35.7,0.0629,,18.2469,17.5721,Simbad,1.0882641806910118
1237667735051304977,6378621195254760398,2651,54507,163,198.68228,21.798718,0.063,0.11,10.666,0.029,0.351,0.12,1.526,0.334,0.455,0.13,0.339,0.106,0,1,3,1,1,198.6822917,21.7986389,135,3,13 14 43.75,+21 47 55.1,0.063009,,18.9592,18.5112,Simbad,0.2874329620130924
1237667736128520235,6378550814699425346,2769,54527,449,207.32442,21.678824,0.0621,2.05,10.678,0.043,0.752,0.068,2.086,0.178,0.394,0.065,0.249,0.048,0,1,3,2,1,207.3245,21.6789722,147,1,13 49 17.88,+21 40 44.3,0.062163,,18.4422,17.9061,Simbad,0.5968827993911331
1237667736122032141,6378726768772124473,2648,54485,509,191.28868,23.039059,0.0227,6.4,9.36,0.042,-0.606,0.086,1.605,0.184,0.922,0.13,0.764,0.114,0,1,3,2,1,191.2887083,23.0389722,125,1,12 45 09.29,+23 02 20.3,0.022935,,19.0413,18.3178,Simbad,0.3262415443059948
1237667781206605999,6377741541929126346,2579,54068,451,143.03169,15.998121,0.0401,14.02,9.599,0.047,-0.147,0.037,0.739,0.106,0.414,0.063,0.346,0.054,0,1,3,1,1,143.0318333,15.9982778,79,2,09 32 07.64,+15 59 53.8,0.040148,,18.0179,17.7452,Simbad,0.7513685056707309
1237667781221482570,6378867476195706226,2513,54141,212,178.45787,21.219205,0.023,0.58,10.006,0.031,0.145,0.067,2.468,0.153,0.387,0.079,0.237,0.057,0,1,3,2,1,178.4575833,21.2194167,246,3,11 53 49.82,+21 13 09.9,0.022989,,18.3198,17.4263,Simbad,1.2274153081756698
1237667781221482624,6378867476195706215,2513,54141,204,178.42589,21.206332,0.1471,0.34,10.356,0.082,0.851,0.08,2.055,0.388,0.371,0.116,0.238,0.09,0,1,2,1,1,178.4257917,21.206,246,1,11 53 42.19,+21 12 21.6,0.14713,,19.9429,20.0281,Simbad,1.2398984833636104
1237667781221482638,6378867476195706339,2513,54141,214,178.47562,21.250091,0.023,3.02,9.544,0.045,-0.462,0.057,1.392,0.173,0.405,0.097,0.296,0.082,0,1,3,2,1,178.4762917,21.2498611,246,5,11 53 54.31,+21 14 59.5,0.023058,,18.4959,17.8919,Simbad,2.40087156498369
1237667781206606235,6377741541929126501,2579,54068,458,143.0165,16.013753,0.0403,0.45,9.105,0.055,-0.597,0.055,0.825,0.177,0.153,0.056,0.101,0.042,0,1,3,1,1,143.0164167,16.01375,79,1,09 32 03.94,+16 00 49.5,0.040354,,19.5471,19.384,Simbad,0.28844556845828323
1237667781206606052,6377741541929126336,2579,54068,441,143.05517,15.989592,0.0399,8.09,10.082,0.031,-0.378,0.08,1.405,0.279,0.531,0.102,0.422,0.088,0,1,3,2,1,143.0553333,15.9898889,79,4,09 32 13.28,+15 59 23.6,0.039894,,19.6218,19.2116,Simbad,1.2090480203425658
1237667782832422955,6378867485859384445,2513,54141,592,179.18246,22.498512,0.0894,1.26,9.927,0.077,0.515,0.023,1.766,0.149,0.234,0.02,0.139,0.016,0,1,3,2,1,179.1824167,22.4986111,113,1,11 56 43.78,+22 29 55.0,0.08939,,19.8022,19.3868,Simbad,0.38473141218060686
1237667912201535628,6378867461163323002,2514,53882,549,179.06,25.354126,0.0323,1.6,9.312,0.047,-0.496,0.045,1.418,0.207,0.196,0.054,0.121,0.039,0,1,3,1,1,179.060875,25.3543889,112,2,11 56 14.61,+25 21 15.8,0.032261,,19.655,19.0283,Simbad,2.99979814917198
1237667912751972544,6378550851206646108,2785,54537,565,213.23782,23.318052,0.0597,0.39,10.011,0.039,-0.046,0.083,1.053,0.226,0.375,0.091,0.29,0.085,0,1,3,2,1,213.2380417,23.3181944,155,4,14 12 57.13,+23 19 05.5,0.05979,,19.8528,19.5336,Simbad,0.89441988750042
1237667915416731720,6378867467605772787,2509,54180,183,176.22857,19.776473,0.0274,1.38,10.769,0.02,0.004,0.084,1.635,0.264,0.535,0.082,0.416,0.073,0,1,3,7,1,176.2279167,19.7759444,245,5,11 44 54.70,+19 46 33.4,0.027436,,18.2009,17.6255,Simbad,2.9187968443557706
1237667915421778044,6378726763403415442,2613,54481,393,188.40747,19.865746,0.0733,0.36,10.657,0.065,0.909,0.111,3.529,0.385,1.007,0.186,0.714,0.156,0,1,3,2,1,188.4076667,19.8663333,121,2,12 33 37.84,+19 51 58.8,0.073425,,19.39,19.1084,Simbad,2.2166886818421805
1237667915416731700,6378867467605772797,2506,54179,542,176.19916,19.773418,0.0282,1.79,9.833,0.058,0.154,0.083,1.524,0.193,0.374,0.12,0.258,0.096,0,1,3,2,1,176.1984167,19.7732222,245,1,11 44 47.62,+19 46 23.6,0.027662,,17.4858,17.03,Simbad,2.6149020666358322
1237667915421778036,6378726763403415640,2613,54481,360,188.39416,19.851488,0.0736,1.75,10.534,0.04,0.609,0.062,1.444,0.206,0.316,0.081,0.216,0.065,0,1,3,2,1,188.3944583,19.8518611,121,1,12 33 34.67,+19 51 06.7,0.073587,,18.937,18.3685,Simbad,1.6805681148576392
1237667915421778049,6378726763403415581,2612,54480,61,188.41317,19.878715,0.0738,0.18,9.787,0.072,0.213,0.069,1.208,0.228,0.208,0.073,0.135,0.056,0,1,3,1,1,188.4134583,19.8791389,121,3,12 33 39.23,+19 52 44.9,0.073886,,19.5194,19.4525,Simbad,1.8114757972228268
1237667916493881565,6378726719380000031,2610,54476,531,184.44389,20.754464,0.0757,0.8,10.865,0.024,0.041,0.177,1.383,0.353,0.279,0.074,0.203,0.07,0,1,3,7,1,184.4441667,20.7545278,117,4,12 17 46.60,+20 45 16.3,0.075773,,20.15,19.4451,Simbad,0.959378122988389
1237667916493881390,6378726719379999933,2610,54476,532,184.43972,20.737513,0.1219,4.67,9.584,0.13,1.229,0.046,1.782,0.133,0.768,0.096,0.584,0.085,0,1,3,2,1,184.44,20.7372222,117,3,12 17 45.60,+20 44 14.0,0.121928,,18.4435,17.9494,Simbad,1.408769537396836
1237667916493881546,6378726719379999982,2611,54477,339,184.43562,20.741499,0.1231,0.23,10.633,0.049,0.724,0.065,1.319,0.231,0.421,0.108,0.314,0.093,0,1,3,2,1,184.436,20.7414722,117,2,12 17 44.64,+20 44 29.3,0.123136,,19.7555,19.4056,Simbad,1.2829697933375808
1237668271363260566,6378550828655972642,2755,54507,265,206.37393,18.222465,0.1191,5.88,11.265,0.017,0.162,0.102,0.926,0.236,0.236,0.069,0.181,0.061,0,1,3,6,1,206.3742917,18.2221944,144,2,13 45 29.83,+18 13 19.9,0.119112,,20.1542,19.4218,Simbad,1.5743916209429594
1237668289082818683,6382632186829344202,2587,54138,105,153.27428,17.043737,0.022,1.24,9.668,0.039,-0.244,0.061,2.48,0.179,0.411,0.061,0.26,0.045,0,1,3,2,1,153.2743333,17.0439167,85,4,10 13 05.84,+17 02 38.1,0.022102,,19.1427,18.5246,Simbad,0.6724287417577619
1237668289082818601,6382632186829344094,5332,55981,156,153.24332,17.030652,0.0226,0.78,9.635,0.044,-0.319,0.075,1.322,0.213,0.319,0.108,0.222,0.083,0,1,3,2,0,153.2437917,17.0309167,85,2,10 12 58.51,+17 01 51.3,0.022,,18.2807,17.7356,Simbad,1.8826328325377593
1237668293912756500,6378867467605773007,2506,54179,549,176.20377,19.80802,0.0678,0.26,10.474,0.048,0.552,0.075,2.29,0.255,0.658,0.115,0.476,0.095,0,1,3,2,1,176.2040833,19.8081944,245,2,11 44 48.98,+19 48 29.5,0.0677,,19.4542,18.8664,Simbad,1.2329700022111993
1237668310015934815,6382737743166834103,2754,54240,442,233.27294,12.877675,0.0684,0.44,10.599,0.063,0.935,0.094,3.147,0.299,1.07,0.231,0.796,0.2,0,1,3,2,1,233.2734583,12.8778333,257,1,15 33 05.63,+12 52 40.2,0.068338,,19.6416,19.0257,Simbad,1.9061318762573987
1237668310015934857,6382737743166834122,2754,54240,528,233.2958,12.879862,0.0524,0.79,9.612,0.078,0.141,0.08,1.281,0.209,0.303,0.109,0.209,0.086,0,1,3,2,1,233.2959167,12.8798889,257,3,15 33 11.02,+12 52 47.6,0.05246,,19.4412,18.9108,Simbad,0.42084302666402684
1237668310015934895,6382737743166834184,2768,54265,133,233.3173,12.890188,0.0532,1.21,9.579,0.075,0.039,0.049,1.194,0.148,0.19,0.06,0.12,0.045,0,1,3,1,1,233.3174583,12.8901667,257,5,15 33 16.19,+12 53 24.6,0.053224,,19.3514,18.7104,Simbad,0.5607859327098372
1237668330964451815,6375700875191518309,1730,53498,569,243.3344,8.528343,0.0628,1.79,9.499,0.063,-0.013,0.05,0.752,0.176,0.113,0.051,0.071,0.037,0,1,3,1,1,243.3342917,8.5279722,258,5,16 13 20.23,+08 31 40.7,0.062771,,18.9271,18.7504,Simbad,1.3894488741968236
1237668348685255110,6375700875191518552,1730,53498,568,243.28271,8.56198,0.0816,1.02,10.436,0.058,1.146,0.069,2.414,0.193,0.949,0.129,0.696,0.108,0,1,3,2,1,243.2825833,8.5617778,258,2,16 13 07.82,+08 33 42.4,0.081592,,18.8124,18.2972,Simbad,0.8563304025151492
1237668348685255164,6375700875191518446,1730,53498,580,243.30331,8.549505,0.0632,1.1,10.28,0.065,0.518,0.082,1.972,0.237,0.485,0.106,0.332,0.088,0,1,3,2,1,243.3033333,8.54975,258,3,16 13 12.80,+08 32 59.1,0.063184,,19.5199,18.8983,Simbad,0.8858918392787075
1237668495777398919,6379043384097505445,2487,53852,499,165.3026,16.724263,0.0287,1.23,10.415,0.024,-0.09,0.058,1.134,0.149,0.309,0.068,0.228,0.058,0,1,3,7,1,165.302625,16.72475,96,4,11 01 12.63,+16 43 29.1,0.028677,,17.6494,17.0791,Simbad,1.7553174828020213
1237668590265565393,6378656318423568672,2604,54484,491,198.57665,17.204424,0.0727,1.68,10.907,0.042,1.027,0.212,3.502,0.423,1.257,0.2,0.936,0.17,0,1,3,2,1,198.576875,17.2043333,134,3,13 14 18.45,+17 12 15.6,0.072724,,19.6004,18.9871,Simbad,0.8398306154716216
1237668590265565378,6378656318423568700,2604,54484,497,198.56646,17.234135,0.0728,0.13,10.191,0.073,0.568,0.07,1.211,0.172,0.345,0.096,0.249,0.081,0,1,3,2,1,198.5667917,17.2341667,134,1,13 14 16.03,+17 14 03.0,0.072823,,18.7741,18.3593,Simbad,1.1462015757778579
1237668591335899282,6378726788099475430,2599,54234,607,190.30424,18.302666,0.0688,0.08,10.449,0.034,0.177,0.092,1.754,0.306,0.502,0.111,0.371,0.099,0,1,3,7,1,190.3042917,18.3026944,122,1,12 41 13.03,+18 18 09.7,0.068894,,20.0103,19.1732,Simbad,0.20415053260441052
1237668591335899293,6378726788099475451,2599,54234,606,190.33479,18.306417,0.0772,0.71,10.624,0.026,0.074,0.093,1.063,0.32,0.303,0.112,0.23,0.094,0,1,3,1,1,190.3350833,18.3066944,122,3,12 41 20.42,+18 18 24.1,0.077262,,19.8859,19.4603,Simbad,1.4149808039403844
1237668591335899309,6378726788099475476,2600,54243,456,190.35147,18.312984,0.0709,1.31,10.524,0.054,0.864,0.107,3.245,0.313,1.254,0.176,0.961,0.151,0,1,3,7,1,190.3519167,18.3133889,122,4,12 41 24.46,+18 18 48.2,0.070976,,19.7469,18.957,Simbad,2.110793076113487
1237671123230195890,6382667355095302856,2584,54153,94,149.90363,13.711307,0.0505,3.53,9.821,0.075,0.309,0.051,1.739,0.221,0.444,0.096,0.308,0.081,0,1,3,2,1,149.904,13.7112778,244,1,09 59 36.96,+13 42 40.6,0.050515,,19.5266,18.6999,Simbad,1.298303859709674
1237671992411488402,6378656397880460598,1800,53884,93,202.49434,9.403441,0.0817,1.22,10.908,0.033,0.696,0.088,1.808,0.272,0.687,0.135,0.535,0.123,0,1,3,2,1,202.4945417,9.4036667,139,4,13 29 58.69,+09 24 13.2,0.081738,,19.2097,19.1278,Simbad,1.083219215261106
1237671992411488293,6378656397880460868,1800,53884,95,202.48593,9.443296,0.022,1.09,9.471,0.056,-0.508,0.091,2.408,0.305,0.451,0.094,0.293,0.071,0,1,3,2,1,202.4859167,9.4433889,139,1,13 29 56.62,+09 26 36.2,0.022088,,19.602,19.1401,Simbad,0.33775863386343286
1237671992411488395,6378656397880460701,5430,56000,92,202.49121,9.410931,0.081,0.55,10.707,0.046,0.682,0.094,2.007,0.304,0.509,0.123,0.359,0.101,0,1,3,2,0,202.4914583,9.4113056,139,3,13 29 57.95,+09 24 40.7,0.0,,19.0068,18.4563,Simbad,1.6112949261728404
1237671992413913146,6378691561851456245,854,52373,316,204.86378,4.510512,0.023,0.37,9.843,0.046,-0.103,0.063,1.123,0.159,0.244,0.073,0.168,0.058,0,1,3,2,1,204.86425,4.51075,143,1,13 39 27.42,+04 30 38.7,0.023086,,17.5833,17.1189,Simbad,1.8918942207608112
1237671992413913152,6378691561851456200,853,52374,77,204.87384,4.511386,0.023,0.78,9.236,0.034,-0.837,0.062,1.504,0.218,0.206,0.049,0.128,0.035,0,1,3,1,1,204.87375,4.5114722,143,2,13 39 29.70,+04 30 41.3,0.022968,,19.9111,19.4192,Simbad,0.44791183076228513
1237674649386811770,6381963749257908780,279,51984,213,168.60381,-0.830795,0.0278,1.41,8.968,0.064,-0.889,0.111,1.568,0.416,0.348,0.134,0.239,0.097,0,1,3,0,1,168.603875,-0.83075,273,1,11 14 24.93,-00 49 50.7,0.027858,,20.0241,19.7505,Simbad,0.2845847655287411
