_RAJ2000,_DEJ2000,Group,Gal,RAJ2000,DEJ2000,zmemb,gmemb,FUV,NUV,Simbad
0.0790833,-22.5758889,1,1,00 00 18.98,-22 34 33.2,0.0,,20.2714,19.9779,Simbad
0.091125,-22.5878889,1,2,00 00 21.87,-22 35 16.4,0.0,,20.2043,19.9377,Simbad
0.1002083,-22.5888056,1,3,00 00 24.05,-22 35 19.7,0.0,,19.3392,19.222,Simbad
0.11175,-22.5958056,1,4,00 00 26.82,-22 35 44.9,0.0,,20.0727,19.8536,Simbad
0.3132083,13.1134167,2,1,00 01 15.17,+13 06 48.3,0.018646,,18.5922,18.186,Simbad
0.333625,13.1111944,2,2,00 01 20.07,+13 06 40.3,0.017899,,16.7561,16.2019,Simbad
0.35925,13.1125278,2,3,00 01 26.22,+13 06 45.1,0.017532,,17.1312,16.6332,Simbad
0.373,13.0985833,2,4,00 01 29.52,+13 05 54.9,0.0,,19.281,19.2182,Simbad
2.8349167,-53.956,3,1,00 11 20.38,-53 57 21.6,0.0,,20.2101,20.5555,Simbad
2.8379583,-53.9808889,3,2,00 11 21.11,-53 58 51.2,0.0,,20.0492,19.6655,Simbad
2.842,-53.9536944,3,3,00 11 22.08,-53 57 13.3,0.0,,19.9107,19.7047,Simbad
2.8522917,-53.9311944,3,4,00 11 24.55,-53 55 52.3,0.041719,,17.7296,17.3873,Simbad
3.3142917,-41.5711944,4,1,00 13 15.43,-41 34 16.3,0.0,,20.2139,19.7874,Simbad
3.3172917,-41.5956111,4,2,00 13 16.15,-41 35 44.2,0.0,,20.2478,19.4746,Simbad
3.3264583,-41.5731944,4,3,00 13 18.35,-41 34 23.5,0.0,,18.2981,18.3077,Simbad
3.3526667,-41.5785,4,4,00 13 24.64,-41 34 42.6,0.0,,19.8293,19.2635,Simbad
3.5176667,-22.5526944,5,1,00 14 04.24,-22 33 09.7,0.0,,20.2563,20.0467,Simbad
3.53175,-22.5631111,5,2,00 14 07.62,-22 33 47.2,0.0,,19.9924,19.2451,Simbad
3.5389583,-22.568,5,3,00 14 09.35,-22 34 04.8,0.0,,20.1528,19.8885,Simbad
3.562,-22.5728056,5,4,00 14 14.88,-22 34 22.1,0.0,,19.9073,19.6148,Simbad
4.3704583,-69.1386111,6,1,00 17 28.91,-69 08 19.0,0.0,,20.0865,19.9392,Simbad
4.4330417,-69.1416944,6,2,00 17 43.93,-69 08 30.1,0.0,,20.0133,19.7778,Simbad
4.4720417,-69.1526944,6,3,00 17 53.29,-69 09 09.7,0.0,,19.9952,19.8058,Simbad
4.4970417,-69.1615,6,4,00 17 59.29,-69 09 41.4,0.0,,19.1307,18.4181,Simbad
4.604,-42.1265,7,1,00 18 24.96,-42 07 35.4,0.0,,20.1586,19.8188,Simbad
4.6105,-42.1378056,7,2,00 18 26.52,-42 08 16.1,0.093258,,20.1218,19.7196,Simbad
4.6214167,-42.1213056,7,3,00 18 29.14,-42 07 16.7,0.0,,20.2155,20.2165,Simbad
4.644,-42.1246111,7,4,00 18 34.56,-42 07 28.6,0.0,,20.3146,19.6408,Simbad
4.654,-35.9393889,8,1,00 18 36.96,-35 56 21.8,0.013066,,17.2129,16.8825,Simbad
4.6585,-35.9458056,8,2,00 18 38.04,-35 56 44.9,0.012839,,18.2302,17.6385,Simbad
4.668375,-35.9706111,8,3,00 18 40.41,-35 58 14.2,0.0,,19.2551,19.3563,Simbad
4.6689583,-35.9548889,8,4,00 18 40.55,-35 57 17.6,0.0,,20.121,19.6526,Simbad
5.3535,38.0703333,9,1,00 21 24.84,+38 04 13.2,0.0,,17.9645,17.6715,Simbad
5.3635417,38.1004167,9,2,00 21 27.25,+38 06 01.5,0.0,,19.8713,20.364,Simbad
5.3800417,38.0771667,9,3,00 21 31.21,+38 04 37.8,0.035017,,20.0038,19.1209,Simbad
5.391875,38.0933333,9,4,00 21 34.05,+38 05 36.0,0.036399,,17.6608,17.061,Simbad
5.6534583,-20.5708889,10,1,00 22 36.83,-20 34 15.2,0.0,,20.2911,19.5066,Simbad
5.6647917,-20.5651111,10,2,00 22 39.55,-20 33 54.4,0.0,,19.9904,19.0567,Simbad
5.6745417,-20.5841944,10,3,00 22 41.89,-20 35 03.1,0.0,,19.2006,18.836,Simbad
5.6871667,-20.5885,10,4,00 22 44.92,-20 35 18.6,0.051799,,18.0196,17.6902,Simbad
7.7912083,-25.4978889,11,1,00 31 09.89,-25 29 52.4,0.0931,,20.3529,20.0032,Simbad
7.797375,-25.4906111,11,2,00 31 11.37,-25 29 26.2,0.0,,18.4966,18.1406,Simbad
7.813,-25.4953889,11,3,00 31 15.12,-25 29 43.4,0.0928,,20.3353,20.1727,Simbad
7.8355833,-25.4978889,11,4,00 31 20.54,-25 29 52.4,0.0,,19.6921,19.465,Simbad
8.5906667,39.6017222,12,1,00 34 21.76,+39 36 06.2,0.019557,,17.5042,16.9746,Simbad
8.6054167,39.5884167,12,2,00 34 25.30,+39 35 18.3,0.0,,19.2699,18.7912,Simbad
8.634625,39.5811944,12,3,00 34 32.31,+39 34 52.3,0.0,,19.3324,19.8569,Simbad
8.6642083,39.5780833,12,4,00 34 39.41,+39 34 41.1,0.01936,,19.0978,18.6027,Simbad
9.2387083,-63.4403056,13,1,00 36 57.29,-63 26 25.1,0.041095,,19.843,19.3354,Simbad
9.2738333,-63.4441111,13,2,00 37 05.72,-63 26 38.8,0.0,,18.6374,18.5981,Simbad
9.294375,-63.4378889,13,3,00 37 10.65,-63 26 16.4,0.0,,19.9565,19.8637,Simbad
9.325,-63.4403056,13,4,00 37 18.00,-63 26 25.1,0.0,,20.0987,19.8396,Simbad
9.4132917,-9.0465556,14,1,00 37 39.19,-09 02 47.6,0.077266,,18.8397,18.909,Simbad
9.4209583,-9.0561944,14,2,00 37 41.03,-09 03 22.3,0.07588,,20.0736,19.5307,Simbad
9.4325417,-9.0648611,14,3,00 37 43.81,-09 03 53.5,0.076528,,19.6591,18.8842,Simbad
9.435375,-9.0589444,14,4,00 37 44.49,-09 03 32.2,0.0,,19.5423,19.0821,Simbad
9.4694167,-25.0626944,15,1,00 37 52.66,-25 03 45.7,0.066176,,19.9278,19.538,Simbad
9.47025,-25.0906944,15,2,00 37 52.86,-25 05 26.5,0.0,,18.4833,18.0498,Simbad
9.4897083,-25.0746111,15,3,00 37 57.53,-25 04 28.6,0.063567,,19.5779,19.1035,Simbad
9.496875,-25.0581944,15,4,00 37 59.25,-25 03 29.5,0.059258,,19.9986,19.2723,Simbad
11.9835833,-63.1521944,16,1,00 47 56.06,-63 09 07.9,0.215976,,19.3863,18.8767,Simbad
12.0014167,-63.1666944,16,2,00 48 00.34,-63 10 00.1,0.086353,,19.7015,19.0103,Simbad
12.003,-63.1341944,16,3,00 48 00.72,-63 08 03.1,0.0,,20.0612,19.526,Simbad
12.0449167,-63.1585,16,4,00 48 10.78,-63 09 30.6,0.0,,19.8762,19.3314,Simbad
12.2225833,-45.7748889,17,1,00 48 53.42,-45 46 29.6,0.0,,19.8411,19.5387,Simbad
12.2334167,-45.7586111,17,2,00 48 56.02,-45 45 31.0,0.0,,20.3391,20.0642,Simbad
12.251,-45.7768056,17,3,00 49 00.24,-45 46 36.5,0.0,,19.6515,19.945,Simbad
12.2555833,-45.7705,17,4,00 49 01.34,-45 46 13.8,0.0,,19.113,18.953,Simbad
12.2792917,-18.2866944,18,1,00 49 07.03,-18 17 12.1,0.0,,18.8121,18.2868,Simbad
12.2929167,-18.3076944,18,2,00 49 10.30,-18 18 27.7,0.0,,19.9654,19.8071,Simbad
12.2952083,-18.2703056,18,3,00 49 10.85,-18 16 13.1,0.0,,19.5403,18.8994,Simbad
12.3122083,-18.3161111,18,4,00 49 14.93,-18 18 58.0,0.159397,,20.224,19.5631,Simbad
12.8520833,-23.2266944,19,1,00 51 24.50,-23 13 36.1,0.0,,19.4132,19.3993,Simbad
12.859,-23.2136944,19,2,00 51 26.16,-23 12 49.3,0.0,,19.6159,19.2864,Simbad
12.8635,-23.2088056,19,3,00 51 27.24,-23 12 31.7,0.0,,18.9977,19.3121,Simbad
12.8724167,-23.2133889,19,4,00 51 29.38,-23 12 48.2,0.0,,19.7274,19.6446,Simbad
13.0404167,-1.1191389,20,1,00 52 09.70,-01 07 08.9,0.041238,,19.5171,18.6617,Simbad
13.0429583,-1.1094444,20,2,00 52 10.31,-01 06 34.0,0.0,,19.9459,20.2035,Simbad
13.0462083,-1.1287222,20,3,00 52 11.09,-01 07 43.4,0.104819,,19.9696,18.953,Simbad
13.051125,-1.11125,20,4,00 52 12.27,-01 06 40.5,0.0413,,19.6992,19.3486,Simbad
13.2074167,-13.2931111,21,1,00 52 49.78,-13 17 35.2,0.0,,20.1394,20.1079,Simbad
13.2192083,-13.2811944,21,2,00 52 52.61,-13 16 52.3,0.0,,19.6878,19.2687,Simbad
13.2319167,-13.2853889,21,3,00 52 55.66,-13 17 07.4,0.0,,19.4611,19.0335,Simbad
13.2532917,-13.279,21,4,00 53 00.79,-13 16 44.4,0.0,,19.3364,19.0518,Simbad
14.394,-35.7386111,22,1,00 57 34.56,-35 44 19.0,0.0,,20.3347,20.1305,Simbad
14.3999167,-35.7621944,22,2,00 57 35.98,-35 45 43.9,0.0,,19.9687,19.1409,Simbad
14.4062083,-35.765,22,3,00 57 37.49,-35 45 54.0,0.1259,,20.0779,19.9097,Simbad
14.4217917,-35.763,22,4,00 57 41.23,-35 45 46.8,0.0,,20.2451,20.1968,Simbad
15.5547083,-17.2218056,23,1,01 02 13.13,-17 13 18.5,0.0,,19.5694,18.7211,Simbad
15.561,-17.2048889,23,2,01 02 14.64,-17 12 17.6,0.067744,,18.8116,18.6534,Simbad
15.5762083,-17.193,23,3,01 02 18.29,-17 11 34.8,0.0,,20.0911,20.0752,Simbad
15.5939167,-17.1858889,23,4,01 02 22.54,-17 11 09.2,0.0,,20.1855,19.3013,Simbad
16.0697083,-51.0333889,24,1,01 04 16.73,-51 02 00.2,0.025441,,19.0576,18.0983,Simbad
16.0785833,-51.0198889,24,2,01 04 18.86,-51 01 11.6,0.0,,19.9116,19.5326,Simbad
16.0930833,-51.0213056,24,3,01 04 22.34,-51 01 16.7,0.062667,,18.5147,18.0917,Simbad
16.1142083,-51.0046944,24,4,01 04 27.41,-51 00 16.9,0.120637,,19.615,19.1732,Simbad
16.1479583,-2.1354167,25,1,01 04 35.51,-02 08 07.5,0.0,,19.8877,19.7878,Simbad
16.1664583,-2.1231111,25,2,01 04 39.95,-02 07 23.2,0.0,,19.8397,19.4016,Simbad
16.17525,-2.1400278,25,3,01 04 42.06,-02 08 24.1,0.0,,19.6417,19.11,Simbad
16.1796667,-2.13625,25,4,01 04 43.12,-02 08 10.5,0.0,,19.8518,21.0307,Simbad
16.8027083,-32.8356111,26,1,01 07 12.65,-32 50 08.2,0.0643,,19.734,19.2631,Simbad
16.8177917,-32.8426111,26,2,01 07 16.27,-32 50 33.4,0.0638,,20.0433,19.8393,Simbad
16.8327917,-32.8316944,26,3,01 07 19.87,-32 49 54.1,0.035194,,19.3174,18.4741,Simbad
16.8474167,-32.8291111,26,4,01 07 23.38,-32 49 44.8,0.035811,,19.5974,18.7922,Simbad
18.160375,14.3905,27,1,01 12 38.49,+14 23 25.8,0.093823,,19.4537,19.0921,Simbad
18.1759167,14.3748611,27,2,01 12 42.22,+14 22 29.5,0.0,,19.8827,19.5486,Simbad
18.1890833,14.3840278,27,3,01 12 45.38,+14 23 02.5,0.094517,,20.0891,19.4662,Simbad
18.195875,14.3610278,27,4,01 12 47.01,+14 21 39.7,0.056532,,19.7361,19.0601,Simbad
20.2445,-32.0626111,28,1,01 20 58.68,-32 03 45.4,0.0724,,19.6806,19.5659,Simbad
20.2524167,-32.0586111,28,2,01 21 00.58,-32 03 31.0,0.0726,,19.1253,18.6568,Simbad
20.2784167,-32.0501111,28,3,01 21 06.82,-32 03 00.4,0.0722,,20.1093,19.6308,Simbad
20.2909167,-32.0405,28,4,01 21 09.82,-32 02 25.8,0.0352,,19.0883,18.6107,Simbad
20.3890833,-38.0723056,29,1,01 21 33.38,-38 04 20.3,0.0,,20.2038,19.5477,Simbad
20.4130833,-38.1025,29,2,01 21 39.14,-38 06 09.0,0.0,,20.2375,20.3543,Simbad
20.4165,-38.0781111,29,3,01 21 39.96,-38 04 41.2,0.115156,,20.2055,19.4848,Simbad
20.4342083,-38.0613056,29,4,01 21 44.21,-38 03 40.7,0.114883,,19.8384,19.148,Simbad
21.1457083,-8.1984444,30,1,01 24 34.97,-08 11 54.4,0.0,,19.6688,18.9336,Simbad
21.15675,-8.1736389,30,2,01 24 37.62,-08 10 25.1,0.0,,20.0423,19.2942,Simbad
21.1655833,-8.1956389,30,3,01 24 39.74,-08 11 44.3,0.0,,19.0299,18.9621,Simbad
21.1747917,-8.1812222,30,4,01 24 41.95,-08 10 52.4,0.0,,19.2793,18.5808,Simbad
23.1135833,-54.6348056,31,1,01 32 27.26,-54 38 05.3,0.0,,18.0884,17.6214,Simbad
23.1297917,-54.6381111,31,2,01 32 31.15,-54 38 17.2,0.0,,18.0384,17.8208,Simbad
23.1452917,-54.6413889,31,3,01 32 34.87,-54 38 29.0,0.0,,19.4729,18.9183,Simbad
23.1454167,-54.6231944,31,4,01 32 34.90,-54 37 23.5,0.0,,19.7289,19.3424,Simbad
23.3835833,-69.3123056,32,1,01 33 32.06,-69 18 44.3,0.0,,19.2767,18.9956,Simbad
23.419,-69.31,32,2,01 33 40.56,-69 18 36.0,0.0,,18.9275,18.6567,Simbad
23.4485833,-69.3293889,32,3,01 33 47.66,-69 19 45.8,0.0,,20.0152,19.5624,Simbad
23.4589167,-69.3338889,32,4,01 33 50.14,-69 20 02.0,0.0,,18.8685,18.3972,Simbad
23.908875,-2.0912222,33,1,01 35 38.13,-02 05 28.4,0.0,,19.0575,18.5148,Simbad
23.9091667,-2.0767222,33,2,01 35 38.20,-02 04 36.2,0.0,,18.8412,18.3699,Simbad
23.9135,-2.0957222,33,3,01 35 39.24,-02 05 44.6,0.0,,19.4754,19.1906,Simbad
23.9178333,-2.1136944,33,4,01 35 40.28,-02 06 49.3,0.0,,19.6826,19.1966,Simbad
24.5942083,-40.013,34,1,01 38 22.61,-40 00 46.8,0.0,,20.3523,19.9247,Simbad
24.6135833,-40.0058056,34,2,01 38 27.26,-40 00 20.9,0.068968,,19.1309,18.958,Simbad
24.6359167,-40.0218889,34,3,01 38 32.62,-40 01 18.8,0.0,,19.3654,19.2934,Simbad
24.6550833,-40.0116111,34,4,01 38 37.22,-40 00 41.8,0.025227,,18.0675,17.3774,Simbad
25.558,-54.4121111,35,1,01 42 13.92,-54 24 43.6,0.0,,19.2256,18.3615,Simbad
25.561,-54.4386944,35,2,01 42 14.64,-54 26 19.3,0.060572,,19.7238,19.2651,Simbad
25.5735,-54.4485,35,3,01 42 17.64,-54 26 54.6,0.060805,,19.7422,19.4024,Simbad
25.5830833,-54.4303889,35,4,01 42 19.94,-54 25 49.4,0.0,,20.2936,18.9188,Simbad
26.8894167,-30.2618889,36,1,01 47 33.46,-30 15 42.8,0.0428,,17.3607,17.2249,Simbad
26.895,-30.2676111,36,2,01 47 34.80,-30 16 03.4,0.0425,,19.2358,18.9576,Simbad
26.9049167,-30.2543056,36,3,01 47 37.18,-30 15 15.5,0.0,,19.4921,18.6985,Simbad
26.9132917,-30.2491944,36,4,01 47 39.19,-30 14 57.1,0.0428,,19.8025,19.4564,Simbad
27.0322083,-15.1163889,37,1,01 48 07.73,-15 06 59.0,0.0,,19.5762,19.4927,Simbad
27.0477917,-15.1265,37,2,01 48 11.47,-15 07 35.4,0.0,,20.1471,19.7106,Simbad
27.0587083,-15.1076944,37,3,01 48 14.09,-15 06 27.7,0.0,,20.1954,19.9276,Simbad
27.059,-15.1323889,37,4,01 48 14.16,-15 07 56.6,0.0,,19.8659,19.8355,Simbad
27.1813333,13.6874444,38,1,01 48 43.52,+13 41 14.8,0.044701,,20.0119,19.7959,Simbad
27.18425,13.6996111,38,2,01 48 44.22,+13 41 58.6,0.044567,,18.6938,18.0365,Simbad
27.18925,13.7167778,38,3,01 48 45.42,+13 43 00.4,0.04482,,18.0277,17.7645,Simbad
27.1923333,13.7265278,38,4,01 48 46.16,+13 43 35.5,0.063404,,19.1426,18.6771,Simbad
29.6595,-33.7735,39,1,01 58 38.28,-33 46 24.6,0.157394,,20.2724,20.2398,Simbad
29.6615833,-33.7433889,39,2,01 58 38.78,-33 44 36.2,0.0,,18.8622,18.2111,Simbad
29.665,-33.7556111,39,3,01 58 39.60,-33 45 20.2,0.0,,18.8419,18.7809,Simbad
29.6864167,-33.7571111,39,4,01 58 44.74,-33 45 25.6,0.062604,,19.7446,19.2853,Simbad
30.9485,-31.1603056,40,1,02 03 47.64,-31 09 37.1,0.0,,19.816,19.3727,Simbad
30.9584167,-31.1471111,40,2,02 03 50.02,-31 08 49.6,0.0,,18.7238,18.6343,Simbad
30.9649167,-31.1436944,40,3,02 03 51.58,-31 08 37.3,0.0289,,17.5967,17.2655,Simbad
30.9789167,-31.1556111,40,4,02 03 54.94,-31 09 20.2,0.0665,,19.9221,19.6045,Simbad
33.65,-41.6341111,41,1,02 14 36.00,-41 38 02.8,0.0,,19.871,19.1959,Simbad
33.668,-41.6488056,41,2,02 14 40.32,-41 38 55.7,0.0,,19.7109,19.3282,Simbad
33.6972083,-41.6468056,41,3,02 14 47.33,-41 38 48.5,0.0,,17.8269,17.4373,Simbad
33.7015,-41.6386111,41,4,02 14 48.36,-41 38 19.0,0.0,,20.3353,19.5633,Simbad
35.595,-18.6006944,42,1,02 22 22.80,-18 36 02.5,0.0,,19.8377,19.4909,Simbad
35.6085,-18.6013889,42,2,02 22 26.04,-18 36 05.0,0.0,,19.6556,19.8017,Simbad
35.6224167,-18.6076944,42,3,02 22 29.38,-18 36 27.7,0.0,,19.9343,19.5055,Simbad
35.6310833,-18.602,42,4,02 22 31.46,-18 36 07.2,0.0,,19.9968,19.2693,Simbad
36.2044167,-27.275,43,1,02 24 49.06,-27 16 30.0,0.060526,,19.9078,19.7127,Simbad
36.2087083,-27.288,43,2,02 24 50.09,-27 17 16.8,0.060465,,19.5058,19.0922,Simbad
36.2302083,-27.2663056,43,3,02 24 55.25,-27 15 58.7,0.0,,19.8664,19.5031,Simbad
36.2379167,-27.2901944,43,4,02 24 57.10,-27 17 24.7,0.2141,,19.9624,19.3396,Simbad
37.0047917,-61.0525,44,1,02 28 01.15,-61 03 09.0,0.0,,19.4877,19.0712,Simbad
37.0215,-61.057,44,2,02 28 05.16,-61 03 25.2,0.0,,19.1319,18.7602,Simbad
37.0302917,-61.0595,44,3,02 28 07.27,-61 03 34.2,0.0,,19.998,20.0206,Simbad
37.0465,-61.0638056,44,4,02 28 11.16,-61 03 49.7,0.0,,17.9819,17.8752,Simbad
40.4490833,-20.7986944,45,1,02 41 47.78,-20 47 55.3,0.01016,,17.2533,17.1131,Simbad
40.4549167,-20.8151944,45,2,02 41 49.18,-20 48 54.7,0.025821,,17.1381,16.6727,Simbad
40.4600833,-20.8121944,45,3,02 41 50.42,-20 48 43.9,0.0,,17.9027,17.3259,Simbad
40.4715,-20.8153056,45,4,02 41 53.16,-20 48 55.1,0.0,,20.1531,19.7776,Simbad
41.45575,-5.5735278,46,1,02 45 49.38,-05 34 24.7,0.0,,20.0841,19.5913,Simbad
41.4672917,-5.5646667,46,2,02 45 52.15,-05 33 52.8,0.0,,19.9596,19.666,Simbad
41.470625,-5.5886944,46,3,02 45 52.95,-05 35 19.3,0.0,,17.5032,17.0847,Simbad
41.4837917,-5.5791944,46,4,02 45 56.11,-05 34 45.1,0.0,,20.1724,20.0092,Simbad
43.4315,-41.9773056,47,1,02 53 43.56,-41 58 38.3,0.0,,20.1271,19.9749,Simbad
43.4530833,-41.9665,47,2,02 53 48.74,-41 57 59.4,0.0,,20.0928,20.1872,Simbad
43.4537917,-41.9556944,47,3,02 53 48.91,-41 57 20.5,0.0,,19.7993,19.5954,Simbad
43.4652917,-41.9793889,47,4,02 53 51.67,-41 58 45.8,0.069815,,19.5092,19.0413,Simbad
45.0382083,-36.3808889,48,1,03 00 09.17,-36 22 51.2,0.0,,19.4241,19.5236,Simbad
45.0434167,-36.3586111,48,2,03 00 10.42,-36 21 31.0,0.0958,,19.519,18.9998,Simbad
45.0484167,-36.3516944,48,3,03 00 11.62,-36 21 06.1,0.0,,20.1719,18.9757,Simbad
45.0492917,-36.3561944,48,4,03 00 11.83,-36 21 22.3,0.0917,,17.6607,17.1745,Simbad
46.5429167,-42.6543889,49,1,03 06 10.30,-42 39 15.8,0.0,,20.125,19.3895,Simbad
46.5440833,-42.6673056,49,2,03 06 10.58,-42 40 02.3,0.0,,20.172,19.7835,Simbad
46.5680833,-42.6753889,49,3,03 06 16.34,-42 40 31.4,0.0,,18.832,18.5192,Simbad
46.5760833,-42.6745,49,4,03 06 18.26,-42 40 28.2,0.0,,18.1036,17.7971,Simbad
47.1419167,-47.2601111,50,1,03 08 34.06,-47 15 36.4,0.0,,20.0883,19.7824,Simbad
47.1469167,-47.2798056,50,2,03 08 35.26,-47 16 47.3,0.0,,20.2204,19.529,Simbad
47.1482917,-47.2853889,50,3,03 08 35.59,-47 17 07.4,0.0,,20.2912,19.9233,Simbad
47.1644167,-47.2723889,50,4,03 08 39.46,-47 16 20.6,0.0,,19.695,19.435,Simbad
47.527,-35.007,51,1,03 10 06.48,-35 00 25.2,0.0,,20.2593,20.1742,Simbad
47.5429167,-35.0083056,51,2,03 10 10.30,-35 00 29.9,0.0,,19.0606,18.3702,Simbad
47.5594167,-35.0298889,51,3,03 10 14.26,-35 01 47.6,0.0,,20.2179,19.1848,Simbad
47.5634167,-35.0186111,51,4,03 10 15.22,-35 01 07.0,0.0,,20.3004,20.3873,Simbad
50.0702083,-40.1783056,52,1,03 20 16.85,-40 10 41.9,0.0,,20.3204,20.3335,Simbad
50.0964167,-40.2083889,52,2,03 20 23.14,-40 12 30.2,0.0,,20.044,19.421,Simbad
50.0977083,-40.1853889,52,3,03 20 23.45,-40 11 07.4,0.0,,20.001,19.3614,Simbad
50.1264167,-40.2006111,52,4,03 20 30.34,-40 12 02.2,0.0,,20.1828,20.3188,Simbad
51.631,-42.8516111,53,1,03 26 31.44,-42 51 05.8,0.0,,19.9958,19.5678,Simbad
51.6342083,-42.8236944,53,2,03 26 32.21,-42 49 25.3,0.0,,19.5788,19.4646,Simbad
51.6362083,-42.8303889,53,3,03 26 32.69,-42 49 49.4,0.0,,20.2997,19.7664,Simbad
51.6395,-42.814,53,4,03 26 33.48,-42 48 50.4,0.0,,20.4018,19.2053,Simbad
52.9395833,-39.6141944,54,1,03 31 45.50,-39 36 51.1,0.0,,20.2266,20.073,Simbad
52.9467917,-39.6316111,54,2,03 31 47.23,-39 37 53.8,0.10668,,19.8661,19.5581,Simbad
52.9580833,-39.6315,54,3,03 31 49.94,-39 37 53.4,0.0,,20.3219,21.4014,Simbad
52.9720833,-39.6138056,54,4,03 31 53.30,-39 36 49.7,0.0,,18.6888,18.3777,Simbad
53.2539167,-47.6656944,55,1,03 33 00.94,-47 39 56.5,0.0,,20.2183,19.923,Simbad
53.2622083,-47.674,55,2,03 33 02.93,-47 40 26.4,0.0,,20.0421,19.7671,Simbad
53.2657917,-47.6608889,55,3,03 33 03.79,-47 39 39.2,0.0,,20.1609,19.6938,Simbad
53.2745833,-47.6536944,55,4,03 33 05.90,-47 39 13.3,0.0,,20.307,20.7464,Simbad
53.4352083,-30.3173889,56,1,03 33 44.45,-30 19 02.6,0.130297,,20.2098,19.575,Simbad
53.4385833,-30.3025,56,2,03 33 45.26,-30 18 09.0,0.1061,,20.3328,20.2223,Simbad
53.4432917,-30.3338889,56,3,03 33 46.39,-30 20 02.0,0.1064,,19.3753,18.7572,Simbad
53.4454167,-30.3058056,56,4,03 33 46.90,-30 18 20.9,0.0,,20.1442,19.4364,Simbad
53.782,-33.4826944,57,1,03 35 07.68,-33 28 57.7,0.0,,19.6652,18.7897,Simbad
53.791,-33.4801944,57,2,03 35 09.84,-33 28 48.7,0.0,,19.5296,19.0816,Simbad
53.8134167,-33.4673889,57,3,03 35 15.22,-33 28 02.6,0.0,,19.9118,20.3285,Simbad
53.8392917,-33.4756111,57,4,03 35 21.43,-33 28 32.2,0.0,,20.0022,19.7237,Simbad
54.5225833,-47.4058889,58,1,03 38 05.42,-47 24 21.2,0.0,,20.2363,19.9946,Simbad
54.5352917,-47.3871944,58,2,03 38 08.47,-47 23 13.9,0.0,,19.8911,19.4686,Simbad
54.5455,-47.4116944,58,3,03 38 10.92,-47 24 42.1,0.0,,20.2691,19.7303,Simbad
54.5492917,-47.3856111,58,4,03 38 11.83,-47 23 08.2,0.0,,18.9769,18.628,Simbad
55.1225833,-48.6423056,59,1,03 40 29.42,-48 38 32.3,0.0,,20.2824,19.4815,Simbad
55.1325,-48.6295,59,2,03 40 31.80,-48 37 46.2,0.0,,19.8076,19.7691,Simbad
55.1357083,-48.6258889,59,3,03 40 32.57,-48 37 33.2,0.0,,19.8994,19.4277,Simbad
55.151,-48.6245,59,4,03 40 36.24,-48 37 28.2,0.0,,18.0358,17.7545,Simbad
55.6107917,-41.1556944,60,1,03 42 26.59,-41 09 20.5,0.0,,20.0337,19.9131,Simbad
55.6112917,-41.1446111,60,2,03 42 26.71,-41 08 40.6,0.004923,,17.0741,16.6998,Simbad
55.6192917,-41.17,60,3,03 42 28.63,-41 10 12.0,0.0,,19.9046,18.1355,Simbad
55.6315,-41.1493889,60,4,03 42 31.56,-41 08 57.8,0.0,,20.0069,19.6158,Simbad
56.4230833,-12.3031111,61,1,03 45 41.54,-12 18 11.2,0.0,,18.8986,18.0137,Simbad
56.4277083,-12.2736944,61,2,03 45 42.65,-12 16 25.3,0.0,,18.9152,18.5487,Simbad
56.4292917,-12.296,61,3,03 45 43.03,-12 17 45.6,0.030718,,17.3148,16.9082,Simbad
56.4302083,-12.2628056,61,4,03 45 43.25,-12 15 46.1,0.0,,18.6762,18.1475,Simbad
57.7267083,-38.0846111,62,1,03 50 54.41,-38 05 04.6,0.0,,19.4063,18.679,Simbad
57.7299167,-38.0608889,62,2,03 50 55.18,-38 03 39.2,0.0,,19.4911,19.6442,Simbad
57.7312917,-38.0416944,62,3,03 50 55.51,-38 02 30.1,0.0,,19.8489,19.4295,Simbad
57.7415833,-38.0931111,62,4,03 50 57.98,-38 05 35.2,0.582,,17.6741,17.2139,Simbad
60.3062917,-65.0046111,63,1,04 01 13.51,-65 00 16.6,0.0,,17.7903,17.3981,Simbad
60.318,-64.9855,63,2,04 01 16.32,-64 59 07.8,0.0,,19.4361,18.9773,Simbad
60.3227083,-65.0266111,63,3,04 01 17.45,-65 01 35.8,0.0,,18.7897,18.3087,Simbad
60.3439167,-65.015,63,4,04 01 22.54,-65 00 54.0,0.0,,19.4801,19.4706,Simbad
64.1697917,0.2933056,64,1,04 16 40.75,+00 17 35.9,0.0,,19.3124,18.7293,Simbad
64.179,0.2730278,64,2,04 16 42.96,+00 16 22.9,0.0339,,17.6229,17.2738,Simbad
64.1815833,0.2498611,64,3,04 16 43.58,+00 14 59.5,0.0,,18.8935,18.0679,Simbad
64.1831667,0.2717778,64,4,04 16 43.96,+00 16 18.4,0.0332,,18.4487,18.3673,Simbad
67.5405,6.9453333,65,1,04 30 09.72,+06 56 43.2,0.0,,16.4891,15.8207,Simbad
67.5440417,6.9351111,65,2,04 30 10.57,+06 56 06.4,0.0,,16.8966,16.4402,Simbad
67.54525,6.9443056,65,3,04 30 10.86,+06 56 39.5,0.014563,,16.464,16.0429,Simbad
67.5501667,6.9383889,65,4,04 30 12.04,+06 56 18.2,0.0,,16.6566,16.339,Simbad
70.5225,-23.2491111,66,1,04 42 05.40,-23 14 56.8,0.0,,19.5624,18.8577,Simbad
70.5407917,-23.2371944,66,2,04 42 09.79,-23 14 13.9,0.0,,18.498,18.307,Simbad
70.5435,-23.25,66,3,04 42 10.44,-23 15 00.0,0.067166,,17.8119,17.4579,Simbad
70.552,-23.2428056,66,4,04 42 12.48,-23 14 34.1,0.0,,20.0172,19.403,Simbad
71.076,-21.88,67,1,04 44 18.24,-21 52 48.0,0.075992,,19.8633,18.7864,Simbad
71.0835,-21.8783056,67,2,04 44 20.04,-21 52 41.9,0.0,,19.8884,19.6569,Simbad
71.1059167,-21.8651944,67,3,04 44 25.42,-21 51 54.7,0.0,,19.908,19.622,Simbad
71.1244167,-21.8793056,67,4,04 44 29.86,-21 52 45.5,0.0,,19.9182,19.2707,Simbad
73.3445,-36.2468056,68,1,04 53 22.68,-36 14 48.5,0.0,,20.0759,20.155,Simbad
73.3592083,-36.2675,68,2,04 53 26.21,-36 16 03.0,0.0,,19.9725,19.3209,Simbad
73.368,-36.2591944,68,3,04 53 28.32,-36 15 33.1,0.0,,20.2777,20.2564,Simbad
73.381,-36.2401111,68,4,04 53 31.44,-36 14 24.4,0.0,,19.6429,19.4577,Simbad
76.1187917,-18.6788889,69,1,05 04 28.51,-18 40 44.0,0.079085,,18.2154,17.7263,Simbad
76.1237083,-18.7135,69,2,05 04 29.69,-18 42 48.6,0.0,,19.4487,19.389,Simbad
76.1287083,-18.6956944,69,3,05 04 30.89,-18 41 44.5,0.0,,18.8713,18.9183,Simbad
76.1287917,-18.6566944,69,4,05 04 30.91,-18 39 24.1,0.0,,18.0745,18.3379,Simbad
79.1025833,-48.5623889,70,1,05 16 24.62,-48 33 44.6,0.0,,19.5103,19.0836,Simbad
79.1155833,-48.564,70,2,05 16 27.74,-48 33 50.4,0.0,,20.0676,19.5426,Simbad
79.128,-48.5423889,70,3,05 16 30.72,-48 32 32.6,0.0,,18.1419,18.57,Simbad
79.1495833,-48.5511111,70,4,05 16 35.90,-48 33 04.0,0.0,,19.2605,18.5868,Simbad
83.3545833,-27.6813056,71,1,05 33 25.10,-27 40 52.7,0.0,,19.0039,18.844,Simbad
83.3680833,-27.6753889,71,2,05 33 28.34,-27 40 31.4,0.0,,20.1657,19.744,Simbad
83.3945833,-27.6761111,71,3,05 33 34.70,-27 40 34.0,0.0,,19.829,19.544,Simbad
83.3952917,-27.663,71,4,05 33 34.87,-27 39 46.8,0.0,,19.2887,18.7714,Simbad
97.1695833,-69.6801111,72,1,06 28 40.70,-69 40 48.4,0.0,,19.315,18.3971,Simbad
97.2225,-69.7158056,72,2,06 28 53.40,-69 42 56.9,0.0,,16.8821,16.4117,Simbad
97.2229167,-69.6971944,72,3,06 28 53.50,-69 41 49.9,0.03368,,17.1027,16.566,Simbad
97.2234167,-69.6858056,72,4,06 28 53.62,-69 41 08.9,0.0,,18.1227,17.5059,Simbad
123.2086667,47.4428333,73,1,08 12 50.08,+47 26 34.2,0.03947,,17.5178,17.2133,Simbad
123.21075,47.4163333,73,2,08 12 50.58,+47 24 58.8,0.0,,19.4123,19.3917,Simbad
123.211875,47.4246667,73,3,08 12 50.85,+47 25 28.8,0.0,,19.574,19.7176,Simbad
123.2463333,47.4231111,73,4,08 12 59.12,+47 25 23.2,0.0,,19.2158,19.369,Simbad
128.6623333,15.7635,74,1,08 34 38.96,+15 45 48.6,0.106065,,20.134,20.3349,Simbad
128.6678333,15.7862222,74,2,08 34 40.28,+15 47 10.4,0.105406,,19.1938,18.708,Simbad
128.6841667,15.79075,74,3,08 34 44.20,+15 47 26.7,0.10596,,20.1518,19.9021,Simbad
128.7061667,15.7977222,74,4,08 34 49.48,+15 47 51.8,0.231664,,19.777,19.5979,Simbad
129.71075,1.4048056,75,1,08 38 50.58,+01 24 17.3,0.029043,,17.0008,16.6972,Simbad
129.7160417,1.3833056,75,2,08 38 51.85,+01 22 59.9,0.0,,19.7277,20.1607,Simbad
129.7180833,1.3992222,75,3,08 38 52.34,+01 23 57.2,0.029274,,18.8654,17.7049,Simbad
129.730875,1.4126667,75,4,08 38 55.41,+01 24 45.6,0.0,,19.8259,19.7407,Simbad
134.2855,39.2580833,76,1,08 57 08.52,+39 15 29.1,0.0,,19.7883,19.7072,Simbad
134.3005833,39.25475,76,2,08 57 12.14,+39 15 17.1,0.0,,20.0872,19.3049,Simbad
134.3206667,39.2626389,76,3,08 57 16.96,+39 15 45.5,0.095578,,19.823,19.0635,Simbad
134.3484583,39.2672222,76,4,08 57 23.63,+39 16 02.0,0.028614,,18.0901,17.6354,Simbad
137.1614583,30.8896944,77,1,09 08 38.75,+30 53 22.9,0.062972,,19.5628,19.2453,Simbad
137.1627083,30.8783889,77,2,09 08 39.05,+30 52 42.2,0.06384,,19.2267,18.9237,Simbad
137.167625,30.8896944,77,3,09 08 40.23,+30 53 22.9,0.0,,20.1497,20.6063,Simbad
137.1824583,30.8914167,77,4,09 08 43.79,+30 53 29.1,0.063449,,17.7566,17.3719,Simbad
139.9003333,55.5794167,78,1,09 19 36.08,+55 34 45.9,0.049199,,18.2166,17.7439,Simbad
139.936,55.5924722,78,2,09 19 44.64,+55 35 32.9,0.0,,19.2353,19.2044,Simbad
139.9484583,55.5683056,78,3,09 19 47.63,+55 34 05.9,0.0,,19.9815,19.7047,Simbad
139.9712083,55.5782778,78,4,09 19 53.09,+55 34 41.8,0.047727,,18.8992,19.0725,Simbad
143.0164167,16.01375,79,1,09 32 03.94,+16 00 49.5,0.040354,,19.5471,19.384,Simbad
143.0318333,15.9982778,79,2,09 32 07.64,+15 59 53.8,0.040148,,18.0179,17.7452,Simbad
143.045375,15.9888889,79,3,09 32 10.89,+15 59 20.0,0.0,,18.3641,17.9056,Simbad
143.0553333,15.9898889,79,4,09 32 13.28,+15 59 23.6,0.039894,,19.6218,19.2116,Simbad
145.4162917,37.1171389,80,1,09 41 39.91,+37 07 01.7,0.050991,,19.2339,18.894,Simbad
145.434125,37.1228333,80,2,09 41 44.19,+37 07 22.2,0.0,,20.1809,20.0377,Simbad
145.4555417,37.1136389,80,3,09 41 49.33,+37 06 49.1,0.09693,,20.1062,19.743,Simbad
145.4695417,37.0969444,80,4,09 41 52.69,+37 05 49.0,0.0,,20.0569,19.421,Simbad
146.1251667,28.5344167,81,1,09 44 30.04,+28 32 03.9,0.0,,19.3833,19.1419,Simbad
146.1288333,28.5403333,81,2,09 44 30.92,+28 32 25.2,0.098052,,20.072,19.5636,Simbad
146.1390833,28.5343889,81,3,09 44 33.38,+28 32 03.8,0.052644,,19.3343,19.0806,Simbad
146.162375,28.5475556,81,4,09 44 38.97,+28 32 51.2,0.0,,19.974,19.9051,Simbad
151.6805833,53.4269444,82,1,10 06 43.34,+53 25 37.0,0.043871,,18.8479,18.7368,Simbad
151.71175,53.4374444,82,2,10 06 50.82,+53 26 14.8,0.047626,,19.2345,18.9473,Simbad
151.7219583,53.46125,82,3,10 06 53.27,+53 27 40.5,0.0,,19.4811,19.3911,Simbad
151.7375,53.4260556,82,4,10 06 57.00,+53 25 33.8,0.0,,20.2857,20.2501,Simbad
152.006625,42.9576667,83,1,10 08 01.59,+42 57 27.6,0.0,,20.2331,19.5977,Simbad
152.019625,42.9319444,83,2,10 08 04.71,+42 55 55.0,0.073963,,20.3049,19.5788,Simbad
152.0386667,42.9493889,83,3,10 08 09.28,+42 56 57.8,0.0,,18.7364,18.4047,Simbad
152.07075,42.9466111,83,4,10 08 16.98,+42 56 47.8,0.0,,20.0622,19.7244,Simbad
152.646625,64.223,84,1,10 10 35.19,+64 13 22.8,0.0,,19.0533,18.7823,Simbad
152.6524583,64.2119444,84,2,10 10 36.59,+64 12 43.0,0.039536,,18.7855,18.2764,Simbad
152.657,64.1942778,84,3,10 10 37.68,+64 11 39.4,0.0,,17.6788,17.987,Simbad
152.6614583,64.2260556,84,4,10 10 38.75,+64 13 33.8,0.0,,18.3719,18.0486,Simbad
153.2433333,17.05625,85,1,10 12 58.40,+17 03 22.5,0.06559,,19.5407,18.7946,Simbad
153.2437917,17.0309167,85,2,10 12 58.51,+17 01 51.3,0.022,,18.2807,17.7356,Simbad
153.2554583,17.0343333,85,3,10 13 01.31,+17 02 03.6,0.022012,,17.6141,16.6857,Simbad
153.2743333,17.0439167,85,4,10 13 05.84,+17 02 38.1,0.022102,,19.1427,18.5246,Simbad
154.5929167,49.8418889,86,1,10 18 22.30,+49 50 30.8,0.0,,20.3477,20.4544,Simbad
154.606125,49.8539444,86,2,10 18 25.47,+49 51 14.2,0.0,,19.7013,19.7633,Simbad
154.617125,49.8454167,86,3,10 18 28.11,+49 50 43.5,0.140841,,20.0075,19.1592,Simbad
154.6474167,49.8599722,86,4,10 18 35.38,+49 51 35.9,0.148973,,19.6021,19.4955,Simbad
155.619875,36.5650278,87,1,10 22 28.77,+36 33 54.1,0.0,,20.2911,20.5993,Simbad
155.6253333,36.5995278,87,2,10 22 30.08,+36 35 58.3,0.026795,,18.2078,17.8607,Simbad
155.6260833,36.5912778,87,3,10 22 30.26,+36 35 28.6,0.106861,,19.9136,19.7667,Simbad
155.6328333,36.5871944,87,4,10 22 31.88,+36 35 13.9,0.026164,,19.8002,19.3193,Simbad
155.9302917,33.4204444,88,1,10 23 43.27,+33 25 13.6,0.0,,20.2554,20.4262,Simbad
155.9374583,33.4140833,88,2,10 23 44.99,+33 24 50.7,0.11571,,19.9572,19.8367,Simbad
155.9427083,33.4139444,88,3,10 23 46.25,+33 24 50.2,0.115493,,19.9797,19.3224,Simbad
155.9666667,33.4050556,88,4,10 23 52.00,+33 24 18.2,0.124611,,19.6482,19.3337,Simbad
157.0207083,31.2303889,89,1,10 28 04.97,+31 13 49.4,0.0,,19.2632,18.8696,Simbad
157.02075,31.1970833,89,2,10 28 04.98,+31 11 49.5,0.0,,20.3297,20.0245,Simbad
157.0305417,31.2297222,89,3,10 28 07.33,+31 13 47.0,0.240906,,19.448,20.0023,Simbad
157.0344583,31.2068056,89,4,10 28 08.27,+31 12 24.5,0.044971,,19.636,19.0203,Simbad
160.097625,24.21825,90,1,10 40 23.43,+24 13 05.7,0.111183,,19.8978,19.2629,Simbad
160.0996667,24.2369167,90,2,10 40 23.92,+24 14 12.9,0.0,,19.9081,19.713,Simbad
160.1055417,24.22875,90,3,10 40 25.33,+24 13 43.5,0.04348,,20.0607,19.7605,Simbad
160.118,24.2342778,90,4,10 40 28.32,+24 14 03.4,0.043596,,18.1698,17.7702,Simbad
161.0696667,2.7880833,91,1,10 44 16.72,+02 47 17.1,0.022068,,18.7937,18.1974,Simbad
161.0745417,2.8017222,91,2,10 44 17.89,+02 48 06.2,0.02192,,19.1449,18.6069,Simbad
161.0840833,2.8059167,91,3,10 44 20.18,+02 48 21.3,0.101,,18.9757,18.346,Simbad
161.0893333,2.7936389,91,4,10 44 21.44,+02 47 37.1,0.021862,,18.4175,18.0141,Simbad
161.5750417,43.0216944,92,1,10 46 18.01,+43 01 18.1,0.074386,,17.8693,17.4327,Simbad
161.5822917,43.0348056,92,2,10 46 19.75,+43 02 05.3,0.0,,19.689,19.3298,Simbad
161.5865417,43.02,92,3,10 46 20.77,+43 01 12.0,0.074186,,18.6429,18.1421,Simbad
161.6104583,43.0195,92,4,10 46 26.51,+43 01 10.2,0.073935,,18.9124,18.4313,Simbad
161.7857083,-2.3588611,93,1,10 47 08.57,-02 21 31.9,0.0364,,18.7893,18.1885,Simbad
161.7987917,-2.3111111,93,2,10 47 11.71,-02 18 40.0,0.0715,,19.5142,18.6647,Simbad
161.8019167,-2.3326944,93,3,10 47 12.46,-02 19 57.7,0.036855,,18.0534,17.7137,Simbad
161.8035833,-2.3436944,93,4,10 47 12.86,-02 20 37.3,0.0,,18.7019,19.4927,Simbad
162.988625,45.6075556,94,1,10 51 57.27,+45 36 27.2,0.131261,,19.8974,19.8669,Simbad
162.9989167,45.5936667,94,2,10 51 59.74,+45 35 37.2,0.130707,,19.8936,19.4203,Simbad
163.009,45.5908333,94,3,10 52 02.16,+45 35 27.0,0.0,,20.1448,19.4311,Simbad
163.0300417,45.6064444,94,4,10 52 07.21,+45 36 23.2,0.0,,20.1652,20.228,Simbad
164.8595417,4.4300833,95,1,10 59 26.29,+04 25 48.3,0.0,,18.581,18.1134,Simbad
164.864,4.4453889,95,2,10 59 27.36,+04 26 43.4,0.062221,,19.2227,18.9417,Simbad
164.866375,4.4511111,95,3,10 59 27.93,+04 27 04.0,0.0,,19.9469,20.3514,Simbad
164.872375,4.4518333,95,4,10 59 29.37,+04 27 06.6,0.0,,19.9588,20.7048,Simbad
165.28175,16.7693333,96,1,11 01 07.62,+16 46 09.6,0.0,,18.3342,17.5149,Simbad
165.283625,16.7343611,96,2,11 01 08.07,+16 44 03.7,0.0,,19.9801,19.6898,Simbad
165.289875,16.7523056,96,3,11 01 09.57,+16 45 08.3,0.0,,20.2748,19.9591,Simbad
165.302625,16.72475,96,4,11 01 12.63,+16 43 29.1,0.028677,,17.6494,17.0791,Simbad
167.5129583,-1.0055833,97,1,11 10 03.11,-01 00 20.1,0.1085,,19.9649,19.8238,Simbad
167.5169583,-1.00475,97,2,11 10 04.07,-01 00 17.1,0.109852,,20.0003,19.0302,Simbad
167.5261667,-1.0212778,97,3,11 10 06.28,-01 01 16.6,0.109589,,19.4421,19.5229,Simbad
167.5389167,-1.0134167,97,4,11 10 09.34,-01 00 48.3,0.0,,19.7947,19.4342,Simbad
167.9827083,29.4330556,98,1,11 11 55.85,+29 25 59.0,0.0,,20.1151,19.46,Simbad
167.9985,29.4277778,98,2,11 11 59.64,+29 25 40.0,0.028823,,18.7861,18.2085,Simbad
168.0025417,29.4058333,98,3,11 12 00.61,+29 24 21.0,0.048454,,20.2534,19.6501,Simbad
168.02025,29.4014444,98,4,11 12 04.86,+29 24 05.2,0.033857,,19.4134,19.2809,Simbad
168.4134583,39.3354444,99,1,11 13 39.23,+39 20 07.6,0.10736,,19.673,18.9552,Simbad
168.4286667,39.3337778,99,2,11 13 42.88,+39 20 01.6,0.0,,18.8426,18.7951,Simbad
168.436875,39.328,99,3,11 13 44.85,+39 19 40.8,0.066876,,18.9919,18.595,Simbad
168.4555,39.3463889,99,4,11 13 49.32,+39 20 47.0,0.07595,,19.8436,19.4953,Simbad
169.4995833,30.5485278,100,1,11 17 59.90,+30 32 54.7,0.060382,,19.7228,19.1721,Simbad
169.5037917,30.54075,100,2,11 18 00.91,+30 32 26.7,0.024726,,19.8092,19.5097,Simbad
169.525,30.5303611,100,3,11 18 06.00,+30 31 49.3,0.082091,,19.8578,19.281,Simbad
169.5322917,30.5202778,100,4,11 18 07.75,+30 31 13.0,0.0,,19.535,19.2262,Simbad
169.9184167,-6.5179444,101,1,11 19 40.42,-06 31 04.6,0.0,,20.0497,19.0794,Simbad
169.919375,-6.4993889,101,2,11 19 40.65,-06 29 57.8,0.0,,19.5155,18.5343,Simbad
169.9207917,-6.4936389,101,3,11 19 40.99,-06 29 37.1,0.06271,,18.8124,18.5047,Simbad
169.923125,-6.5249722,101,4,11 19 41.55,-06 31 29.9,0.0,,19.3042,18.6798,Simbad
170.4999583,42.8020556,102,1,11 21 59.99,+42 48 07.4,0.0,,20.3199,20.4746,Simbad
170.5130417,42.8201111,102,2,11 22 03.13,+42 49 12.4,0.0,,17.2687,16.661,Simbad
170.5304167,42.7918056,102,3,11 22 07.30,+42 47 30.5,0.071663,,19.4322,18.8617,Simbad
170.533375,42.7998611,102,4,11 22 08.01,+42 47 59.5,0.071649,,18.7588,18.3897,Simbad
170.6732083,46.8752778,103,1,11 22 41.57,+46 52 31.0,0.053893,,20.1214,19.2872,Simbad
170.6779583,46.8760833,103,2,11 22 42.71,+46 52 33.9,0.0,,20.2315,19.4011,Simbad
170.6800833,46.8552778,103,3,11 22 43.22,+46 51 19.0,0.053068,,18.7206,18.4972,Simbad
170.691375,46.8910833,103,4,11 22 45.93,+46 53 27.9,0.053545,,19.4707,19.2903,Simbad
171.9512083,-0.4833333,104,1,11 27 48.29,-00 29 00.0,0.0,,18.1166,18.1367,Simbad
171.9603333,-0.4510556,104,2,11 27 50.48,-00 27 03.8,0.062384,,19.2482,19.3748,Simbad
171.9636667,-0.4697222,104,3,11 27 51.28,-00 28 11.0,0.06133,,18.8185,18.1929,Simbad
171.9805,-0.4723056,104,4,11 27 55.32,-00 28 20.3,0.062177,,20.1101,19.7354,Simbad
172.9370833,15.4089722,105,1,11 31 44.90,+15 24 32.3,0.068909,,19.6858,19.1132,Simbad
172.9413333,15.4174722,105,2,11 31 45.92,+15 25 02.9,0.0,,18.4876,18.4419,Simbad
172.9442083,15.3893333,105,3,11 31 46.61,+15 23 21.6,0.06886,,19.7022,18.9028,Simbad
172.9541667,15.4067222,105,4,11 31 49.00,+15 24 24.2,0.06899,,20.171,19.5655,Simbad
173.830875,54.9497778,106,1,11 35 19.41,+54 56 59.2,0.060588,,18.8622,18.6836,Simbad
173.8534167,54.9634167,106,2,11 35 24.82,+54 57 48.3,0.055501,,19.5485,19.0667,Simbad
173.859625,54.9597222,106,3,11 35 26.31,+54 57 35.0,0.054225,,19.1092,18.759,Simbad
173.880625,54.9806111,106,4,11 35 31.35,+54 58 50.2,0.0,,20.101,20.0384,Simbad
174.151875,21.6787778,107,1,11 36 36.45,+21 40 43.6,0.063601,,17.9875,17.572,Simbad
174.1568333,21.6902778,107,2,11 36 37.64,+21 41 25.0,0.06264,,18.8334,18.3545,Simbad
174.1681667,21.7000556,107,3,11 36 40.36,+21 42 00.2,0.063183,,20.0876,19.3427,Simbad
174.1893333,21.7097222,107,4,11 36 45.44,+21 42 35.0,0.025207,,17.9364,17.5529,Simbad
174.2470833,12.44825,108,1,11 36 59.30,+12 26 53.7,0.118659,,19.5185,19.0055,Simbad
174.254875,12.4570278,108,2,11 37 01.17,+12 27 25.3,0.0,,20.0542,19.4947,Simbad
174.2608333,12.45925,108,3,11 37 02.60,+12 27 33.3,0.117315,,19.4283,18.712,Simbad
174.2656667,12.4578333,108,4,11 37 03.76,+12 27 28.2,0.0,,19.6762,19.369,Simbad
174.726,3.5772778,109,1,11 38 54.24,+03 34 38.2,0.0,,17.9999,17.7079,Simbad
174.7290417,3.5808056,109,2,11 38 54.97,+03 34 50.9,0.018661,,18.3366,17.8415,Simbad
174.7302917,3.6006389,109,3,11 38 55.27,+03 36 02.3,0.018683,,19.5952,19.3148,Simbad
174.73125,3.5844444,109,4,11 38 55.50,+03 35 04.0,0.0,,17.9546,17.3679,Simbad
178.3423333,58.1328333,110,1,11 53 22.16,+58 07 58.2,0.065903,,19.3932,18.8232,Simbad
178.3504583,58.1318333,110,2,11 53 24.11,+58 07 54.6,0.065955,,20.0499,19.4929,Simbad
178.3600417,58.11225,110,3,11 53 26.41,+58 06 44.1,0.06456,,19.7324,19.2437,Simbad
178.3957917,58.1212222,110,4,11 53 34.99,+58 07 16.4,0.06371,,18.6576,18.3315,Simbad
178.4515,51.0118889,111,1,11 53 48.36,+51 00 42.8,0.065244,,19.075,18.4935,Simbad
178.4619583,51.0316111,111,2,11 53 50.87,+51 01 53.8,0.078598,,19.2952,18.6614,Simbad
178.4815833,51.0564444,111,3,11 53 55.58,+51 03 23.2,0.0,,20.1815,19.8835,Simbad
178.4895833,51.048,111,4,11 53 57.50,+51 02 52.8,0.126289,,19.8802,19.2041,Simbad
179.0539167,25.3776389,112,1,11 56 12.94,+25 22 39.5,0.0,,19.8482,20.5002,Simbad
179.060875,25.3543889,112,2,11 56 14.61,+25 21 15.8,0.032261,,19.655,19.0283,Simbad
179.0775,25.3881111,112,3,11 56 18.60,+25 23 17.2,1.03799,,19.8295,18.87,Simbad
179.08675,25.3751944,112,4,11 56 20.82,+25 22 30.7,0.015781,,17.2127,16.8351,Simbad
179.1824167,22.4986111,113,1,11 56 43.78,+22 29 55.0,0.08939,,19.8022,19.3868,Simbad
179.1850417,22.5043333,113,2,11 56 44.41,+22 30 15.6,0.0,,20.2318,20.0994,Simbad
179.1918333,22.5026111,113,3,11 56 46.04,+22 30 09.4,0.0,,19.9486,19.3713,Simbad
179.19475,22.4981389,113,4,11 56 46.74,+22 29 53.3,0.0,,20.1393,19.8345,Simbad
182.5039167,44.6606389,114,1,12 10 00.94,+44 39 38.3,0.022866,,19.482,19.1721,Simbad
182.5346667,44.6521667,114,2,12 10 08.32,+44 39 07.8,0.022862,,20.3218,20.1495,Simbad
182.5374583,44.6781389,114,3,12 10 08.99,+44 40 41.3,0.069837,,18.6932,18.4012,Simbad
182.5598333,44.66625,114,4,12 10 14.36,+44 39 58.5,0.065983,,18.419,18.0008,Simbad
183.4327083,42.7773056,115,1,12 13 43.85,+42 46 38.3,0.110488,,19.7189,19.6491,Simbad
183.44375,42.7790833,115,2,12 13 46.50,+42 46 44.7,0.0,,20.2189,19.6936,Simbad
183.44575,42.7610278,115,3,12 13 46.98,+42 45 39.7,0.0,,19.5387,19.7916,Simbad
183.458375,42.7525,115,4,12 13 50.01,+42 45 09.0,0.099166,,20.1714,19.44,Simbad
183.7737083,41.2945,116,1,12 15 05.69,+41 17 40.2,0.0,,20.2449,20.2041,Simbad
183.78975,41.2685278,116,2,12 15 09.54,+41 16 06.7,0.037826,,19.8198,19.8352,Simbad
183.7917083,41.2878889,116,3,12 15 10.01,+41 17 16.4,0.098972,,19.3691,19.1141,Simbad
183.7924167,41.2440833,116,4,12 15 10.18,+41 14 38.7,0.0,,19.7118,20.2832,Simbad
184.4296667,20.7417778,117,1,12 17 43.12,+20 44 30.4,0.0,,20.2009,20.2715,Simbad
184.436,20.7414722,117,2,12 17 44.64,+20 44 29.3,0.123136,,19.7555,19.4056,Simbad
184.44,20.7372222,117,3,12 17 45.60,+20 44 14.0,0.121928,,18.4435,17.9494,Simbad
184.4441667,20.7545278,117,4,12 17 46.60,+20 45 16.3,0.075773,,20.15,19.4451,Simbad
184.9050833,65.0914167,118,1,12 19 37.22,+65 05 29.1,0.09687,,20.1049,19.5411,Simbad
184.9189583,65.1230833,118,2,12 19 40.55,+65 07 23.1,0.0,,19.981,20.0491,Simbad
184.9332083,65.1018333,118,3,12 19 43.97,+65 06 06.6,0.081962,,19.7028,19.4536,Simbad
184.9687917,65.1022222,118,4,12 19 52.51,+65 06 08.0,0.064587,,19.3906,18.8135,Simbad
186.9567083,36.3491389,119,1,12 27 49.61,+36 20 56.9,0.033811,,19.0195,18.7947,Simbad
186.965625,36.3649444,119,2,12 27 51.75,+36 21 53.8,0.033885,,18.2484,18.193,Simbad
186.9813333,36.3628056,119,3,12 27 55.52,+36 21 46.1,0.0,,20.2723,20.0056,Simbad
186.9919167,36.3671944,119,4,12 27 58.06,+36 22 01.9,0.0,,19.3614,19.3138,Simbad
187.2919583,38.93125,120,1,12 29 10.07,+38 55 52.5,0.052832,,19.8534,19.5216,Simbad
187.3200833,38.9365556,120,2,12 29 16.82,+38 56 11.6,0.0,,20.3131,20.1378,Simbad
187.3215,38.9545833,120,3,12 29 17.16,+38 57 16.5,0.0,,20.2525,20.9044,Simbad
187.3240417,38.947,120,4,12 29 17.77,+38 56 49.2,0.0,,20.049,19.8367,Simbad
188.3944583,19.8518611,121,1,12 33 34.67,+19 51 06.7,0.073587,,18.937,18.3685,Simbad
188.4076667,19.8663333,121,2,12 33 37.84,+19 51 58.8,0.073425,,19.39,19.1084,Simbad
188.4134583,19.8791389,121,3,12 33 39.23,+19 52 44.9,0.073886,,19.5194,19.4525,Simbad
188.43525,19.8655556,121,4,12 33 44.46,+19 51 56.0,0.0,,20.0512,20.109,Simbad
190.3042917,18.3026944,122,1,12 41 13.03,+18 18 09.7,0.068894,,20.0103,19.1732,Simbad
190.3135417,18.3040833,122,2,12 41 15.25,+18 18 14.7,0.0,,20.1606,20.0816,Simbad
190.3350833,18.3066944,122,3,12 41 20.42,+18 18 24.1,0.077262,,19.8859,19.4603,Simbad
190.3519167,18.3133889,122,4,12 41 24.46,+18 18 48.2,0.070976,,19.7469,18.957,Simbad
190.3231667,52.7966111,123,1,12 41 17.56,+52 47 47.8,0.033051,,20.3207,19.851,Simbad
190.3610833,52.7991667,123,2,12 41 26.66,+52 47 57.0,0.0,,20.3519,20.178,Simbad
190.3700417,52.8128611,123,3,12 41 28.81,+52 48 46.3,0.054238,,19.2657,18.9509,Simbad
190.395125,52.8106944,123,4,12 41 34.83,+52 48 38.5,0.054624,,18.9729,18.6189,Simbad
191.2624583,35.6508056,124,1,12 45 02.99,+35 39 02.9,0.0,,18.9682,20.0243,Simbad
191.2644583,35.6227222,124,2,12 45 03.47,+35 37 21.8,0.0,,19.2146,20.3381,Simbad
191.2710833,35.64425,124,3,12 45 05.06,+35 38 39.3,0.0,,19.1045,19.9318,Simbad
191.2732917,35.6641944,124,4,12 45 05.59,+35 39 51.1,0.0,,20.1127,20.9793,Simbad
191.2887083,23.0389722,125,1,12 45 09.29,+23 02 20.3,0.022935,,19.0413,18.3178,Simbad
191.2985,23.0417222,125,2,12 45 11.64,+23 02 30.2,0.0,,18.509,17.8486,Simbad
191.2987917,23.0366944,125,3,12 45 11.71,+23 02 12.1,0.023263,,19.3365,18.5473,Simbad
191.3055417,23.0251111,125,4,12 45 13.33,+23 01 30.4,0.0,,18.564,18.3136,Simbad
195.7295,5.5209722,126,1,13 02 55.08,+05 31 15.5,0.069161,,19.59,19.1144,Simbad
195.7322083,5.5409167,126,2,13 02 55.73,+05 32 27.3,0.070755,,18.952,18.4697,Simbad
195.7341667,5.5120833,126,3,13 02 56.20,+05 30 43.5,0.069217,,19.3182,18.721,Simbad
195.7352917,5.5175278,126,4,13 02 56.47,+05 31 03.1,0.069331,,19.7426,19.3619,Simbad
196.24625,40.7774722,127,1,13 04 59.10,+40 46 38.9,0.0,,20.3218,20.3048,Simbad
196.2628333,40.7646389,127,2,13 05 03.08,+40 45 52.7,0.056874,,18.4059,17.8313,Simbad
196.2695,40.7479167,127,3,13 05 04.68,+40 44 52.5,0.035218,,18.1951,17.787,Simbad
196.281625,40.7554444,127,4,13 05 07.59,+40 45 19.6,0.035248,,20.0173,19.839,Simbad
196.7338333,40.035,128,1,13 06 56.12,+40 02 06.0,0.0,,19.693,19.3617,Simbad
196.7407083,40.0213889,128,2,13 06 57.77,+40 01 17.0,0.074735,,19.1851,18.8654,Simbad
196.74675,40.0255556,128,3,13 06 59.22,+40 01 32.0,0.0,,20.0251,19.9904,Simbad
196.7571667,40.0253889,128,4,13 07 01.72,+40 01 31.4,0.075013,,19.6762,19.3157,Simbad
197.182,28.8907778,129,1,13 08 43.68,+28 53 26.8,0.0612,,19.5608,19.1073,Simbad
197.1840833,28.8831944,129,2,13 08 44.18,+28 52 59.5,0.264,,20.0177,20.2665,Simbad
197.1938333,28.8796667,129,3,13 08 46.52,+28 52 46.8,0.060895,,18.8495,18.3498,Simbad
197.2115833,28.8863056,129,4,13 08 50.78,+28 53 10.7,0.079628,,19.4403,18.7176,Simbad
197.4529167,30.4293333,130,1,13 09 48.70,+30 25 45.6,0.05061,,19.3669,19.2267,Simbad
197.4724583,30.4283056,130,2,13 09 53.39,+30 25 41.9,0.0,,19.7953,19.5585,Simbad
197.4832083,30.4215278,130,3,13 09 55.97,+30 25 17.5,0.0,,18.4662,18.1993,Simbad
197.4915,30.4169444,130,4,13 09 57.96,+30 25 01.0,0.050618,,19.9385,19.0712,Simbad
197.98225,59.8301111,131,1,13 11 55.74,+59 49 48.4,0.07696,,19.4814,19.2098,Simbad
198.0054167,59.8323611,131,2,13 12 01.30,+59 49 56.5,0.0,,20.2,20.1072,Simbad
198.0282083,59.8323056,131,3,13 12 06.77,+59 49 56.3,0.076839,,19.5906,19.4031,Simbad
198.0438333,59.8270833,131,4,13 12 10.52,+59 49 37.5,0.0,,19.4928,19.3441,Simbad
198.2609583,12.6975833,132,1,13 13 02.63,+12 41 51.3,0.060622,,18.6507,18.3338,Simbad
198.2679583,12.7138056,132,2,13 13 04.31,+12 42 49.7,0.029737,,17.9483,17.3989,Simbad
198.2802917,12.6615278,132,3,13 13 07.27,+12 39 41.5,0.178535,,20.018,19.4231,Simbad
198.281375,12.6835278,132,4,13 13 07.53,+12 41 00.7,0.030082,,19.2885,19.0654,Simbad
198.4354583,6.9923056,133,1,13 13 44.51,+06 59 32.3,0.021535,,18.2283,17.4386,Simbad
198.4397917,6.9769444,133,2,13 13 45.55,+06 58 37.0,0.0,,20.1991,20.3054,Simbad
198.4551667,6.9625,133,3,13 13 49.24,+06 57 45.0,0.023963,,18.2032,17.8103,Simbad
198.476125,6.9612778,133,4,13 13 54.27,+06 57 40.6,0.021185,,17.8059,17.4161,Simbad
198.5667917,17.2341667,134,1,13 14 16.03,+17 14 03.0,0.072823,,18.7741,18.3593,Simbad
198.5740833,17.218,134,2,13 14 17.78,+17 13 04.8,0.0,,19.6311,19.2439,Simbad
198.576875,17.2043333,134,3,13 14 18.45,+17 12 15.6,0.072724,,19.6004,18.9871,Simbad
198.57775,17.2473056,134,4,13 14 18.66,+17 14 50.3,0.0,,19.6725,19.7997,Simbad
198.664375,21.8091389,135,1,13 14 39.45,+21 48 32.9,0.062813,,19.3531,18.9234,Simbad
198.67325,21.79325,135,2,13 14 41.58,+21 47 35.7,0.0629,,18.2469,17.5721,Simbad
198.6822917,21.7986389,135,3,13 14 43.75,+21 47 55.1,0.063009,,18.9592,18.5112,Simbad
198.6871667,21.8151667,135,4,13 14 44.92,+21 48 54.6,0.0,,19.7059,19.4121,Simbad
199.6984167,33.5308889,136,1,13 18 47.62,+33 31 51.2,0.104214,,19.9382,19.4749,Simbad
199.71775,33.5395556,136,2,13 18 52.26,+33 32 22.4,0.038,,18.8518,18.5336,Simbad
199.7297917,33.551,136,3,13 18 55.15,+33 33 03.6,0.0,,19.194,18.9237,Simbad
199.7429583,33.5600556,136,4,13 18 58.31,+33 33 36.2,0.0,,20.0335,20.0162,Simbad
200.1709167,34.1843333,137,1,13 20 41.02,+34 11 03.6,0.064273,,19.0089,18.6574,Simbad
200.1959583,34.19275,137,2,13 20 47.03,+34 11 33.9,0.064619,,19.4901,19.0109,Simbad
200.2165417,34.1993056,137,3,13 20 51.97,+34 11 57.5,0.118531,,20.075,19.5292,Simbad
200.2385,34.2135556,137,4,13 20 57.24,+34 12 48.8,0.111414,,19.2204,19.0088,Simbad
202.0120833,31.9593333,138,1,13 28 02.90,+31 57 33.6,0.038434,,20.186,19.0856,Simbad
202.0157917,31.9135556,138,2,13 28 03.79,+31 54 48.8,0.063712,,20.1708,20.1924,Simbad
202.0184167,31.9536389,138,3,13 28 04.42,+31 57 13.1,0.0,,19.5786,19.5018,Simbad
202.0280417,31.9318333,138,4,13 28 06.73,+31 55 54.6,0.015757,,18.9578,18.4032,Simbad
202.4859167,9.4433889,139,1,13 29 56.62,+09 26 36.2,0.022088,,19.602,19.1401,Simbad
202.488625,9.4303056,139,2,13 29 57.27,+09 25 49.1,0.0,,19.5878,19.1843,Simbad
202.4914583,9.4113056,139,3,13 29 57.95,+09 24 40.7,0.0,,19.0068,18.4563,Simbad
202.4945417,9.4036667,139,4,13 29 58.69,+09 24 13.2,0.081738,,19.2097,19.1278,Simbad
203.3178333,11.0760278,140,1,13 33 16.28,+11 04 33.7,0.0,,19.9236,19.6227,Simbad
203.3247917,11.0883889,140,2,13 33 17.95,+11 05 18.2,0.090623,,19.3327,18.8911,Simbad
203.3288333,11.1170833,140,3,13 33 18.92,+11 07 01.5,0.025391,,18.4376,17.7974,Simbad
203.3395,11.1023333,140,4,13 33 21.48,+11 06 08.4,0.144162,,19.4728,19.2852,Simbad
203.6781667,33.9029444,141,1,13 34 42.76,+33 54 10.6,0.0,,20.1272,20.2409,Simbad
203.6801667,33.8907778,141,2,13 34 43.24,+33 53 26.8,0.0,,19.2673,18.4521,Simbad
203.6862917,33.8908889,141,3,13 34 44.71,+33 53 27.2,0.023199,,19.7259,18.4903,Simbad
203.7144167,33.8893056,141,4,13 34 51.46,+33 53 21.5,0.050689,,20.1092,19.6137,Simbad
203.803,80.5283611,142,1,13 35 12.72,+80 31 42.1,0.0701,,19.0238,18.52,Simbad
203.8411667,80.5268333,142,2,13 35 21.88,+80 31 36.6,0.0694,,19.507,19.0242,Simbad
203.9235,80.511,142,3,13 35 41.64,+80 30 39.6,0.0502,,18.8424,18.0285,Simbad
203.9339167,80.5050556,142,4,13 35 44.14,+80 30 18.2,0.0503,,18.8245,18.4119,Simbad
204.86425,4.51075,143,1,13 39 27.42,+04 30 38.7,0.023086,,17.5833,17.1189,Simbad
204.87375,4.5114722,143,2,13 39 29.70,+04 30 41.3,0.022968,,19.9111,19.4192,Simbad
204.8797917,4.5132222,143,3,13 39 31.15,+04 30 47.6,0.0,,19.5915,19.4343,Simbad
204.8843333,4.5080833,143,4,13 39 32.24,+04 30 29.1,0.0,,20.204,20.1374,Simbad
206.3664167,18.2011111,144,1,13 45 27.94,+18 12 04.0,0.5019,,19.5417,18.8992,Simbad
206.3742917,18.2221944,144,2,13 45 29.83,+18 13 19.9,0.119112,,20.1542,19.4218,Simbad
206.37825,18.2384444,144,3,13 45 30.78,+18 14 18.4,0.0,,18.6948,18.3,Simbad
206.3910833,18.2307778,144,4,13 45 33.86,+18 13 50.8,0.081961,,20.0602,19.5641,Simbad
206.847,-30.4176111,145,1,13 47 23.28,-30 25 03.4,0.014377,,18.9583,18.1616,Simbad
206.848,-30.4503889,145,2,13 47 23.52,-30 27 01.4,0.0,,18.1038,16.7968,Simbad
206.851,-30.406,145,3,13 47 24.24,-30 24 21.6,0.014602,,17.8984,17.0828,Simbad
206.859,-30.4298056,145,4,13 47 26.16,-30 25 47.3,0.0,,18.6674,18.0439,Simbad
206.8504167,32.5335278,146,1,13 47 24.10,+32 32 00.7,0.13067,,19.8933,19.5798,Simbad
206.863375,32.5056667,146,2,13 47 27.21,+32 30 20.4,0.0,,20.2816,20.8057,Simbad
206.8667917,32.52425,146,3,13 47 28.03,+32 31 27.3,0.087133,,19.1758,18.7933,Simbad
206.8802083,32.5065833,146,4,13 47 31.25,+32 30 23.7,0.131022,,19.7416,19.1363,Simbad
207.3245,21.6789722,147,1,13 49 17.88,+21 40 44.3,0.062163,,18.4422,17.9061,Simbad
207.3303333,21.6833611,147,2,13 49 19.28,+21 41 00.1,0.0,,20.1404,19.9103,Simbad
207.34775,21.6977778,147,3,13 49 23.46,+21 41 52.0,0.0,,20.0254,19.8594,Simbad
207.3615417,21.6925,147,4,13 49 26.77,+21 41 33.0,0.641,,19.916,19.2386,Simbad
208.8228333,6.56175,148,1,13 55 17.48,+06 33 42.3,0.083352,,20.2069,19.7855,Simbad
208.8377083,6.5563056,148,2,13 55 21.05,+06 33 22.7,0.084285,,18.6662,18.4017,Simbad
208.8464583,6.5484444,148,3,13 55 23.15,+06 32 54.4,0.0,,20.1125,20.0445,Simbad
208.859625,6.5664167,148,4,13 55 26.31,+06 33 59.1,0.083417,,20.1512,19.7782,Simbad
210.43675,-3.1563056,149,1,14 01 44.82,-03 09 22.7,0.067956,,19.6281,19.1717,Simbad
210.4455833,-3.1744722,149,2,14 01 46.94,-03 10 28.1,0.0,,19.0852,19.1767,Simbad
210.462625,-3.19,149,3,14 01 51.03,-03 11 24.0,0.0677,,19.3307,19.1392,Simbad
210.46725,-3.2050278,149,4,14 01 52.14,-03 12 18.1,0.067788,,19.7983,19.9434,Simbad
210.5691667,54.5025,150,1,14 02 16.60,+54 30 09.0,0.0,,19.7241,19.6256,Simbad
210.5702083,54.4924722,150,2,14 02 16.85,+54 29 32.9,0.0,,20.0612,20.2638,Simbad
210.577875,54.4782778,150,3,14 02 18.69,+54 28 41.8,0.0,,20.1621,21.3076,Simbad
210.5997083,54.4871111,150,4,14 02 23.93,+54 29 13.6,0.0,,20.2178,20.616,Simbad
210.97225,26.3667778,151,1,14 03 53.34,+26 22 00.4,0.0,,19.6928,19.7824,Simbad
210.9745417,26.3608889,151,2,14 03 53.89,+26 21 39.2,0.088637,,20.0501,20.1421,Simbad
210.9834167,26.37225,151,3,14 03 56.02,+26 22 20.1,0.0,,19.7898,19.9987,Simbad
210.9935833,26.3932778,151,4,14 03 58.46,+26 23 35.8,0.088984,,19.4823,19.0106,Simbad
211.1787083,24.1857222,152,1,14 04 42.89,+24 11 08.6,0.0,,20.2866,20.8117,Simbad
211.1886667,24.19275,152,2,14 04 45.28,+24 11 33.9,0.061681,,19.9119,19.6588,Simbad
211.2035,24.1819722,152,3,14 04 48.84,+24 10 55.1,0.062505,,20.1625,19.3021,Simbad
211.2174167,24.1724444,152,4,14 04 52.18,+24 10 20.8,0.0,,20.2189,20.2418,Simbad
211.6826667,47.2745278,153,1,14 06 43.84,+47 16 28.3,0.0,,20.2854,20.325,Simbad
211.6849167,47.2672222,153,2,14 06 44.38,+47 16 02.0,0.059873,,20.1565,19.1321,Simbad
211.6881667,47.2924722,153,3,14 06 45.16,+47 17 32.9,0.0,,20.1991,19.8704,Simbad
211.7025,47.2861389,153,4,14 06 48.60,+47 17 10.1,0.0,,20.192,19.9578,Simbad
212.834,-29.637,154,1,14 11 20.16,-29 38 13.2,0.0,,19.6585,19.8597,Simbad
212.852,-29.6516944,154,2,14 11 24.48,-29 39 06.1,0.0,,18.1046,17.9603,Simbad
212.861,-29.6736111,154,3,14 11 26.64,-29 40 25.0,0.0,,18.5216,18.0173,Simbad
212.862,-29.6356111,154,4,14 11 26.88,-29 38 08.2,0.037372,,17.9231,17.6963,Simbad
213.2155,23.3326389,155,1,14 12 51.72,+23 19 57.5,0.0,,20.1858,19.4411,Simbad
213.225875,23.3378611,155,2,14 12 54.21,+23 20 16.3,0.059665,,20.09,19.5543,Simbad
213.229375,23.3370278,155,3,14 12 55.05,+23 20 13.3,0.0,,20.019,20.6068,Simbad
213.2380417,23.3181944,155,4,14 12 57.13,+23 19 05.5,0.05979,,19.8528,19.5336,Simbad
215.1428333,26.8446111,156,1,14 20 34.28,+26 50 40.6,0.071671,,19.4817,19.3003,Simbad
215.1486667,26.8654722,156,2,14 20 35.68,+26 51 55.7,0.0,,19.8669,20.0073,Simbad
215.1648333,26.8637778,156,3,14 20 39.56,+26 51 49.6,0.036572,,17.2891,16.8706,Simbad
215.1702083,26.8589444,156,4,14 20 40.85,+26 51 32.2,0.0,,18.6547,18.8096,Simbad
215.5003333,28.8685833,157,1,14 22 00.08,+28 52 06.9,0.0,,19.4943,18.9372,Simbad
215.501375,28.8663333,157,2,14 22 00.33,+28 51 58.8,0.0,,18.6792,18.4977,Simbad
215.5028333,28.8643333,157,3,14 22 00.68,+28 51 51.6,0.029579,,19.8143,19.2128,Simbad
215.5175,28.8667222,157,4,14 22 04.20,+28 52 00.2,0.0354,,19.5114,19.5162,Simbad
216.5360833,29.7266667,158,1,14 26 08.66,+29 43 36.0,0.059246,,19.4374,19.0977,Simbad
216.54525,29.7455833,158,2,14 26 10.86,+29 44 44.1,0.05853,,20.0103,19.5438,Simbad
216.5488333,29.7148889,158,3,14 26 11.72,+29 42 53.6,0.08677,,20.061,19.8562,Simbad
216.5535417,29.6946111,158,4,14 26 12.85,+29 41 40.6,0.058862,,18.6705,18.2352,Simbad
219.2206667,12.1612778,159,1,14 36 52.96,+12 09 40.6,0.054808,,19.4267,19.203,Simbad
219.220875,12.1392222,159,2,14 36 53.01,+12 08 21.2,0.0,,20.2381,19.6285,Simbad
219.2427083,12.1683056,159,3,14 36 58.25,+12 10 05.9,0.055027,,19.4488,18.7914,Simbad
219.2653333,12.1764167,159,4,14 37 03.68,+12 10 35.1,0.188742,,19.568,19.5384,Simbad
219.6914583,9.0409444,160,1,14 38 45.95,+09 02 27.4,0.030605,,20.192,20.1538,Simbad
219.6975833,9.031,160,2,14 38 47.42,+09 01 51.6,0.0,,19.4261,18.9803,Simbad
219.7154167,9.0469722,160,3,14 38 51.70,+09 02 49.1,0.030822,,19.0701,18.6646,Simbad
219.7307917,9.0550556,160,4,14 38 55.39,+09 03 18.2,0.086179,,19.2198,18.3777,Simbad
220.7552917,61.3047778,161,1,14 43 01.27,+61 18 17.2,0.049414,,19.9069,19.6595,Simbad
220.7605,61.3171111,161,2,14 43 02.52,+61 19 01.6,0.0,,20.117,17.7926,Simbad
220.7724167,61.3106111,161,3,14 43 05.38,+61 18 38.2,0.047961,,17.5132,17.1291,Simbad
220.7840833,61.32075,161,4,14 43 08.18,+61 19 14.7,0.049216,,19.4616,18.6633,Simbad
222.6837917,21.7543611,162,1,14 50 44.11,+21 45 15.7,0.0,,19.8303,20.1727,Simbad
222.6978333,21.7556667,162,2,14 50 47.48,+21 45 20.4,0.0,,20.2229,20.1447,Simbad
222.721125,21.7468333,162,3,14 50 53.07,+21 44 48.6,0.059624,,19.5421,18.824,Simbad
222.734125,21.7365556,162,4,14 50 56.19,+21 44 11.6,0.070224,,20.0333,19.2583,Simbad
224.666375,53.8857222,163,1,14 58 39.93,+53 53 08.6,0.011124,,19.6809,17.7955,Simbad
224.67125,53.8584722,163,2,14 58 41.10,+53 51 30.5,0.02624,,18.0524,17.5941,Simbad
224.679375,53.8811667,163,3,14 58 43.05,+53 52 52.2,0.0,,18.1784,17.5764,Simbad
224.7054583,53.8714444,163,4,14 58 49.31,+53 52 17.2,0.076859,,20.2628,20.0322,Simbad
226.2574583,8.7095278,164,1,15 05 01.79,+08 42 34.3,0.07397,,18.9671,18.0069,Simbad
226.2712917,8.7313889,164,2,15 05 05.11,+08 43 53.0,0.0,,19.9005,20.3944,Simbad
226.2741667,8.7169444,164,3,15 05 05.80,+08 43 01.0,0.073949,,19.8088,19.8926,Simbad
226.2864583,8.7413333,164,4,15 05 08.75,+08 44 28.8,0.0,,19.5224,19.4263,Simbad
226.856875,28.8471667,165,1,15 07 25.65,+28 50 49.8,0.05809,,19.7947,19.8993,Simbad
226.87775,28.8474167,165,2,15 07 30.66,+28 50 50.7,0.0,,17.7761,17.7584,Simbad
226.8910833,28.8277778,165,3,15 07 33.86,+28 49 40.0,0.0,,18.5218,18.9242,Simbad
226.9099167,28.8139722,165,4,15 07 38.38,+28 48 50.3,0.05849,,20.2269,20.4968,Simbad
227.24175,61.9472222,166,1,15 08 58.02,+61 56 50.0,0.732505,,20.2673,19.3668,Simbad
227.2625833,61.9524444,166,2,15 09 03.02,+61 57 08.8,0.0,,20.191,19.9925,Simbad
227.2729583,61.9335833,166,3,15 09 05.51,+61 56 00.9,0.107855,,19.5449,19.2855,Simbad
227.3061667,61.9366389,166,4,15 09 13.48,+61 56 11.9,0.107445,,19.8586,19.6141,Simbad
227.7603333,39.46525,167,1,15 11 02.48,+39 27 54.9,0.556054,,19.8399,19.3276,Simbad
227.763,39.4950833,167,2,15 11 03.12,+39 29 42.3,0.0,,19.6775,19.6857,Simbad
227.7775417,39.4642222,167,3,15 11 06.61,+39 27 51.2,0.0574,,19.1353,18.8269,Simbad
227.7835833,39.4815833,167,4,15 11 08.06,+39 28 53.7,0.057799,,19.9612,19.1757,Simbad
228.1467083,26.5611389,168,1,15 12 35.21,+26 33 40.1,0.0,,18.9182,17.9217,Simbad
228.1554167,26.5760278,168,2,15 12 37.30,+26 34 33.7,0.032967,,19.4463,19.3007,Simbad
228.1701667,26.5748333,168,3,15 12 40.84,+26 34 29.4,0.0,,18.7806,18.579,Simbad
228.1875417,26.5801667,168,4,15 12 45.01,+26 34 48.6,0.033404,,19.7751,19.6437,Simbad
228.5627083,46.1172778,169,1,15 14 15.05,+46 07 02.2,0.03661,,19.6041,18.9347,Simbad
228.5660833,46.122,169,2,15 14 15.86,+46 07 19.2,0.036942,,19.3752,19.0258,Simbad
228.5878333,46.1121389,169,3,15 14 21.08,+46 06 43.7,0.036936,,19.0531,18.7939,Simbad
228.5970833,46.0976944,169,4,15 14 23.30,+46 05 51.7,0.063526,,19.7775,19.334,Simbad
230.1572917,30.4784722,170,1,15 20 37.75,+30 28 42.5,0.0,,20.1987,19.935,Simbad
230.1592917,30.4716389,170,2,15 20 38.23,+30 28 17.9,0.031084,,17.7717,17.3687,Simbad
230.1780833,30.4616944,170,3,15 20 42.74,+30 27 42.1,0.080169,,20.0762,19.5989,Simbad
230.19875,30.4554167,170,4,15 20 47.70,+30 27 19.5,0.081006,,19.9709,19.1758,Simbad
230.922375,2.6668611,171,1,15 23 41.37,+02 40 00.7,0.052511,,18.5942,18.0459,Simbad
230.94175,2.6702778,171,2,15 23 46.02,+02 40 13.0,0.020865,,18.2604,17.8774,Simbad
230.9597917,2.67275,171,3,15 23 50.35,+02 40 21.9,0.112833,,19.9275,20.1796,Simbad
230.9615417,2.66575,171,4,15 23 50.77,+02 39 56.7,0.112916,,20.094,19.1757,Simbad
232.779625,3.8285278,172,1,15 31 07.11,+03 49 42.7,0.0,,17.9918,17.7459,Simbad
232.7802083,3.8382222,172,2,15 31 07.25,+03 50 17.6,0.0,,19.8428,19.9904,Simbad
232.7827917,3.8273889,172,3,15 31 07.87,+03 49 38.6,0.0,,19.5677,19.369,Simbad
232.7985,3.8262778,172,4,15 31 11.64,+03 49 34.6,0.039322,,18.7681,18.5565,Simbad
235.7849583,53.2465833,173,1,15 43 08.39,+53 14 47.7,0.041825,,19.6833,19.5677,Simbad
235.7917083,53.2248056,173,2,15 43 10.01,+53 13 29.3,0.0,,19.8521,19.7229,Simbad
235.795625,53.2034167,173,3,15 43 10.95,+53 12 12.3,0.0,,19.5326,19.738,Simbad
235.819,53.2309444,173,4,15 43 16.56,+53 13 51.4,0.04402,,19.5335,18.6836,Simbad
236.43575,44.2637222,174,1,15 45 44.58,+44 15 49.4,0.034178,,18.7445,18.4053,Simbad
236.442375,44.2486111,174,2,15 45 46.17,+44 14 55.0,0.034687,,17.1157,16.6724,Simbad
236.4563333,44.2609167,174,3,15 45 49.52,+44 15 39.3,0.0,,20.1647,20.2879,Simbad
236.4702917,44.2628889,174,4,15 45 52.87,+44 15 46.4,0.039973,,17.894,17.5367,Simbad
237.70825,34.077,175,1,15 50 49.98,+34 04 37.2,0.053147,,18.9516,18.0859,Simbad
237.7282083,34.0834722,175,2,15 50 54.77,+34 05 00.5,0.052782,,18.8173,18.247,Simbad
237.74075,34.1024167,175,3,15 50 57.78,+34 06 08.7,0.052033,,17.7242,17.3616,Simbad
237.748625,34.1233889,175,4,15 50 59.67,+34 07 24.2,0.114745,,19.9876,19.5741,Simbad
238.3663333,20.9676944,176,1,15 53 27.92,+20 58 03.7,0.01876,,18.4091,18.2403,Simbad
238.37725,20.9534444,176,2,15 53 30.54,+20 57 12.4,0.026964,,19.4911,18.763,Simbad
238.378625,20.9837778,176,3,15 53 30.87,+20 59 01.6,0.018608,,17.5006,17.2722,Simbad
238.384125,20.9637222,176,4,15 53 32.19,+20 57 49.4,0.0,,18.2901,18.2047,Simbad
238.6549583,30.1054167,177,1,15 54 37.19,+30 06 19.5,0.085506,,19.7042,19.4112,Simbad
238.6595,30.1246667,177,2,15 54 38.28,+30 07 28.8,0.080229,,19.011,18.7481,Simbad
238.6707917,30.1350833,177,3,15 54 40.99,+30 08 06.3,0.0,,19.4057,18.9346,Simbad
238.6870833,30.1339444,177,4,15 54 44.90,+30 08 02.2,0.0,,20.0621,20.0357,Simbad
241.147,26.6303056,178,1,16 04 35.28,+26 37 49.1,0.0,,19.5959,19.4865,Simbad
241.1584167,26.6162778,178,2,16 04 38.02,+26 36 58.6,0.086508,,19.3983,19.4487,Simbad
241.1724583,26.6263889,178,3,16 04 41.39,+26 37 35.0,0.117894,,19.8919,19.652,Simbad
241.1897917,26.6219722,178,4,16 04 45.55,+26 37 19.1,0.118332,,19.9147,19.8916,Simbad
244.171375,56.3690833,179,1,16 16 41.13,+56 22 08.7,0.0,,19.0516,19.1474,Simbad
244.1887917,56.3538889,179,2,16 16 45.31,+56 21 14.0,0.0,,19.4986,18.9584,Simbad
244.1968333,56.3411667,179,3,16 16 47.24,+56 20 28.2,0.0,,20.0932,19.9679,Simbad
244.2174167,56.3283056,179,4,16 16 52.18,+56 19 41.9,0.0,,19.6658,18.9715,Simbad
244.4199583,41.8989444,180,1,16 17 40.79,+41 53 56.2,0.060512,,19.8474,19.5405,Simbad
244.44725,41.8935278,180,2,16 17 47.34,+41 53 36.7,0.02509,,18.7619,18.6417,Simbad
244.453625,41.86925,180,3,16 17 48.87,+41 52 09.3,0.081281,,19.3915,18.9987,Simbad
244.4555417,41.9094444,180,4,16 17 49.33,+41 54 34.0,0.0,,17.9477,17.4953,Simbad
245.81375,15.8086944,181,1,16 23 15.30,+15 48 31.3,0.0,,17.7644,17.4421,Simbad
245.8172083,15.8174444,181,2,16 23 16.13,+15 49 02.8,0.0,,18.8229,18.4039,Simbad
245.8187083,15.8041111,181,3,16 23 16.49,+15 48 14.8,0.033476,,18.7006,18.48,Simbad
245.8187083,15.7864167,181,4,16 23 16.49,+15 47 11.1,0.034294,,19.0721,18.7564,Simbad
249.9052917,39.5142222,182,1,16 39 37.27,+39 30 51.2,0.031138,,20.1861,19.5836,Simbad
249.9155,39.53875,182,2,16 39 39.72,+39 32 19.5,0.029789,,19.8951,19.3225,Simbad
249.9232917,39.5163333,182,3,16 39 41.59,+39 30 58.8,0.0,,19.5682,19.2617,Simbad
249.932,39.5420833,182,4,16 39 43.68,+39 32 31.5,0.029917,,19.409,18.9827,Simbad
261.6345417,32.2430278,183,1,17 26 32.29,+32 14 34.9,0.0,,19.3973,19.0417,Simbad
261.6464167,32.2230833,183,2,17 26 35.14,+32 13 23.1,1.09,,18.7672,17.583,Simbad
261.6699167,32.2198611,183,3,17 26 40.78,+32 13 11.5,0.0,,19.2444,18.6289,Simbad
261.676875,32.2095,183,4,17 26 42.45,+32 12 34.2,0.0,,19.9467,19.2487,Simbad
303.725,-66.2883889,184,1,20 14 54.00,-66 17 18.2,0.0,,19.1131,18.9575,Simbad
303.741,-66.2871944,184,2,20 14 57.84,-66 17 13.9,0.0,,19.2216,18.8669,Simbad
303.75,-66.2796111,184,3,20 15 00.00,-66 16 46.6,0.0,,19.8643,19.6614,Simbad
303.758,-66.2866944,184,4,20 15 01.92,-66 17 12.1,0.0,,18.7217,18.5271,Simbad
312.46,-48.9096111,185,1,20 49 50.40,-48 54 34.6,0.0,,18.3438,17.9407,Simbad
312.475,-48.8961111,185,2,20 49 54.00,-48 53 46.0,0.0,,19.822,18.9576,Simbad
312.502,-48.9163056,185,3,20 50 00.48,-48 54 58.7,0.030818,,18.5315,18.0714,Simbad
312.509,-48.8981111,185,4,20 50 02.16,-48 53 53.2,0.0,,20.1275,19.8406,Simbad
314.473,-24.9623889,186,1,20 57 53.52,-24 57 44.6,0.0,,19.5318,19.1392,Simbad
314.482,-24.9843889,186,2,20 57 55.68,-24 59 03.8,0.0,,18.628,18.7564,Simbad
314.49,-24.948,186,3,20 57 57.60,-24 56 52.8,0.094365,,19.6399,19.688,Simbad
314.494,-24.9628889,186,4,20 57 58.56,-24 57 46.4,0.0,,19.6074,19.1857,Simbad
314.656,-48.5581944,187,1,20 58 37.44,-48 33 29.5,0.0,,20.1216,19.3219,Simbad
314.66,-48.5406944,187,2,20 58 38.40,-48 32 26.5,0.0,,19.7344,19.353,Simbad
314.675,-48.5661944,187,3,20 58 42.00,-48 33 58.3,0.0,,19.9414,19.1608,Simbad
314.692,-48.5643889,187,4,20 58 46.08,-48 33 51.8,0.0,,19.093,18.6504,Simbad
314.848,-60.667,188,1,20 59 23.52,-60 40 01.2,0.055752,,18.6755,17.9281,Simbad
314.855,-60.6571944,188,2,20 59 25.20,-60 39 25.9,0.0,,19.0681,18.3195,Simbad
314.866,-60.68,188,3,20 59 27.84,-60 40 48.0,0.0,,19.0282,17.9487,Simbad
314.886,-60.6486944,188,4,20 59 32.64,-60 38 55.3,0.0,,19.7887,17.6968,Simbad
319.342,-35.9005,189,1,21 17 22.08,-35 54 01.8,0.029797,,17.0391,16.6342,Simbad
319.35,-35.9218889,189,2,21 17 24.00,-35 55 18.8,0.0,,19.0916,18.8092,Simbad
319.356,-35.9178889,189,3,21 17 25.44,-35 55 04.4,0.0,,19.1945,18.552,Simbad
319.362,-35.9258889,189,4,21 17 26.88,-35 55 33.2,0.0,,19.0757,18.3641,Simbad
319.492,-50.7455,190,1,21 17 58.08,-50 44 43.8,0.0,,19.7529,18.4345,Simbad
319.505,-50.7391111,190,2,21 18 01.20,-50 44 20.8,0.0,,19.8835,19.2635,Simbad
319.51,-50.767,190,3,21 18 02.40,-50 46 01.2,0.0,,18.5054,18.192,Simbad
319.544,-50.7571944,190,4,21 18 10.56,-50 45 25.9,0.073594,,19.7309,19.4853,Simbad
322.294,-31.0228889,191,1,21 29 10.56,-31 01 22.4,0.0,,19.5883,18.9734,Simbad
322.315,-31.0235,191,2,21 29 15.60,-31 01 24.6,0.0,,19.9817,19.2947,Simbad
322.318,-31.029,191,3,21 29 16.32,-31 01 44.4,0.0,,19.1556,18.8756,Simbad
322.324,-31.0386111,191,4,21 29 17.76,-31 02 19.0,0.0,,19.9522,19.6443,Simbad
326.157,-20.086,192,1,21 44 37.68,-20 05 09.6,0.0,,19.783,19.1745,Simbad
326.169,-20.0593056,192,2,21 44 40.56,-20 03 33.5,0.034502,,17.0123,16.4734,Simbad
326.172,-20.0813056,192,3,21 44 41.28,-20 04 52.7,0.0,,16.7661,17.0661,Simbad
326.18,-20.0568889,192,4,21 44 43.20,-20 03 24.8,0.0,,20.1444,19.2651,Simbad
327.696,-61.7656111,193,1,21 50 47.04,-61 45 56.2,0.051666,,18.798,17.6546,Simbad
327.698,-61.7303056,193,2,21 50 47.52,-61 43 49.1,0.0,,19.5973,19.4493,Simbad
327.709,-61.7246944,193,3,21 50 50.16,-61 43 28.9,0.0,,20.1828,19.8982,Simbad
327.71,-61.7441111,193,4,21 50 50.40,-61 44 38.8,0.0,,19.7403,19.1235,Simbad
330.168,-42.8186111,194,1,22 00 40.32,-42 49 07.0,0.0,,19.9012,19.4095,Simbad
330.181,-42.8215,194,2,22 00 43.44,-42 49 17.4,0.067693,,20.2702,19.2984,Simbad
330.199,-42.8155,194,3,22 00 47.76,-42 48 55.8,0.0,,20.3589,20.2326,Simbad
330.211,-42.8286111,194,4,22 00 50.64,-42 49 43.0,0.0,,19.2713,18.8766,Simbad
330.607,-22.8866111,195,1,22 02 25.68,-22 53 11.8,0.07177,,19.5144,19.0055,Simbad
330.611,-22.8993889,195,2,22 02 26.64,-22 53 57.8,0.0,,19.9665,19.2097,Simbad
330.632,-22.8906111,195,3,22 02 31.68,-22 53 26.2,0.069838,,19.7275,19.4138,Simbad
330.645,-22.9006944,195,4,22 02 34.80,-22 54 02.5,0.0,,20.0246,19.5405,Simbad
332.122,-57.2773056,196,1,22 08 29.28,-57 16 38.3,0.0,,19.9267,19.5891,Simbad
332.129,-57.3011111,196,2,22 08 30.96,-57 18 04.0,0.0342,,18.42,18.0854,Simbad
332.132,-57.283,196,3,22 08 31.68,-57 16 58.8,0.0,,20.2102,19.8834,Simbad
332.145,-57.2938889,196,4,22 08 34.80,-57 17 38.0,0.0,,18.6565,18.2391,Simbad
332.24725,17.8390278,197,1,22 08 59.34,+17 50 20.5,0.0,,19.9722,19.3904,Simbad
332.256375,17.8210833,197,2,22 09 01.53,+17 49 15.9,0.045558,,18.2208,17.5167,Simbad
332.2607917,17.8385556,197,3,22 09 02.59,+17 50 18.8,0.045078,,17.7655,17.2434,Simbad
332.27825,17.8266111,197,4,22 09 06.78,+17 49 35.8,0.0,,19.3201,18.8349,Simbad
334.488,-25.6951944,198,1,22 17 57.12,-25 41 42.7,0.0901,,19.6217,19.3834,Simbad
334.508,-25.6918889,198,2,22 18 01.92,-25 41 30.8,0.0907,,20.1778,19.5425,Simbad
334.528,-25.6893056,198,3,22 18 06.72,-25 41 21.5,0.009126,,17.1501,16.9094,Simbad
334.534,-25.6671944,198,4,22 18 08.16,-25 40 01.9,0.0837,,20.1323,20.1117,Simbad
334.657,-24.1621944,199,1,22 18 37.68,-24 09 43.9,0.0,,19.9668,19.5682,Simbad
334.663,-24.1718889,199,2,22 18 39.12,-24 10 18.8,0.0332,,18.931,18.355,Simbad
334.679,-24.184,199,3,22 18 42.96,-24 11 02.4,0.031348,,18.9608,18.3633,Simbad
334.686,-24.1986944,199,4,22 18 44.64,-24 11 55.3,0.0828,,19.5687,19.1567,Simbad
335.168,-69.7538889,200,1,22 20 40.32,-69 45 14.0,0.0,,20.1151,20.0614,Simbad
335.192,-69.7715,200,2,22 20 46.08,-69 46 17.4,0.0,,19.8801,18.8115,Simbad
335.212,-69.7816944,200,3,22 20 50.88,-69 46 54.1,0.0,,19.7595,19.7752,Simbad
335.254,-69.7996111,200,4,22 21 00.96,-69 47 58.6,0.0,,19.657,19.0108,Simbad
335.583,-61.2946111,201,1,22 22 19.92,-61 17 40.6,0.0,,19.4383,19.0643,Simbad
335.599,-61.2801111,201,2,22 22 23.76,-61 16 48.4,0.044191,,19.1842,18.7061,Simbad
335.602,-61.2646111,201,3,22 22 24.48,-61 15 52.6,0.0,,19.7041,19.4819,Simbad
335.632,-61.2956111,201,4,22 22 31.68,-61 17 44.2,0.0,,20.1788,19.9875,Simbad
336.358,-27.7013056,202,1,22 25 25.92,-27 42 04.7,0.0509,,18.1654,17.5425,Simbad
336.365,-27.7025,202,2,22 25 27.60,-27 42 09.0,0.0,,19.8575,18.9798,Simbad
336.383,-27.7013889,202,3,22 25 31.92,-27 42 05.0,0.186063,,20.0345,19.6874,Simbad
336.384,-27.7081944,202,4,22 25 32.16,-27 42 29.5,0.049985,,17.8568,17.26,Simbad
336.488,-11.1421944,203,1,22 25 57.12,-11 08 31.9,0.0,,20.0578,19.9966,Simbad
336.491,-11.1175,203,2,22 25 57.84,-11 07 03.0,0.0,,19.8194,19.5308,Simbad
336.516,-11.1191111,203,3,22 26 03.84,-11 07 08.8,0.0,,18.5019,18.0989,Simbad
336.531,-11.1293889,203,4,22 26 07.44,-11 07 45.8,0.0,,20.0968,19.8641,Simbad
338.058,-25.4531944,204,1,22 32 13.92,-25 27 11.5,0.0621,,19.0711,18.7746,Simbad
338.078,-25.448,204,2,22 32 18.72,-25 26 52.8,0.0,,19.201,18.8873,Simbad
338.091,-25.4293889,204,3,22 32 21.84,-25 25 45.8,0.032159,,19.5445,18.8831,Simbad
338.112,-25.4261111,204,4,22 32 26.88,-25 25 34.0,0.0363,,19.4009,18.8112,Simbad
338.264,-60.9111111,205,1,22 33 03.36,-60 54 40.0,0.055939,,19.6585,19.4778,Simbad
338.288,-60.925,205,2,22 33 09.12,-60 55 30.0,0.0,,19.32,19.0384,Simbad
338.31,-60.9286944,205,3,22 33 14.40,-60 55 43.3,0.0,,19.9252,19.7844,Simbad
338.321,-60.9258889,205,4,22 33 17.04,-60 55 33.2,0.054818,,19.5333,19.27,Simbad
339.934,-47.5061111,206,1,22 39 44.16,-47 30 22.0,0.0,,19.1777,19.2594,Simbad
339.941,-47.4911111,206,2,22 39 45.84,-47 29 28.0,0.0,,20.3091,20.2021,Simbad
339.97,-47.4855,206,3,22 39 52.80,-47 29 07.8,0.0,,20.0145,19.1418,Simbad
339.987,-47.4793889,206,4,22 39 56.88,-47 28 45.8,0.0,,19.3515,19.2433,Simbad
340.124,-38.3548889,207,1,22 40 29.76,-38 21 17.6,0.0,,19.9854,19.2929,Simbad
340.13,-38.3545,207,2,22 40 31.20,-38 21 16.2,0.0,,19.559,19.3516,Simbad
340.138,-38.3926944,207,3,22 40 33.12,-38 23 33.7,0.101173,,19.6866,19.6702,Simbad
340.146,-38.3728889,207,4,22 40 35.04,-38 22 22.4,0.0,,19.9937,20.3893,Simbad
340.788,-34.6578889,208,1,22 43 09.12,-34 39 28.4,0.0,,17.8099,18.1174,Simbad
340.788,-34.636,208,2,22 43 09.12,-34 38 09.6,0.069,,19.7385,19.5586,Simbad
340.807,-34.6123056,208,3,22 43 13.68,-34 36 44.3,0.0699,,19.1337,18.6629,Simbad
340.81,-34.6216944,208,4,22 43 14.40,-34 37 18.1,0.0689,,18.9957,18.7384,Simbad
343.198,-24.9448889,209,1,22 52 47.52,-24 56 41.6,0.079258,,19.9707,19.4751,Simbad
343.206,-24.9653889,209,2,22 52 49.44,-24 57 55.4,0.0742,,19.8375,19.1624,Simbad
343.221,-24.9743056,209,3,22 52 53.04,-24 58 27.5,0.0744,,19.6259,19.3194,Simbad
343.229,-24.9896944,209,4,22 52 54.96,-24 59 22.9,0.0,,17.5492,17.1972,Simbad
343.53,-18.1451944,210,1,22 54 07.20,-18 08 42.7,0.0,,19.6201,18.6745,Simbad
343.53,-18.1668889,210,2,22 54 07.20,-18 10 00.8,0.0,,19.5058,19.6169,Simbad
343.547,-18.1595,210,3,22 54 11.28,-18 09 34.2,0.0,,19.6361,19.4685,Simbad
343.571,-18.1568056,210,4,22 54 17.04,-18 09 24.5,0.0323,,19.6701,19.1179,Simbad
343.923,-55.6078889,211,1,22 55 41.52,-55 36 28.4,0.0,,19.3598,20.5065,Simbad
343.963,-55.6143889,211,2,22 55 51.12,-55 36 51.8,0.0,,19.7652,19.7976,Simbad
343.99,-55.6043056,211,3,22 55 57.60,-55 36 15.5,0.0,,20.0384,20.3044,Simbad
344.009,-55.6078056,211,4,22 56 02.16,-55 36 28.1,0.0,,19.1325,19.1433,Simbad
345.363,-20.037,212,1,23 01 27.12,-20 02 13.2,0.0,,20.1993,19.635,Simbad
345.365,-20.0305,212,2,23 01 27.60,-20 01 49.8,0.0,,20.1518,19.4692,Simbad
345.378,-20.0503889,212,3,23 01 30.72,-20 03 01.4,0.0,,19.9791,19.7805,Simbad
345.388,-20.0541944,212,4,23 01 33.12,-20 03 15.1,0.0,,20.1697,19.8707,Simbad
347.436,-48.5628889,213,1,23 09 44.64,-48 33 46.4,0.0,,20.3112,19.7166,Simbad
347.445,-48.5535,213,2,23 09 46.80,-48 33 12.6,0.0,,19.0757,18.797,Simbad
347.446,-48.5845,213,3,23 09 47.04,-48 35 04.2,0.0,,19.9129,19.4937,Simbad
347.457,-48.5706944,213,4,23 09 49.68,-48 34 14.5,0.078681,,17.9654,17.6142,Simbad
351.907,-47.0305,214,1,23 27 37.68,-47 01 49.8,0.0,,19.6522,19.6609,Simbad
351.912,-47.0508889,214,2,23 27 38.88,-47 03 03.2,0.0,,20.0008,19.6969,Simbad
351.916,-47.0686111,214,3,23 27 39.84,-47 04 07.0,0.0,,20.2052,20.2614,Simbad
351.925,-47.0413056,214,4,23 27 42.00,-47 02 28.7,0.050175,,17.9879,17.5316,Simbad
352.367,-32.4476111,215,1,23 29 28.08,-32 26 51.4,0.1242,,19.5062,19.1521,Simbad
352.371,-32.4273056,215,2,23 29 29.04,-32 25 38.3,0.1241,,20.262,20.067,Simbad
352.372,-32.4081944,215,3,23 29 29.28,-32 24 29.5,0.1256,,19.5692,19.2517,Simbad
352.389,-32.4481111,215,4,23 29 33.36,-32 26 53.2,0.1247,,19.9494,19.4422,Simbad
352.529,-44.1966111,216,1,23 30 06.96,-44 11 47.8,0.0,,18.9379,18.2466,Simbad
352.534,-44.2056944,216,2,23 30 08.16,-44 12 20.5,0.100413,,19.6806,18.9677,Simbad
352.559,-44.1768889,216,3,23 30 14.16,-44 10 36.8,0.0,,20.0465,19.8673,Simbad
352.562,-44.189,216,4,23 30 14.88,-44 11 20.4,0.0,,20.3564,20.0876,Simbad
353.166,-13.2235,217,1,23 32 39.84,-13 13 24.6,0.0,,19.9529,19.9654,Simbad
353.17,-13.2231944,217,2,23 32 40.80,-13 13 23.5,0.0,,19.2384,19.1008,Simbad
353.176,-13.2005,217,3,23 32 42.24,-13 12 01.8,0.0,,19.6904,19.2594,Simbad
353.181,-13.1893056,217,4,23 32 43.44,-13 11 21.5,0.0,,20.1626,19.4816,Simbad
353.747,-47.9891111,218,1,23 34 59.28,-47 59 20.8,0.0,,20.2791,20.3395,Simbad
353.752,-47.9621944,218,2,23 35 00.48,-47 57 43.9,0.0,,19.8617,19.7823,Simbad
353.767,-47.9753889,218,3,23 35 04.08,-47 58 31.4,0.0,,20.3993,20.1782,Simbad
353.784,-47.9716944,218,4,23 35 08.16,-47 58 18.1,0.0,,19.492,19.2201,Simbad
354.873,-38.6825,219,1,23 39 29.52,-38 40 57.0,0.0,,19.8751,19.5002,Simbad
354.882,-38.6633889,219,2,23 39 31.68,-38 39 48.2,0.0,,19.1814,18.841,Simbad
354.884,-38.6671111,219,3,23 39 32.16,-38 40 01.6,0.0,,18.9651,18.268,Simbad
354.9,-38.6663056,219,4,23 39 36.00,-38 39 58.7,0.151401,,20.0524,19.9224,Simbad
355.713,-13.0685,220,1,23 42 51.12,-13 04 06.6,0.0,,19.5558,19.717,Simbad
355.718,-13.0561944,220,2,23 42 52.32,-13 03 22.3,0.0,,19.5452,19.0453,Simbad
355.728,-13.0603056,220,3,23 42 54.72,-13 03 37.1,0.0,,19.8577,20.3807,Simbad
355.734,-13.0488889,220,4,23 42 56.16,-13 02 56.0,0.0,,19.4964,19.3503,Simbad
355.884,-22.4681111,221,1,23 43 32.16,-22 28 05.2,0.0,,20.1459,19.6881,Simbad
355.902,-22.4638889,221,2,23 43 36.48,-22 27 50.0,0.0,,18.4048,18.2761,Simbad
355.909,-22.4506944,221,3,23 43 38.16,-22 27 02.5,0.0,,20.1978,19.9818,Simbad
355.91,-22.4333056,221,4,23 43 38.40,-22 25 59.9,0.0,,20.294,19.5006,Simbad
356.077,-26.0398889,222,1,23 44 18.48,-26 02 23.6,0.0653,,19.9799,19.2916,Simbad
356.08,-26.017,222,2,23 44 19.20,-26 01 01.2,0.064852,,18.6487,18.0912,Simbad
356.097,-26.034,222,3,23 44 23.28,-26 02 02.4,0.0656,,19.9911,20.0298,Simbad
356.118,-26.0396111,222,4,23 44 28.32,-26 02 22.6,0.0473,,18.217,17.6603,Simbad
357.507,-47.1473889,223,1,23 50 01.68,-47 08 50.6,0.0,,19.8751,19.7018,Simbad
357.518,-47.1711944,223,2,23 50 04.32,-47 10 16.3,0.065619,,17.8817,17.555,Simbad
357.53,-47.1906111,223,3,23 50 07.20,-47 11 26.2,0.004003,,18.3621,17.8765,Simbad
357.559,-47.1793889,223,4,23 50 14.16,-47 10 45.8,0.0,,20.0016,19.2314,Simbad
357.8028333,20.5761111,224,1,23 51 12.68,+20 34 34.0,0.080446,,19.815,19.0236,Simbad
357.8274167,20.5781389,224,2,23 51 18.58,+20 34 41.3,0.017949,,16.8032,16.6326,Simbad
357.8395,20.5738333,224,3,23 51 21.48,+20 34 25.8,0.018369,,17.6253,17.3753,Simbad
357.8615,20.5860278,224,4,23 51 26.76,+20 35 09.7,0.018483,,18.8402,17.2962,Simbad
358.758,-50.0636944,225,1,23 55 01.92,-50 03 49.3,0.0,,19.0698,18.7255,Simbad
358.761,-50.0463889,225,2,23 55 02.64,-50 02 47.0,0.0,,19.8384,19.2102,Simbad
358.777,-50.078,225,3,23 55 06.48,-50 04 40.8,0.0,,20.2707,20.0373,Simbad
358.778,-50.0633056,225,4,23 55 06.72,-50 03 47.9,0.0,,20.0077,19.477,Simbad
359.838,-20.3881111,226,1,23 59 21.12,-20 23 17.2,0.0,,19.5906,19.1617,Simbad
359.858,-20.3866944,226,2,23 59 25.92,-20 23 12.1,0.0,,18.5237,18.343,Simbad
359.867,-20.3953889,226,3,23 59 28.08,-20 23 43.4,0.0,,18.3618,17.9465,Simbad
359.875,-20.4023056,226,4,23 59 30.00,-20 24 08.3,0.0,,19.6431,19.0418,Simbad
4.2257083,-51.0856944,227,1,00 16 54.17,-51 05 08.5,0.0,,19.1684,18.9551,Simbad
4.2356667,-51.0692222,227,2,00 16 56.56,-51 04 09.2,0.055448,,18.5646,18.1585,Simbad
4.2487083,-51.03875,227,3,00 16 59.69,-51 02 19.5,0.0,,20.3298,19.9263,Simbad
4.2669167,-51.0651667,227,4,00 17 04.06,-51 03 54.6,0.0,,20.2944,20.1342,Simbad
4.2844167,-51.0454444,227,5,00 17 08.26,-51 02 43.6,0.0,,20.1738,19.7978,Simbad
6.3365833,-21.6446944,228,1,00 25 20.78,-21 38 40.9,0.0,,19.2838,18.7311,Simbad
6.3420833,-21.6305833,228,2,00 25 22.10,-21 37 50.1,0.0,,20.2633,20.2829,Simbad
6.3424167,-21.6251944,228,3,00 25 22.18,-21 37 30.7,0.0,,19.5901,19.4492,Simbad
6.348875,-21.6650278,228,4,00 25 23.73,-21 39 54.1,0.0,,19.7988,19.7559,Simbad
6.3653333,-21.6720833,228,5,00 25 27.68,-21 40 19.5,0.0,,20.2963,19.878,Simbad
26.5497917,-7.3496667,229,1,01 46 11.95,-07 20 58.8,0.0,,20.2602,20.4632,Simbad
26.5738333,-7.3434722,229,2,01 46 17.72,-07 20 36.5,0.0,,20.0035,19.6814,Simbad
26.58975,-7.3243889,229,3,01 46 21.54,-07 19 27.8,0.0,,17.6716,17.408,Simbad
26.5900417,-7.2996111,229,4,01 46 21.61,-07 17 58.6,0.0,,20.249,19.331,Simbad
26.5984167,-7.3401667,229,5,01 46 23.62,-07 20 24.6,0.0,,20.0652,20.0331,Simbad
27.4637083,-27.822,230,1,01 49 51.29,-27 49 19.2,0.088744,,19.9635,20.0312,Simbad
27.468875,-27.8204167,230,2,01 49 52.53,-27 49 13.5,0.0,,19.6399,19.4916,Simbad
27.485875,-27.8186667,230,3,01 49 56.61,-27 49 07.2,0.042866,,18.0001,17.1341,Simbad
27.4910833,-27.8120833,230,4,01 49 57.86,-27 48 43.5,0.0,,18.9147,18.3172,Simbad
27.499875,-27.8181111,230,5,01 49 59.97,-27 49 05.2,0.088395,,19.9607,19.4494,Simbad
36.8089583,-3.8769722,231,1,02 27 14.15,-03 52 37.1,0.0,,19.8647,19.27,Simbad
36.8199583,-3.8642222,231,2,02 27 16.79,-03 51 51.2,0.0,,19.546,19.6703,Simbad
36.82325,-3.8935833,231,3,02 27 17.58,-03 53 36.9,0.0,,20.1863,19.4083,Simbad
36.8235833,-3.8993333,231,4,02 27 17.66,-03 53 57.6,0.043634,,18.3314,17.9544,Simbad
36.8387917,-3.9005,231,5,02 27 21.31,-03 54 01.8,0.0,,20.2318,21.2407,Simbad
43.76175,-21.5869167,232,1,02 55 02.82,-21 35 12.9,0.0,,19.2833,19.032,Simbad
43.7787917,-21.5856944,232,2,02 55 06.91,-21 35 08.5,0.0,,18.1335,17.6811,Simbad
43.7910417,-21.5939444,232,3,02 55 09.85,-21 35 38.2,0.027396,,19.0176,18.003,Simbad
43.8021667,-21.5984444,232,4,02 55 12.52,-21 35 54.4,0.0,,18.2067,18.0708,Simbad
43.80675,-21.60775,232,5,02 55 13.62,-21 36 27.9,0.0,,19.643,19.1275,Simbad
57.4865417,-15.3030833,233,1,03 49 56.77,-15 18 11.1,0.0,,20.1313,19.9464,Simbad
57.4980833,-15.2964444,233,2,03 49 59.54,-15 17 47.2,0.0,,18.3543,18.0871,Simbad
57.511,-15.3183056,233,3,03 50 02.64,-15 19 05.9,0.0,,19.1098,18.964,Simbad
57.5141667,-15.2951389,233,4,03 50 03.40,-15 17 42.5,0.0,,19.092,18.5097,Simbad
57.52625,-15.296,233,5,03 50 06.30,-15 17 45.6,0.0,,19.2448,18.9627,Simbad
66.3749583,-64.4483056,234,1,04 25 29.99,-64 26 53.9,0.0,,19.9531,19.6718,Simbad
66.37525,-64.46175,234,2,04 25 30.06,-64 27 42.3,0.0,,18.0614,17.7904,Simbad
66.4297083,-64.4549722,234,3,04 25 43.13,-64 27 17.9,0.0,,19.5091,19.3703,Simbad
66.4320417,-64.4639722,234,4,04 25 43.69,-64 27 50.3,0.0,,19.8191,19.3976,Simbad
66.463875,-64.4735,234,5,04 25 51.33,-64 28 24.6,0.0,,19.8723,20.5146,Simbad
66.7155833,-49.1161944,235,1,04 26 51.74,-49 06 58.3,0.0,,18.5235,18.163,Simbad
66.7280833,-49.1176667,235,2,04 26 54.74,-49 07 03.6,0.0,,19.9712,19.6633,Simbad
66.7312917,-49.1246944,235,3,04 26 55.51,-49 07 28.9,0.0,,18.8249,18.3212,Simbad
66.7572917,-49.1238333,235,4,04 27 01.75,-49 07 25.8,0.0,,18.7048,18.807,Simbad
66.7724167,-49.1146389,235,5,04 27 05.38,-49 06 52.7,0.05828,,17.6725,17.0204,Simbad
69.2649167,-46.7066667,236,1,04 37 03.58,-46 42 24.0,0.0,,19.8033,19.4555,Simbad
69.2760833,-46.698,236,2,04 37 06.26,-46 41 52.8,0.0,,20.3729,20.1247,Simbad
69.29625,-46.68525,236,3,04 37 11.10,-46 41 06.9,0.0,,20.2652,19.5287,Simbad
69.3139167,-46.6700833,236,4,04 37 15.34,-46 40 12.3,0.0,,19.4243,19.0937,Simbad
69.3185,-46.6842222,236,5,04 37 16.44,-46 41 03.2,0.0,,18.5054,18.1928,Simbad
71.4548333,-62.4175556,237,1,04 45 49.16,-62 25 03.2,0.0,,19.5052,19.4813,Simbad
71.4584583,-62.39925,237,2,04 45 50.03,-62 23 57.3,0.0,,18.4981,18.5435,Simbad
71.5027917,-62.4023056,237,3,04 46 00.67,-62 24 08.3,0.0,,19.6861,19.2556,Simbad
71.5555,-62.3976944,237,4,04 46 13.32,-62 23 51.7,0.0,,18.6988,17.9294,Simbad
71.571375,-62.4039167,237,5,04 46 17.13,-62 24 14.1,0.026321,,18.4859,17.7081,Simbad
75.3005,-18.2040556,238,1,05 01 12.12,-18 12 14.6,0.0,,19.4815,18.7206,Simbad
75.3064167,-18.1726111,238,2,05 01 13.54,-18 10 21.4,0.0,,19.8807,20.3228,Simbad
75.313375,-18.1821389,238,3,05 01 15.21,-18 10 55.7,0.0,,17.5542,16.8326,Simbad
75.3250417,-18.1966944,238,4,05 01 18.01,-18 11 48.1,0.0,,18.9376,18.8828,Simbad
75.338875,-18.1923611,238,5,05 01 21.33,-18 11 32.5,0.0,,19.3635,18.729,Simbad
80.6905417,-31.9629444,239,1,05 22 45.73,-31 57 46.6,0.0,,19.4421,19.1362,Simbad
80.7058333,-31.9575556,239,2,05 22 49.40,-31 57 27.2,0.0,,20.2097,19.788,Simbad
80.709375,-31.9429444,239,3,05 22 50.25,-31 56 34.6,0.0,,20.1078,19.7983,Simbad
80.714,-31.9323333,239,4,05 22 51.36,-31 55 56.4,0.0,,20.356,19.8173,Simbad
80.7154583,-31.9551944,239,5,05 22 51.71,-31 57 18.7,0.0,,19.7342,19.7145,Simbad
135.2503333,45.4381667,240,1,09 01 00.08,+45 26 17.4,0.051464,,18.5979,18.1778,Simbad
135.257625,45.4751389,240,2,09 01 01.83,+45 28 30.5,0.051382,,20.1741,19.7159,Simbad
135.2587917,45.4889444,240,3,09 01 02.11,+45 29 20.2,0.052465,,19.8904,19.3925,Simbad
135.2590417,45.4615556,240,4,09 01 02.17,+45 27 41.6,0.0,,19.8868,19.4629,Simbad
135.2695417,45.4430556,240,5,09 01 04.69,+45 26 35.0,0.0,,20.1363,20.244,Simbad
142.00875,26.5126667,241,1,09 28 02.10,+26 30 45.6,0.0,,19.3812,18.9387,Simbad
142.0099583,26.5148611,241,2,09 28 02.39,+26 30 53.5,0.042212,,18.6247,18.1834,Simbad
142.0109167,26.5170556,241,3,09 28 02.62,+26 31 01.4,0.042229,,19.2271,18.8951,Simbad
142.0260833,26.4935278,241,4,09 28 06.26,+26 29 36.7,0.0,,20.2039,20.2237,Simbad
142.0327083,26.4922222,241,5,09 28 07.85,+26 29 32.0,0.042866,,18.4314,17.9675,Simbad
144.1087917,59.4165833,242,1,09 36 26.11,+59 24 59.7,0.040496,,18.733,18.5688,Simbad
144.1324167,59.39825,242,2,09 36 31.78,+59 23 53.7,0.040361,,17.1779,16.634,Simbad
144.13275,59.4052222,242,3,09 36 31.86,+59 24 18.8,0.041135,,18.6016,18.3337,Simbad
144.1357083,59.3770556,242,4,09 36 32.57,+59 22 37.4,0.0,,19.4768,18.8875,Simbad
144.1559583,59.4127778,242,5,09 36 37.43,+59 24 46.0,0.040917,,19.8282,19.0339,Simbad
146.865125,30.38625,243,1,09 47 27.63,+30 23 10.5,0.0,,20.1122,20.1631,Simbad
146.8753333,30.3891667,243,2,09 47 30.08,+30 23 21.0,0.016952,,18.3935,18.2981,Simbad
146.8826667,30.3984167,243,3,09 47 31.84,+30 23 54.3,0.017184,,17.7311,17.6133,Simbad
146.8886667,30.4336944,243,4,09 47 33.28,+30 26 01.3,0.110759,,19.9435,19.4993,Simbad
146.893125,30.41225,243,5,09 47 34.35,+30 24 44.1,0.022343,,19.8463,19.7857,Simbad
149.904,13.7112778,244,1,09 59 36.96,+13 42 40.6,0.050515,,19.5266,18.6999,Simbad
149.9052917,13.6957222,244,2,09 59 37.27,+13 41 44.6,0.0,,19.7312,19.4048,Simbad
149.911875,13.7104722,244,3,09 59 38.85,+13 42 37.7,0.0,,19.6086,18.8642,Simbad
149.9334583,13.7120278,244,4,09 59 44.03,+13 42 43.3,0.0,,19.7434,19.919,Simbad
149.9348333,13.7077778,244,5,09 59 44.36,+13 42 28.0,0.052058,,19.9701,19.2205,Simbad
176.1984167,19.7732222,245,1,11 44 47.62,+19 46 23.6,0.027662,,17.4858,17.03,Simbad
176.2040833,19.8081944,245,2,11 44 48.98,+19 48 29.5,0.0677,,19.4542,18.8664,Simbad
176.2134167,19.7866389,245,3,11 44 51.22,+19 47 11.9,0.024087,,19.3546,18.9438,Simbad
176.2263333,19.7925,245,4,11 44 54.32,+19 47 33.0,0.026909,,18.9883,18.6188,Simbad
176.2279167,19.7759444,245,5,11 44 54.70,+19 46 33.4,0.027436,,18.2009,17.6255,Simbad
178.4257917,21.206,246,1,11 53 42.19,+21 12 21.6,0.14713,,19.9429,20.0281,Simbad
178.4394167,21.2205278,246,2,11 53 45.46,+21 13 13.9,0.0,,19.9164,19.389,Simbad
178.4575833,21.2194167,246,3,11 53 49.82,+21 13 09.9,0.022989,,18.3198,17.4263,Simbad
178.4722083,21.2379444,246,4,11 53 53.33,+21 14 16.6,0.0,,20.0169,20.3507,Simbad
178.4762917,21.2498611,246,5,11 53 54.31,+21 14 59.5,0.023058,,18.4959,17.8919,Simbad
182.148625,41.0899167,247,1,12 08 35.67,+41 05 23.7,0.096064,,20.3437,19.7184,Simbad
182.1731667,41.07625,247,2,12 08 41.56,+41 04 34.5,0.100144,,19.6,19.391,Simbad
182.1774167,41.1006389,247,3,12 08 42.58,+41 06 02.3,0.0,,20.0737,20.6393,Simbad
182.182875,41.1023611,247,4,12 08 43.89,+41 06 08.5,0.101871,,19.6486,19.2979,Simbad
182.1915,41.1216944,247,5,12 08 45.96,+41 07 18.1,0.0,,19.8436,20.1506,Simbad
195.011625,33.4522222,248,1,13 00 02.79,+33 27 08.0,0.0,,20.3002,19.9071,Simbad
195.0146667,33.3933056,248,2,13 00 03.52,+33 23 35.9,0.921241,,20.1477,19.2885,Simbad
195.0229167,33.4160556,248,3,13 00 05.50,+33 24 57.8,0.0,,19.7408,20.1739,Simbad
195.034,33.4376389,248,4,13 00 08.16,+33 26 15.5,0.023498,,18.9123,18.8364,Simbad
195.0544167,33.4343333,248,5,13 00 13.06,+33 26 03.6,0.0,,19.1092,19.6711,Simbad
199.869875,14.0885278,249,1,13 19 28.77,+14 05 18.7,0.0,,20.1797,19.9979,Simbad
199.8824167,14.0923889,249,2,13 19 31.78,+14 05 32.6,0.572984,,18.7977,18.3014,Simbad
199.886625,14.0865556,249,3,13 19 32.79,+14 05 11.6,0.0,,19.8613,19.3645,Simbad
199.8914583,14.1084444,249,4,13 19 33.95,+14 06 30.4,0.062973,,19.5697,19.4611,Simbad
199.9099167,14.0816667,249,5,13 19 38.38,+14 04 54.0,0.0,,19.6241,19.493,Simbad
202.93975,37.4741667,250,1,13 31 45.54,+37 28 27.0,0.056682,,19.8138,19.5202,Simbad
202.96425,37.4654722,250,2,13 31 51.42,+37 27 55.7,0.0,,20.0951,18.0499,Simbad
202.9815,37.4683333,250,3,13 31 55.56,+37 28 06.0,0.0,,20.084,19.6415,Simbad
202.989625,37.4273889,250,4,13 31 57.51,+37 25 38.6,0.054753,,19.7669,19.2542,Simbad
202.9909167,37.4506944,250,5,13 31 57.82,+37 27 02.5,0.0,,20.1917,20.2636,Simbad
203.0282917,-38.891,251,1,13 32 06.79,-38 53 27.6,0.051642,,18.7437,18.1055,Simbad
203.0302083,-38.8775278,251,2,13 32 07.25,-38 52 39.1,0.0,,19.5011,19.1884,Simbad
203.0456667,-38.9076944,251,3,13 32 10.96,-38 54 27.7,0.0,,19.5767,19.067,Simbad
203.0603333,-38.8705,251,4,13 32 14.48,-38 52 13.8,0.050331,,18.9389,18.0173,Simbad
203.06275,-38.8870833,251,5,13 32 15.06,-38 53 13.5,0.048934,,18.5269,18.1659,Simbad
206.8229583,-30.3329722,252,1,13 47 17.51,-30 19 58.7,0.0,,18.9744,18.9855,Simbad
206.824625,-30.3653333,252,2,13 47 17.91,-30 21 55.2,0.0,,18.9938,18.8938,Simbad
206.826,-30.3545833,252,3,13 47 18.24,-30 21 16.5,0.0,,18.3746,18.4038,Simbad
206.8425833,-30.36225,252,4,13 47 22.22,-30 21 44.1,0.0,,18.7559,19.279,Simbad
206.8639167,-30.3717778,252,5,13 47 27.34,-30 22 18.4,0.0,,19.8438,19.133,Simbad
210.559125,7.6938611,253,1,14 02 14.19,+07 41 37.9,0.0,,19.799,19.4438,Simbad
210.5684167,7.6796667,253,2,14 02 16.42,+07 40 46.8,0.0,,18.3896,18.0987,Simbad
210.5730833,7.6841944,253,3,14 02 17.54,+07 41 03.1,0.015217,,18.9626,17.7862,Simbad
210.577625,7.6879722,253,4,14 02 18.63,+07 41 16.7,0.0,,18.4549,17.7925,Simbad
210.601125,7.6865278,253,5,14 02 24.27,+07 41 11.5,0.136922,,19.7228,19.2877,Simbad
210.9190833,54.1873611,254,1,14 03 40.58,+54 11 14.5,0.0,,20.2763,19.6688,Simbad
210.9403333,54.18675,254,2,14 03 45.68,+54 11 12.3,0.0,,18.9536,18.5715,Simbad
210.98075,54.1807222,254,3,14 03 55.38,+54 10 50.6,0.0,,20.3685,20.0338,Simbad
211.012,54.1852778,254,4,14 04 02.88,+54 11 07.0,0.0,,20.0113,20.0524,Simbad
211.0192083,54.1858611,254,5,14 04 04.61,+54 11 09.1,0.0,,20.3854,20.0684,Simbad
211.025375,54.2494167,255,1,14 04 06.09,+54 14 57.9,0.0,,18.6296,18.5651,Simbad
211.0340833,54.2538889,255,2,14 04 08.18,+54 15 14.0,0.0,,19.7416,19.6378,Simbad
211.0402917,54.2572778,255,3,14 04 09.67,+54 15 26.2,0.0,,19.4714,18.2335,Simbad
211.043,54.2590833,255,4,14 04 10.32,+54 15 32.7,0.0,,19.6403,18.9779,Simbad
211.0670833,54.2658889,255,5,14 04 16.10,+54 15 57.2,0.0,,18.2289,18.2013,Simbad
211.8381667,12.6946944,256,1,14 07 21.16,+12 41 40.9,0.139371,,20.1227,20.0717,Simbad
211.8393333,12.7195833,256,2,14 07 21.44,+12 43 10.5,0.0,,20.1648,18.8291,Simbad
211.8492917,12.7092778,256,3,14 07 23.83,+12 42 33.4,0.139811,,19.8698,19.207,Simbad
211.8555417,12.72125,256,4,14 07 25.33,+12 43 16.5,0.0,,20.1372,19.8623,Simbad
211.8745417,12.7352222,256,5,14 07 29.89,+12 44 06.8,0.022959,,18.2255,17.9667,Simbad
233.2734583,12.8778333,257,1,15 33 05.63,+12 52 40.2,0.068338,,19.6416,19.0257,Simbad
233.2885,12.8708056,257,2,15 33 09.24,+12 52 14.9,0.0,,19.7022,18.989,Simbad
233.2959167,12.8798889,257,3,15 33 11.02,+12 52 47.6,0.05246,,19.4412,18.9108,Simbad
233.3000417,12.8790833,257,4,15 33 12.01,+12 52 44.7,0.0,,19.8002,19.7499,Simbad
233.3174583,12.8901667,257,5,15 33 16.19,+12 53 24.6,0.053224,,19.3514,18.7104,Simbad
243.2771667,8.5653056,258,1,16 13 06.52,+08 33 55.1,0.0,,19.3524,19.0769,Simbad
243.2825833,8.5617778,258,2,16 13 07.82,+08 33 42.4,0.081592,,18.8124,18.2972,Simbad
243.3033333,8.54975,258,3,16 13 12.80,+08 32 59.1,0.063184,,19.5199,18.8983,Simbad
243.314125,8.5345,258,4,16 13 15.39,+08 32 04.2,0.063283,,20.0377,19.8302,Simbad
243.3342917,8.5279722,258,5,16 13 20.23,+08 31 40.7,0.062771,,18.9271,18.7504,Simbad
249.3869167,54.9821389,259,1,16 37 32.86,+54 58 55.7,0.0,,20.2511,19.925,Simbad
249.4080417,54.9677778,259,2,16 37 37.93,+54 58 04.0,0.0,,20.2899,20.1355,Simbad
249.4149583,54.9618611,259,3,16 37 39.59,+54 57 42.7,0.0,,19.7578,19.8874,Simbad
249.4291667,54.9857222,259,4,16 37 43.00,+54 59 08.6,0.0,,19.5528,19.0677,Simbad
249.4555,54.9808611,259,5,16 37 49.32,+54 58 51.1,0.0,,17.8527,17.5197,Simbad
259.118375,39.0600833,260,1,17 16 28.41,+39 03 36.3,0.0,,20.0331,19.3654,Simbad
259.1367917,39.1159167,260,2,17 16 32.83,+39 06 57.3,0.0,,19.8265,19.6654,Simbad
259.1450833,39.0689167,260,3,17 16 34.82,+39 04 08.1,0.0,,19.3217,18.9083,Simbad
259.155,39.0895556,260,4,17 16 37.20,+39 05 22.4,0.0,,18.8137,18.9011,Simbad
259.1655417,39.1053889,260,5,17 16 39.73,+39 06 19.4,0.0,,17.7167,17.3725,Simbad
267.4501667,68.4004167,261,1,17 49 48.04,+68 24 01.5,0.0522,,18.7597,18.2468,Simbad
267.461,68.3863056,261,2,17 49 50.64,+68 23 10.7,0.0509,,19.0448,17.879,Simbad
267.47775,68.4074444,261,3,17 49 54.66,+68 24 26.8,0.051225,,17.227,16.5201,Simbad
267.5199167,68.4139722,261,4,17 50 04.78,+68 24 50.3,0.0,,19.8416,19.0851,Simbad
267.5484583,68.4186111,261,5,17 50 11.63,+68 25 07.0,0.0,,19.6881,19.6086,Simbad
321.9612083,-46.6547222,262,1,21 27 50.69,-46 39 17.0,0.0,,19.8253,19.3884,Simbad
321.9800417,-46.6295278,262,2,21 27 55.21,-46 37 46.3,0.046689,,18.2001,17.6902,Simbad
321.9803333,-46.64,262,3,21 27 55.28,-46 38 24.0,0.0,,19.8406,19.2039,Simbad
321.9865,-46.6441667,262,4,21 27 56.76,-46 38 39.0,0.0,,18.5032,18.9656,Simbad
322.0155833,-46.6452778,262,5,21 28 03.74,-46 38 43.0,0.0,,19.1349,18.6208,Simbad
323.8237083,-49.9336111,263,1,21 35 17.69,-49 56 01.0,0.0,,19.2629,18.8239,Simbad
323.834,-49.9335556,263,2,21 35 20.16,-49 56 00.8,0.0,,18.9065,18.52,Simbad
323.8369583,-49.9363889,263,3,21 35 20.87,-49 56 11.0,0.0554,,18.6541,18.0395,Simbad
323.866,-49.9327222,263,4,21 35 27.84,-49 55 57.8,0.0,,19.2072,19.2148,Simbad
323.8755417,-49.9375278,263,5,21 35 30.13,-49 56 15.1,0.054448,,18.3549,17.9151,Simbad
349.160625,-41.65025,264,1,23 16 38.55,-41 39 00.9,0.0,,20.284,20.5859,Simbad
349.166125,-41.6321667,264,2,23 16 39.87,-41 37 55.8,0.0,,19.8955,20.0084,Simbad
349.1885833,-41.6636111,264,3,23 16 45.26,-41 39 49.0,0.0,,20.1236,19.5342,Simbad
349.196,-41.6555833,264,4,23 16 47.04,-41 39 20.1,0.0,,19.7224,19.2987,Simbad
349.2048333,-41.6763611,264,5,23 16 49.16,-41 40 34.9,0.0,,20.1349,19.9266,Simbad
359.0133333,-17.2467222,265,1,23 56 03.20,-17 14 48.2,0.0,,18.4114,18.231,Simbad
359.03325,-17.22925,265,2,23 56 07.98,-17 13 45.3,0.0,,20.2869,19.7937,Simbad
359.038,-17.2467778,265,3,23 56 09.12,-17 14 48.4,0.0,,20.161,19.5574,Simbad
359.0409167,-17.2477778,265,4,23 56 09.82,-17 14 52.0,0.0,,20.201,19.9329,Simbad
359.047875,-17.2257222,265,5,23 56 11.49,-17 13 32.6,0.0,,19.4011,19.1912,Simbad
6.25175,-60.6225833,266,1,00 25 00.42,-60 37 21.3,0.0,,19.5425,19.1957,Simbad
6.274625,-60.6400833,266,2,00 25 05.91,-60 38 24.3,0.031292,,18.3982,18.1197,Simbad
6.3134583,-60.6166111,266,3,00 25 15.23,-60 36 59.8,0.0,,19.4319,19.291,Simbad
6.3147917,-60.6221944,266,4,00 25 15.55,-60 37 19.9,0.0,,20.3139,20.2015,Simbad
6.3181667,-60.6382778,266,5,00 25 16.36,-60 38 17.8,0.0,,19.9724,20.115,Simbad
6.3387083,-60.6399167,266,6,00 25 21.29,-60 38 23.7,0.0,,20.1543,20.1747,Simbad
24.74425,-74.4215278,267,1,01 38 58.62,-74 25 17.5,0.0,,18.3288,18.4053,Simbad
24.7809583,-74.42375,267,2,01 39 07.43,-74 25 25.5,0.0,,18.3318,18.3232,Simbad
24.7887917,-74.4308889,267,3,01 39 09.31,-74 25 51.2,0.0,,17.3254,17.219,Simbad
24.8185,-74.40425,267,4,01 39 16.44,-74 24 15.3,0.0,,19.6521,19.4951,Simbad
24.8497917,-74.4178889,267,5,01 39 23.95,-74 25 04.4,0.0,,17.8111,17.807,Simbad
24.8660417,-74.4391667,267,6,01 39 27.85,-74 26 21.0,0.0,,19.0896,18.8906,Simbad
38.51375,-73.7210278,268,1,02 34 03.30,-73 43 15.7,0.0,,17.4139,17.4975,Simbad
38.531375,-73.7005278,268,2,02 34 07.53,-73 42 01.9,0.0,,20.0341,19.8956,Simbad
38.5330417,-73.7058333,268,3,02 34 07.93,-73 42 21.0,0.0,,19.308,19.033,Simbad
38.5654167,-73.7322778,268,4,02 34 15.70,-73 43 56.2,0.0,,17.4462,17.393,Simbad
38.6482917,-73.7278611,268,5,02 34 35.59,-73 43 40.3,0.0,,19.0261,18.6783,Simbad
38.6559167,-73.7330556,268,6,02 34 37.42,-73 43 59.0,0.0,,19.2903,19.3611,Simbad
50.2227917,-33.8935556,269,1,03 20 53.47,-33 53 36.8,0.0707,,20.2513,20.1848,Simbad
50.239625,-33.9066111,269,2,03 20 57.51,-33 54 23.8,0.0,,19.357,19.0324,Simbad
50.2513333,-33.9033889,269,3,03 21 00.32,-33 54 12.2,0.0568,,19.21,19.0474,Simbad
50.2649167,-33.9173611,269,4,03 21 03.58,-33 55 02.5,0.0,,20.3122,19.8162,Simbad
50.2662083,-33.9018889,269,5,03 21 03.89,-33 54 06.8,0.0715,,19.2838,19.1629,Simbad
50.2813333,-33.9057222,269,6,03 21 07.52,-33 54 20.6,0.070142,,17.7321,17.5174,Simbad
61.5262917,-36.9419722,270,1,04 06 06.31,-36 56 31.1,0.0,,20.1234,19.4636,Simbad
61.53,-36.9235833,270,2,04 06 07.20,-36 55 24.9,0.0,,20.3554,20.6018,Simbad
61.540625,-36.9236389,270,3,04 06 09.75,-36 55 25.1,0.0,,20.2653,19.9344,Simbad
61.5483333,-36.9378889,270,4,04 06 11.60,-36 56 16.4,0.0,,20.1828,19.7143,Simbad
61.5575833,-36.9188056,270,5,04 06 13.82,-36 55 07.7,0.0,,18.65,19.2991,Simbad
61.5717083,-36.9345278,270,6,04 06 17.21,-36 56 04.3,0.0,,18.8614,18.5462,Simbad
72.282875,-73.06925,271,1,04 49 07.89,-73 04 09.3,0.0,,19.0247,19.2694,Simbad
72.3569583,-73.0658611,271,2,04 49 25.67,-73 03 57.1,0.0,,17.1163,16.8631,Simbad
72.3834583,-73.0668611,271,3,04 49 32.03,-73 04 00.7,0.0,,16.8821,16.7737,Simbad
72.398375,-73.0551944,271,4,04 49 35.61,-73 03 18.7,0.0,,19.5031,19.0108,Simbad
72.430625,-73.0825278,271,5,04 49 43.35,-73 04 57.1,0.027636,,18.7972,18.2361,Simbad
72.4719583,-73.0757778,271,6,04 49 53.27,-73 04 32.8,0.027449,,18.4363,18.2064,Simbad
124.9950833,21.0656667,272,1,08 19 58.82,+21 03 56.4,0.014046,,17.6064,17.2186,Simbad
124.9979583,21.0541667,272,2,08 19 59.51,+21 03 15.0,0.091141,,19.8709,20.0832,Simbad
125.0044167,21.0754444,272,3,08 20 01.06,+21 04 31.6,0.0,,19.7906,19.8031,Simbad
125.02175,21.0756111,272,4,08 20 05.22,+21 04 32.2,0.0,,16.6002,17.0206,Simbad
125.0450833,21.0693056,272,5,08 20 10.82,+21 04 09.5,0.017462,,19.5476,18.4295,Simbad
125.0557917,21.0879167,272,6,08 20 13.39,+21 05 16.5,0.0,,19.7503,19.8824,Simbad
168.603875,-0.83075,273,1,11 14 24.93,-00 49 50.7,0.027858,,20.0241,19.7505,Simbad
168.6144167,-0.8500278,273,2,11 14 27.46,-00 51 00.1,0.06907,,19.4818,19.1495,Simbad
168.6330833,-0.8470556,273,3,11 14 31.94,-00 50 49.4,0.068843,,19.4781,18.7316,Simbad
168.6420833,-0.8643056,273,4,11 14 34.10,-00 51 51.5,0.0691,,19.4944,19.1749,Simbad
168.6475417,-0.8678056,273,5,11 14 35.41,-00 52 04.1,0.069293,,19.6415,18.8591,Simbad
168.6619583,-0.8538611,273,6,11 14 38.87,-00 51 13.9,0.0,,19.035,18.6909,Simbad
185.281,49.4393611,274,1,12 21 07.44,+49 26 21.7,0.0,,20.2621,19.9633,Simbad
185.2835,49.4761111,274,2,12 21 08.04,+49 28 34.0,0.045246,,19.0698,18.9493,Simbad
185.2960417,49.4578333,274,3,12 21 11.05,+49 27 28.2,0.0,,18.9889,18.79,Simbad
185.3062083,49.475,274,4,12 21 13.49,+49 28 30.0,0.045464,,19.2104,18.7238,Simbad
185.3368333,49.44375,274,5,12 21 20.84,+49 26 37.5,0.05513,,19.4002,19.2435,Simbad
185.3379167,49.4646111,274,6,12 21 21.10,+49 27 52.6,0.040539,,19.6009,19.1365,Simbad
230.4860417,3.569,275,1,15 21 56.65,+03 34 08.4,0.085591,,19.7602,18.8499,Simbad
230.4894167,3.5561944,275,2,15 21 57.46,+03 33 22.3,0.0,,19.9405,19.8126,Simbad
230.494375,3.5454167,275,3,15 21 58.65,+03 32 43.5,0.0,,20.0102,19.8886,Simbad
230.498125,3.5595556,275,4,15 21 59.55,+03 33 34.4,0.0839,,19.011,18.0621,Simbad
230.4984167,3.5650833,275,5,15 21 59.62,+03 33 54.3,0.0839,,19.7079,18.6355,Simbad
230.508875,3.5654722,275,6,15 22 02.13,+03 33 55.7,0.085411,,19.7754,19.5434,Simbad
328.8524167,-20.8626944,276,1,21 55 24.58,-20 51 45.7,0.0,,19.6331,19.3956,Simbad
328.853,-20.8862222,276,2,21 55 24.72,-20 53 10.4,0.38,,20.0664,19.2073,Simbad
328.8585,-20.8563333,276,3,21 55 26.04,-20 51 22.8,0.0,,18.8517,18.2243,Simbad
328.865625,-20.8588333,276,4,21 55 27.75,-20 51 31.8,0.0,,19.8329,19.6747,Simbad
328.8825833,-20.8591667,276,5,21 55 31.82,-20 51 33.0,0.066913,,17.8721,17.6667,Simbad
328.9036667,-20.8541389,276,6,21 55 36.88,-20 51 14.9,0.0,,19.8348,19.709,Simbad
31.2207917,-74.8597222,277,1,02 04 52.99,-74 51 35.0,0.0,,19.0133,18.3356,Simbad
31.2315,-74.8392222,277,2,02 04 55.56,-74 50 21.2,0.0,,19.0679,18.9425,Simbad
31.232625,-74.8607222,277,3,02 04 55.83,-74 51 38.6,0.0,,19.0109,19.0229,Simbad
31.2690417,-74.8746389,277,4,02 05 04.57,-74 52 28.7,0.0,,18.1774,18.0428,Simbad
31.2893333,-74.8859444,277,5,02 05 09.44,-74 53 09.4,0.0,,18.1556,18.0103,Simbad
31.2932917,-74.8278333,277,6,02 05 10.39,-74 49 40.2,0.0,,19.0302,18.809,Simbad
31.3014167,-74.8992222,277,7,02 05 12.34,-74 53 57.2,0.0,,19.7537,19.3028,Simbad
115.4589167,16.8288611,278,1,07 41 50.14,+16 49 43.9,0.0,,20.049,19.6863,Simbad
115.4715417,16.8288611,278,2,07 41 53.17,+16 49 43.9,0.0,,19.1374,18.9651,Simbad
115.474375,16.8326667,278,3,07 41 53.85,+16 49 57.6,0.0,,19.9631,19.5871,Simbad
115.4792083,16.8319722,278,4,07 41 55.01,+16 49 55.1,0.0,,20.0733,19.3963,Simbad
115.4882083,16.8250278,278,5,07 41 57.17,+16 49 30.1,0.0,,19.8613,21.199,Simbad
115.4974583,16.8254444,278,6,07 41 59.39,+16 49 31.6,0.0,,18.7801,18.2003,Simbad
115.510125,16.8085278,278,7,07 42 02.43,+16 48 30.7,0.0,,17.3001,17.6996,Simbad
196.795,13.6807222,279,1,13 07 10.80,+13 40 50.6,0.0,,19.9962,19.8683,Simbad
196.79875,13.6591944,279,2,13 07 11.70,+13 39 33.1,0.027162,,18.7777,18.2494,Simbad
196.8030833,13.6468056,279,3,13 07 12.74,+13 38 48.5,0.100102,,20.2559,19.7801,Simbad
196.8231667,13.6465833,279,4,13 07 17.56,+13 38 47.7,0.026784,,18.6093,18.0461,Simbad
196.8293333,13.6400556,279,5,13 07 19.04,+13 38 24.2,0.0,,17.8783,17.3566,Simbad
196.8377917,13.6288056,279,6,13 07 21.07,+13 37 43.7,0.099919,,20.056,19.1825,Simbad
196.8599583,13.6415556,279,7,13 07 26.39,+13 38 29.6,0.063226,,19.2524,18.8211,Simbad
349.1757083,9.8376389,280,1,23 16 42.17,+09 50 15.5,0.0,,19.6095,19.3379,Simbad
349.177625,9.7923056,280,2,23 16 42.63,+09 47 32.3,0.0,,18.3754,17.837,Simbad
349.18,9.8161667,280,3,23 16 43.20,+09 48 58.2,0.0,,19.2525,18.8421,Simbad
349.1802917,9.8291111,280,4,23 16 43.27,+09 49 44.8,0.0,,19.29,18.8361,Simbad
349.1959583,9.8126389,280,5,23 16 47.03,+09 48 45.5,0.0,,19.378,19.0168,Simbad
349.198625,9.8048889,280,6,23 16 47.67,+09 48 17.6,0.0,,18.2314,17.5936,Simbad
349.2020417,9.8172222,280,7,23 16 48.49,+09 49 02.0,0.0,,19.215,18.9493,Simbad
