ID,Field,RA,DEC,X,Y,ELONGATION,ELLIPTICITY,THETA,A,B,FLUX_RADIUS_50,FLUX_RADIUS_90,u_petro,e_u_petro,SEX_FLAGS_u,J0378_petro,e_J0378_petro,SEX_FLAGS_J0378,J0395_petro,e_J0395_petro,SEX_FLAGS_J0395,J0410_petro,e_J0410_petro,SEX_FLAGS_J0410,J0430_petro,e_J0430_petro,SEX_FLAGS_J0430,g_petro,e_g_petro,SEX_FLAGS_g,J0515_petro,e_J0515_petro,SEX_FLAGS_J0515,r_petro,e_r_petro,SEX_FLAGS_r,J0660_petro,e_J0660_petro,SEX_FLAGS_J0660,i_petro,e_i_petro,SEX_FLAGS_i,J0861_petro,e_J0861_petro,SEX_FLAGS_J0861,z_petro,e_z_petro,SEX_FLAGS_z,zml,odds
"iDR4_3_SPLUS-s22s19_0035901","SPLUS-s22s19",27.44943693424784,-27.797112536362647,6224.4697,8447.018,2.518439,0.60292864,57.76487,1.2104433E-4,4.8033256E-5,1.1395487,1.575066,99.0,99.0,0,99.0,99.0,0,21.997581,1.2671536,0,99.0,99.0,0,21.993036,1.1344409,0,22.786655,0.7976844,0,24.809095,11.897538,0,22.023327,0.3927192,0,23.357084,1.4910722,0,99.0,99.0,0,99.0,99.0,0,24.590952,10.642464,0,0.8411667,0.20259415
"iDR4_3_SPLUS-s22s19_0036174","SPLUS-s22s19",27.445907658497582,-27.781603406808404,6245.013,8548.518,2.5883098,0.61364746,31.866817,1.227224E-4,4.744493E-5,1.9012148,4.638237,25.141703,8.294248,0,99.0,99.0,0,21.971401,1.234352,0,21.015104,0.469142,0,99.0,99.0,0,21.669462,0.28423324,0,99.0,99.0,0,22.92696,0.89203644,0,99.0,99.0,0,22.646362,0.9489129,0,22.578331,2.1046004,0,99.0,99.0,0,0.7285,0.10146304
"iDR4_3_SPLUS-s22s19_0036191","SPLUS-s22s19",27.46314802234874,-27.782074973023725,6145.1685,8545.528,1.3038406,0.23303509,-89.00416,1.443677E-4,1.1072953E-4,1.2058642,1.8968899,99.0,99.0,0,22.906736,1.5553533,0,99.0,99.0,0,99.0,99.0,0,99.0,99.0,0,24.594584,3.6126578,0,99.0,99.0,0,22.52343,0.5370672,0,23.19253,1.1026775,0,22.645275,0.8252658,0,20.862967,0.37769255,0,20.978937,0.3315091,0,0.8384167,0.1723998
"iDR4_3_SPLUS-s22s19_0036261","SPLUS-s22s19",27.48680647483202,-27.783649850254836,6008.152,8535.33,1.6917629,0.40890062,-21.095566,4.102756E-4,2.424554E-4,6.8151875,11.802361,20.74336,0.62202567,3,20.563053,0.901746,3,19.705452,0.66762465,3,22.402504,7.3183947,3,18.785606,0.2564494,3,19.954649,0.2551137,3,19.845844,0.53867507,3,19.76889,0.21416217,3,19.332878,0.16047654,3,19.075743,0.15562673,3,18.989773,0.33903304,3,18.843746,0.23383151,3,0.53625,0.11206756
"iDR4_3_SPLUS-s22s19_0036264","SPLUS-s22s19",27.48210579473248,-27.78224798564708,6035.3804,8544.486,1.4719746,0.3206405,42.220886,2.9608054E-4,2.0114845E-4,6.5420117,10.103771,22.888952,3.497518,1,23.055407,6.9662433,1,21.093084,1.8722523,1,99.0,99.0,1,99.0,99.0,1,21.178442,0.60989517,1,99.0,99.0,1,19.994846,0.20459187,1,20.266514,0.29301864,1,19.899282,0.25741082,1,21.309828,2.224784,1,18.989021,0.20734848,1,0.6185833,0.16368556
"iDR4_3_SPLUS-s22s19_0036332","SPLUS-s22s19",27.499687255013495,-27.784778843849015,5933.5537,8527.989,3.3814383,0.70426786,11.9413395,3.0909717E-4,9.146563E-5,1.666853,2.5358737,22.018124,0.74717367,0,99.0,99.0,0,99.0,99.0,0,21.918114,1.7311926,0,22.000717,1.830702,0,22.807684,1.3011447,0,99.0,99.0,0,22.845345,1.3402592,0,21.663925,0.5034537,0,22.011213,0.8537683,0,99.0,99.0,0,99.0,99.0,0,0.78258336,0.20057668
"iDR4_3_SPLUS-s22s19_0036399","SPLUS-s22s19",27.447659105839683,-27.78595192666657,6234.8403,8520.0625,1.2031341,0.16883737,-35.208748,3.5531036E-4,2.9530362E-4,2.8837192,7.302056,21.796469,0.9769317,0,20.454462,0.4800918,0,20.693089,0.969144,0,20.373524,0.6620184,0,20.115822,0.5096353,0,20.087023,0.16813943,0,20.053507,0.3796466,0,19.634476,0.110646814,0,19.244432,0.0866569,0,19.146442,0.09711709,0,18.672134,0.14776085,0,19.113373,0.1745785,0,0.42225,0.43757752
"iDR4_3_SPLUS-s22s19_0036433","SPLUS-s22s19",27.48973473754332,-27.78833287544081,5991.1724,8504.6875,1.5163609,0.3405264,-71.94643,6.197545E-4,4.0878775E-4,4.886875,8.953121,99.0,99.0,0,22.659224,8.7038145,0,20.806671,2.5806825,0,19.50712,0.7135056,0,18.773445,0.35512048,0,19.83056,0.31829494,0,20.43722,1.3000416,0,19.54113,0.24303132,0,19.055788,0.17363131,0,19.219019,0.24820462,0,21.788946,6.2494035,0,20.106432,1.046717,0,0.05,0.51436573
"iDR4_3_SPLUS-s22s19_0036469","SPLUS-s22s19",27.505018153465794,-27.784004558821128,5902.6855,8533.075,1.2088867,0.17279261,57.867912,3.5355374E-4,2.924516E-4,3.4780138,9.0684185,99.0,99.0,0,20.904602,0.800256,0,99.0,99.0,0,99.0,99.0,0,24.478645,31.176798,0,21.113111,0.4743879,0,99.0,99.0,0,20.435978,0.25326008,0,20.307184,0.25119954,0,19.377052,0.13151221,0,19.402199,0.31725475,0,18.97895,0.16954066,0,0.58883333,0.55166256
"iDR4_3_SPLUS-s22s19_0036526","SPLUS-s22s19",27.45829572648048,-27.796944537677206,6173.1753,8448.168,1.3762336,0.27337915,-38.79676,1.1691822E-4,8.495006E-5,1.6513088,4.591825,99.0,99.0,0,25.153536,6.258802,0,22.75681,1.1265529,0,99.0,99.0,0,25.508505,12.488865,0,22.510174,0.27642155,0,22.584188,0.6829857,0,23.130058,0.48025018,0,24.178009,1.3976917,0,23.57339,0.9850525,0,99.0,99.0,0,23.445923,1.6293873,0,0.35925,0.09604797
"iDR4_3_SPLUS-s22s19_0036620","SPLUS-s22s19",27.51457746813153,-27.79178846038379,5847.3022,8482.152,1.1631414,0.14025933,54.375324,2.312978E-4,1.988523E-4,2.363768,6.963299,21.275974,0.39927495,0,21.610788,0.9179562,0,20.284483,0.44213954,0,99.0,99.0,0,21.309303,1.0124857,0,20.88689,0.23245081,0,20.697214,0.45557296,0,21.44188,0.3846093,0,20.6599,0.2094025,0,20.25101,0.17677738,0,19.788204,0.27243856,0,20.82984,0.5593493,0,0.78866667,0.13444053
"iDR4_3_SPLUS-s22s19_0036642","SPLUS-s22s19",27.44245236056865,-27.79223004106648,6264.9478,8478.936,1.7918625,0.44192147,-6.4936857,2.3338545E-4,1.3022202E-4,2.2070298,3.4764106,99.0,99.0,0,22.755138,2.3544633,0,20.86557,0.6768849,0,25.748137,55.376526,0,99.0,99.0,0,99.0,99.0,0,23.449032,5.1111135,0,21.532413,0.37445325,0,20.996096,0.255697,0,20.743446,0.24941929,0,21.821737,1.5831909,0,23.524937,5.9974117,0,0.72508335,0.08881539
"iDR4_3_SPLUS-s22s19_0036662","SPLUS-s22s19",27.496793511569443,-27.792652138612844,5950.2783,8476.44,2.192667,0.54393446,8.90528,1.5915128E-4,7.259657E-5,1.9603374,2.8696487,99.0,99.0,0,22.16564,1.1871859,0,21.453438,1.0023932,0,21.261656,0.76826394,0,22.04297,1.5465224,0,22.987804,1.2479398,0,99.0,99.0,0,99.0,99.0,0,99.0,99.0,0,21.825436,0.5851452,0,22.603868,2.8299208,0,21.465214,0.7826208,0,0.767,0.1475691
"iDR4_3_SPLUS-s22s19_0036716","SPLUS-s22s19",27.454900329385367,-27.79359393272921,6192.858,8470.081,1.1297903,0.114880025,53.677074,2.1646847E-4,1.915931E-4,2.3285294,7.078164,23.24722,1.5628138,0,23.078476,2.2702172,0,21.941341,1.2975745,0,22.56465,2.1044903,0,21.70818,0.9397362,0,99.0,99.0,0,23.71584,4.6893253,0,21.061478,0.17523035,0,21.121367,0.20671584,0,20.496687,0.14350675,0,20.517704,0.34220293,0,20.400127,0.24216205,0,0.51516664,0.15602534
"iDR4_3_SPLUS-s22s19_0036718","SPLUS-s22s19",27.441089398333016,-27.791011348783794,6272.8486,8486.904,2.220712,0.54969394,56.060043,2.938903E-4,1.3227978E-4,3.4409997,7.312398,99.0,99.0,0,21.086288,0.51593536,0,23.167402,5.7149177,0,23.642101,8.06079,0,99.0,99.0,0,99.0,99.0,0,99.0,99.0,0,21.389309,0.33386084,0,22.818022,1.3847271,0,20.9715,0.31254196,0,21.092968,0.8233034,0,20.299345,0.31331587,0,0.85508335,0.19499058
"iDR4_3_SPLUS-s22s19_0036750","SPLUS-s22s19",27.50379734266874,-27.7904233703205,5909.731,8491.055,1.1660867,0.14243084,42.08293,1.725488E-4,1.4797221E-4,1.5235229,2.6033218,99.0,99.0,0,22.332159,1.1844131,0,21.402742,0.819058,0,99.0,99.0,0,23.314304,4.2294364,0,23.29045,1.4006568,0,99.0,99.0,0,22.893864,0.9667835,0,21.863914,0.41888088,0,22.207478,0.7073271,0,20.023392,0.2249682,0,20.02045,0.17689247,0,0.7045,0.13776875
"iDR4_3_SPLUS-s22s19_0036797","SPLUS-s22s19",27.48794344692835,-27.795307645580525,6001.5127,8459.024,1.560152,0.35903686,89.73322,1.1913036E-4,7.636026E-5,1.4421108,3.3188639,22.652111,0.5853352,0,23.580065,2.3353941,0,99.0,99.0,0,21.809334,0.6847578,0,22.144533,0.91250396,0,22.955425,0.64895695,0,24.61475,6.9553943,0,22.429432,0.39938816,0,22.40839,0.4368372,0,22.266388,0.47089523,0,22.208832,1.0504258,0,99.0,99.0,0,0.5848333,0.08213302
"iDR4_3_SPLUS-s22s19_0036873","SPLUS-s22s19",27.44889581336064,-27.79879412701067,6227.592,8436.007,1.3072997,0.2350645,0.8206463,1.21681536E-4,9.307663E-5,2.3490205,4.778945,22.104397,0.55690336,0,22.013107,0.87251073,0,99.0,99.0,0,22.494991,2.014347,0,22.579744,2.1329935,0,99.0,99.0,0,99.0,99.0,0,21.910862,0.38931066,0,24.531216,4.8217397,0,21.824053,0.4929783,0,21.155365,0.6265868,0,22.141827,1.2263666,0,0.76841664,0.1389065
"iDR4_3_SPLUS-s22s19_0036885","SPLUS-s22s19",27.477177541479595,-27.799675245487236,6063.829,8430.388,1.6648982,0.39936262,18.35691,1.1424711E-4,6.863479E-5,1.0836259,1.9180545,99.0,99.0,0,22.076056,0.8368435,0,99.0,99.0,0,22.94161,2.741238,0,22.571129,1.9136738,0,22.723143,0.7430855,0,21.52226,0.5748827,0,23.994709,2.385352,0,22.375679,0.6008192,0,23.145668,1.5014416,0,21.426336,0.72880083,0,23.275951,3.1522408,0,0.65416664,0.11158489
"iDR4_3_SPLUS-s22s19_0036890","SPLUS-s22s19",27.433246228308146,-27.795484329761425,6318.232,8457.574,1.7630975,0.4328164,20.227236,1.1896536E-4,6.749982E-5,1.2645806,1.9760046,22.116066,0.48244438,0,99.0,99.0,0,22.543974,1.974455,0,99.0,99.0,0,21.517595,0.6883305,0,23.370415,1.280767,0,24.94433,12.636201,0,22.1545,0.41654116,0,22.12794,0.45322022,0,99.0,99.0,0,20.967464,0.45267138,0,22.360264,1.285248,0,0.76533335,0.10863794
"iDR4_3_SPLUS-s22s19_0036924","SPLUS-s22s19",27.45211342319896,-27.800778082708877,6208.9478,8423.039,1.6620907,0.3983481,47.11852,1.3432885E-4,8.081452E-5,1.8436607,4.159584,24.842026,6.718721,0,22.41905,1.2262975,0,21.74727,1.0713943,0,22.299852,1.630348,0,21.536741,0.7900887,0,99.0,99.0,0,21.698555,0.7237299,0,21.56976,0.27460137,0,21.803911,0.37953687,0,21.611496,0.3915943,0,20.59265,0.36195797,0,21.583605,0.7104634,0,0.77533334,0.11809557
"iDR4_3_SPLUS-s22s19_0036944","SPLUS-s22s19",27.488082981483924,-27.79725977391746,6000.696,8446.246,1.2519652,0.20125568,32.936157,3.2672213E-4,2.6097792E-4,1.9112786,5.338723,21.327826,0.37560788,0,20.920013,0.4417841,0,21.224682,0.9509487,0,19.549314,0.18744816,0,19.570772,0.1881997,0,19.182945,0.045998897,0,19.160686,0.1032928,0,18.510557,0.025353787,0,18.406218,0.026010802,0,18.293392,0.027875,0,18.228722,0.060273197,0,18.010586,0.03898749,0,0.0275,0.2811803
"iDR4_3_SPLUS-s22s19_0036971","SPLUS-s22s19",27.481177511458725,-27.82110206712515,6040.5605,8290.149,1.5085032,0.3370912,-52.687515,3.9913395E-4,2.6461785E-4,3.5870898,7.068978,21.131817,0.9411533,3,20.976042,1.372656,3,19.550333,0.6007082,3,19.475386,0.5122172,3,20.58551,1.3935715,3,20.182674,0.32516894,3,19.713854,0.49329558,3,19.871452,0.2430926,3,19.486887,0.19082162,3,19.844572,0.32533523,3,18.72412,0.27357417,3,18.816946,0.23504655,3,0.30991668,0.16858256
"iDR4_3_SPLUS-s22s19_0037002","SPLUS-s22s19",27.464905262819546,-27.802490505092198,6134.871,8411.899,1.6384305,0.38965982,8.40489,1.6622686E-4,1.014664E-4,2.5108712,6.103095,22.687891,0.8835887,0,23.059431,2.1126146,0,21.308079,0.6844809,0,21.938517,1.1130345,0,99.0,99.0,0,22.615023,0.68435484,0,99.0,99.0,0,23.66528,1.785471,0,22.386786,0.6164846,0,21.402742,0.30678096,0,21.721869,0.96892756,0,20.613455,0.27602842,0,0.8445,0.17344865
"iDR4_3_SPLUS-s22s19_0037021","SPLUS-s22s19",27.465982625835927,-27.803009437326747,6128.6304,8408.508,1.4145674,0.29307008,-17.954996,2.112256E-4,1.4929572E-4,2.1096358,4.733633,21.739199,0.56052613,0,99.0,99.0,0,20.732851,0.6107893,0,99.0,99.0,0,99.0,99.0,0,21.917807,0.5466237,0,25.572441,36.86015,0,21.73674,0.46038675,0,21.203259,0.3152419,0,20.694965,0.2431758,0,20.249636,0.3800485,0,19.940138,0.22578493,0,0.76516664,0.13928744
"iDR4_3_SPLUS-s22s19_0037024","SPLUS-s22s19",27.461133052384287,-27.802653350975103,6156.7114,8410.813,3.6900337,0.72899973,10.281951,1.850764E-4,5.020599E-5,0.8978813,1.2636105,99.0,99.0,0,23.297441,1.996838,0,99.0,99.0,0,22.716772,1.7364852,0,21.593105,0.6079609,0,23.92214,1.7321023,0,99.0,99.0,0,22.312744,0.3940068,0,22.97759,0.8065619,0,22.023783,0.41523993,0,21.491022,0.59788674,0,21.880245,0.674296,0,0.7758333,0.15724932
"iDR4_3_SPLUS-s22s19_0037026","SPLUS-s22s19",27.45613233862558,-27.803737446706513,6185.6587,8403.69,2.6004126,0.6154456,58.14574,1.2785188E-4,4.9134353E-5,1.0595647,1.6381997,99.0,99.0,3,25.877092,9.993474,3,23.602285,2.0080316,3,99.0,99.0,3,99.0,99.0,3,23.431442,0.5226722,3,25.348837,6.9730306,3,23.42046,0.51166683,3,24.501593,1.529318,3,23.382622,0.6773561,3,22.626633,0.7930845,3,22.93642,0.83512956,3,0.6725,0.12478232
"iDR4_3_SPLUS-s22s19_0037108","SPLUS-s22s19",27.52057746729418,-27.807549545926506,5812.512,8378.998,1.6173406,0.38170105,89.227234,1.2348454E-4,7.635208E-5,1.4898535,2.4293969,23.183132,1.0614259,0,22.035736,0.63054264,0,99.0,99.0,0,99.0,99.0,0,99.0,99.0,0,22.666622,0.54772043,0,99.0,99.0,0,23.468494,1.1361165,0,22.91992,0.7652295,0,22.25471,0.51128006,0,21.612938,0.667998,0,21.612951,0.5271674,0,0.7788333,0.23371221
"iDR4_3_SPLUS-s22s19_0037137","SPLUS-s22s19",27.4859343193654,-27.79940286454414,6013.127,8432.209,2.2828982,0.56196034,28.890003,2.1853646E-4,9.576437E-5,2.7497666,7.4547915,24.005913,3.2541835,0,25.945656,33.02666,0,99.0,99.0,0,99.0,99.0,0,22.27558,1.6522022,0,23.511122,1.7438941,0,99.0,99.0,0,22.21593,0.52658796,0,21.513243,0.30860338,0,21.982176,0.584886,0,21.380772,0.79117024,0,20.968235,0.4274831,0,0.7836667,0.11946729
"iDR4_3_SPLUS-s22s19_0037205","SPLUS-s22s19",27.451443668492317,-27.80897026230499,6212.7715,8369.41,1.6254731,0.38479453,18.821714,1.1283146E-4,6.9431575E-5,0.83978647,1.1939393,22.907444,0.8826711,0,23.862204,3.599343,0,21.439915,0.63234156,0,22.406551,1.4072008,0,99.0,99.0,0,22.827442,0.6873243,0,22.1196,0.8332014,0,99.0,99.0,0,99.0,99.0,0,23.447456,1.6577438,0,99.0,99.0,0,23.675018,3.809295,0,0.6933333,0.11514147
"iDR4_3_SPLUS-s22s19_0037258","SPLUS-s22s19",27.489012128791764,-27.81581824187539,5995.23,8324.77,1.0614994,0.05793631,-15.831332,3.8955308E-4,3.669701E-4,1.9068221,4.6607924,17.368032,0.013470631,3,16.96283,0.016022585,3,16.900366,0.023326425,3,16.502033,0.015688723,3,16.485949,0.015237682,3,16.208843,0.004942372,3,16.048098,0.009177794,3,15.810055,0.0035866327,3,15.806075,0.004083623,3,15.716602,0.003861328,3,15.70816,0.0077367513,3,15.679948,0.0057728454,3,0.019916667,0.90957576
"iDR4_3_SPLUS-s22s19_0037275","SPLUS-s22s19",27.518726237276777,-27.818129671159575,5823.1987,8309.738,1.525581,0.34451205,-0.6724489,2.3494769E-4,1.5400039E-4,2.253692,4.989849,99.0,99.0,2,23.8008,8.810345,2,99.0,99.0,2,21.036362,1.0279479,2,21.84939,2.1202636,2,21.52732,0.5314696,2,20.883549,0.68663543,2,21.719196,0.6318124,2,20.695982,0.27463582,2,20.770388,0.36093482,2,19.926847,0.39225042,2,19.826664,0.28227493,2,0.78925,0.13570154
"iDR4_3_SPLUS-s22s19_0037308","SPLUS-s22s19",27.485685992514604,-27.818795961429235,6014.4717,8305.264,1.9529821,0.48796254,-30.462566,0.0017923071,9.17474E-4,8.934519,22.125174,16.412354,0.024184309,2,16.101406,0.0307033,2,15.796525,0.0378658,2,15.577421,0.028216062,2,15.3738365,0.023126788,2,15.1550255,0.006606764,2,14.925479,0.012335626,2,14.535211,0.003825028,2,14.483149,0.0041154614,2,14.227007,0.0038594063,2,14.057801,0.0075745694,2,14.000506,0.0056451904,2,0.046,0.994777
"iDR4_3_SPLUS-s22s19_0037377","SPLUS-s22s19",27.4985350884451,-27.813262839040004,5940.109,8341.532,2.8626297,0.6506708,-22.519129,3.9032008E-4,1.3626323E-4,2.951287,4.673089,99.0,99.0,0,99.0,99.0,0,20.979143,1.1900076,0,21.040754,1.1494769,0,20.884315,0.9760694,0,21.451754,0.5571495,0,99.0,99.0,0,22.292542,1.2013798,0,21.724737,0.79487365,0,20.833189,0.43131733,0,20.977688,1.1672,0,20.198278,0.4478756,0,0.6954167,0.1039707
"iDR4_3_SPLUS-s22s19_0037384","SPLUS-s22s19",27.45443844035937,-27.814562014815124,6195.396,8332.824,1.7230957,0.41964918,71.70116,1.178786E-4,6.839061E-5,1.4219942,2.0824623,23.455872,1.6520492,0,22.60968,1.2899452,0,99.0,99.0,0,21.588879,0.75581163,0,22.335499,1.4694178,0,24.629005,4.095374,0,22.778801,1.7432588,0,22.385342,0.51844215,0,22.660673,0.7421888,0,22.596502,0.8630558,0,99.0,99.0,0,21.81847,0.78544044,0,0.7665833,0.11246364
"iDR4_3_SPLUS-s22s19_0037484","SPLUS-s22s19",27.425613168640325,-27.81618838721741,6362.264,8321.996,1.4890821,0.32844537,-89.81414,1.0026943E-4,6.7338464E-5,1.0259492,1.5487982,23.788105,1.6876764,0,99.0,99.0,0,99.0,99.0,0,22.35594,1.1515086,0,22.02119,0.8369069,0,22.370579,0.39125335,0,99.0,99.0,0,99.0,99.0,0,99.0,99.0,0,22.378061,0.5366788,0,21.214085,0.43278566,0,24.168816,5.178213,0,0.8473333,0.18246685
"iDR4_3_SPLUS-s22s19_0037509","SPLUS-s22s19",27.467610905978326,-27.803787386430574,6119.1978,8403.424,1.4638225,0.31685704,15.714819,2.4684131E-4,1.6865028E-4,4.503177,8.459227,23.727407,2.4242165,1,21.413338,0.49061075,1,20.846838,0.47485444,1,22.228785,1.5416197,1,21.531294,0.79325527,1,22.117088,0.4593185,1,99.0,99.0,1,21.18217,0.19420409,1,21.616133,0.3221746,1,20.786604,0.18534662,1,20.13381,0.2392831,1,21.013777,0.423169,1,0.76458335,0.06994823
"iDR4_3_SPLUS-s22s19_0037526","SPLUS-s22s19",27.500028876156428,-27.818014898754996,5931.442,8310.432,1.2192814,0.1798448,86.48055,6.668106E-4,5.468944E-4,5.0706797,9.342653,19.549582,0.22676739,0,19.829039,0.50115883,0,20.28624,1.2368308,0,19.05955,0.3641362,0,18.602024,0.2344858,0,18.816282,0.09703745,0,18.385366,0.15219082,0,18.297611,0.0600598,0,18.127613,0.057362992,0,18.039656,0.06477608,0,18.392109,0.21075374,0,18.012506,0.11728544,0,0.08991667,0.63686556
"iDR4_3_SPLUS-s22s19_0037577","SPLUS-s22s19",27.44715434037924,-27.81977285395154,6237.531,8298.673,1.9155886,0.47796726,1.0464635,1.3722693E-4,7.16375E-5,0.8202174,1.1540451,99.0,99.0,0,22.525143,0.7628382,0,25.239986,14.994519,0,99.0,99.0,0,99.0,99.0,0,23.162706,0.67556196,0,99.0,99.0,0,23.655182,1.0550843,0,99.0,99.0,0,22.729277,0.6191384,0,23.483402,2.9052963,0,21.454542,0.35645494,0,0.75058335,0.10932068
"iDR4_3_SPLUS-s22s19_0037595","SPLUS-s22s19",27.454741679859037,-27.821380814120495,6193.5967,8288.191,1.7367135,0.42419982,71.08524,1.1830198E-4,6.809735E-5,1.198362,1.7733866,23.498747,1.5549215,0,21.77938,0.5496906,0,99.0,99.0,0,22.708506,1.9185892,0,22.12123,1.0874287,0,23.613691,1.4567561,0,23.053757,2.0310802,0,23.267471,1.0533376,0,22.806227,0.7675972,0,23.005253,1.135802,0,21.9053,0.97404385,0,21.230207,0.41243637,0,0.747,0.116930634
"iDR4_3_SPLUS-s22s19_0037623","SPLUS-s22s19",27.4689826305918,-27.820323438180687,6111.161,8295.188,1.0605215,0.057067633,5.973267,3.2236584E-4,3.0396375E-4,2.2930136,5.744538,19.405008,0.09386365,0,19.360575,0.15288578,0,19.363737,0.24774617,0,18.900095,0.14729834,0,19.179905,0.18609917,0,19.188904,0.0643454,0,19.061161,0.13233006,0,18.840487,0.046582058,0,18.830395,0.05169562,0,18.563303,0.049108006,0,18.674911,0.12699184,0,18.651432,0.09795652,0,0.27141666,0.11357474
"iDR4_3_SPLUS-s22s19_0037696","SPLUS-s22s19",27.494698887078183,-27.818141913350722,5962.2974,8309.581,1.0504631,0.0480389,-44.609657,1.9032088E-4,1.8117946E-4,1.8393428,2.8209238,99.0,99.0,0,21.767452,1.1169367,0,99.0,99.0,0,22.099192,2.2564578,0,99.0,99.0,0,23.384893,2.443261,0,99.0,99.0,0,99.0,99.0,0,22.019054,0.77515894,0,20.91457,0.34439135,0,20.533274,0.5715596,0,21.092579,0.754299,0,0.7259167,0.10815863
"iDR4_3_SPLUS-s22s19_0037746","SPLUS-s22s19",27.475853440153468,-27.80363048052941,6071.4746,8404.491,1.0222673,0.021782279,-46.449135,7.7165794E-5,7.5485965E-5,1.734545,3.030673,99.0,99.0,0,21.740332,0.6585234,0,22.557617,2.26849,0,24.17476,9.1583805,0,25.719616,36.927197,0,22.83385,0.87787676,0,22.79898,1.9901198,0,22.783482,0.8374813,0,22.258272,0.5767569,0,21.825415,0.47663873,0,21.057518,0.5537678,0,22.188126,1.2369903,0,0.7225,0.19756328
"iDR4_3_SPLUS-s22s19_0037950","SPLUS-s22s19",27.481311180897368,-27.830601177954243,6039.739,8227.971,1.1778597,0.1510024,-1.9161683,1.3633913E-4,1.1574778E-4,2.3989923,4.707955,21.300552,0.34562668,0,21.593597,0.7701237,0,99.0,99.0,0,99.0,99.0,0,22.359468,2.2582743,0,22.621876,0.97104436,0,25.854197,44.50626,0,22.336964,0.74234384,0,21.268112,0.3112895,0,21.360603,0.41518542,0,20.860758,0.61852074,0,21.280424,0.71732974,0,0.72466666,0.13959992
"iDR4_3_SPLUS-s22s19_0038001","SPLUS-s22s19",27.50447493365678,-27.833017613772917,5905.646,8212.242,1.260811,0.20685971,-61.081657,2.5296543E-4,2.0065354E-4,2.5741463,7.063094,23.540478,3.6694176,0,99.0,99.0,0,99.0,99.0,0,99.0,99.0,0,21.705627,1.691657,0,24.735157,9.327086,0,20.477303,0.43308055,0,21.20831,0.36019504,0,20.942085,0.31529203,0,19.921722,0.15166199,0,19.606712,0.2676132,0,19.910894,0.27926427,0,0.59458333,0.4406068
"iDR4_3_SPLUS-s22s19_0038031","SPLUS-s22s19",27.464717458119182,-27.83220933434295,6135.782,8217.364,1.7033113,0.41290826,-38.281315,1.8869294E-4,1.1076648E-4,1.9393672,6.1389046,21.508322,0.4037878,0,21.262897,0.55090815,0,20.72132,0.5448076,0,22.197693,1.9323263,0,21.629757,1.1162488,0,22.440693,0.7974938,0,99.0,99.0,0,22.161228,0.61141324,0,21.465998,0.3611926,0,21.437902,0.4318163,0,20.50401,0.43121365,0,21.742405,1.0624584,0,0.8240833,0.16703945
"iDR4_3_SPLUS-s22s19_0038055","SPLUS-s22s19",27.520232578529622,-27.83516954867233,5814.428,8198.202,1.2520089,0.20128363,-70.24209,2.407826E-4,1.9233124E-4,2.0573325,4.288852,22.37477,0.9740181,0,99.0,99.0,0,99.0,99.0,0,21.233294,0.8584919,0,20.625277,0.48037663,0,23.396175,2.0766973,0,22.638117,2.4061854,0,20.831646,0.19551477,0,20.538559,0.16706263,0,20.10599,0.13754866,0,20.31091,0.39060223,0,19.935131,0.21813563,0,0.44716668,0.34247345
"iDR4_3_SPLUS-s22s19_0038072","SPLUS-s22s19",27.479715503716875,-27.834492687806748,6048.9556,8202.49,1.6234066,0.3840114,-1.6361985,1.2390522E-4,7.6320495E-5,1.3292983,2.2291129,22.856508,0.78034586,0,22.54885,1.005124,0,99.0,99.0,0,99.0,99.0,0,21.461294,0.5392525,0,23.275455,0.9564622,0,23.600538,3.0074024,0,23.42223,1.0911516,0,26.070642,13.903402,0,27.459496,61.43564,0,23.05554,2.516878,0,22.009296,0.7581251,0,0.85333335,0.16300705
"iDR4_3_SPLUS-s22s19_0038087","SPLUS-s22s19",27.500647432418354,-27.838882512252347,5927.7773,8173.8384,1.2538999,0.20248818,68.4144,5.0725305E-4,4.0451693E-4,3.5577805,8.47076,20.046526,0.2700722,3,19.453485,0.26524988,3,20.280313,0.9268482,3,19.344862,0.35664758,3,19.12381,0.28534958,3,18.812809,0.07294892,3,18.280663,0.104193,3,18.200886,0.041507676,3,18.065723,0.04101392,3,17.86959,0.041795228,3,17.835514,0.09498165,3,17.975786,0.0852953,3,0.15066667,0.55092835
"iDR4_3_SPLUS-s22s19_0038094","SPLUS-s22s19",27.497984709976528,-27.832200719847922,5943.2173,8217.566,1.2349489,0.19024986,-15.753857,1.7632837E-4,1.4277073E-4,1.7371167,4.358793,99.0,99.0,0,99.0,99.0,0,99.0,99.0,0,21.372223,0.80035067,0,99.0,99.0,16,22.858793,1.044004,0,21.576818,0.7481134,0,22.119053,0.5260226,0,21.472383,0.3247062,0,21.302689,0.3407504,0,19.671846,0.18000068,0,20.230549,0.2368263,0,0.828,0.16022572
"iDR4_3_SPLUS-s22s19_0038101","SPLUS-s22s19",27.48653173695593,-27.836026332912315,6009.4937,8192.48,1.0152305,0.015002012,-43.696693,7.692848E-5,7.5774966E-5,1.2017418,1.8525294,23.5353,1.8685943,0,22.223055,0.95968825,0,99.0,99.0,0,21.520031,0.7504638,0,99.0,99.0,0,22.698568,0.73187584,0,21.824179,0.7651924,0,22.803726,0.7999994,0,23.44913,1.6220208,0,22.258179,0.6658383,0,22.206112,1.4981425,0,22.801632,2.0442648,0,0.79366666,0.152547
"iDR4_3_SPLUS-s22s19_0038115","SPLUS-s22s19",27.46598610901326,-27.83417230071017,6128.4272,8204.521,1.131833,0.11647743,-10.408202,2.561805E-4,2.2632862E-4,1.8812802,4.1943154,20.455992,0.21088974,0,20.219582,0.2897176,0,19.761747,0.30906814,0,20.376976,0.49466687,0,19.668043,0.2529931,0,19.975761,0.1141979,0,19.778172,0.22117783,0,19.754745,0.092552215,0,19.66961,0.09589979,0,19.654797,0.115112446,0,19.495758,0.23352222,0,19.397837,0.1683525,0,0.8843333,0.13997747
"iDR4_3_SPLUS-s22s19_0038126","SPLUS-s22s19",27.46584637281331,-27.80492721003498,6129.4077,8395.954,1.4094961,0.29052657,-86.16371,3.513032E-4,2.4925877E-4,2.1565104,5.814391,20.715902,0.3663767,0,20.04786,0.33594453,0,21.548672,2.1652882,0,20.383408,0.67851025,0,21.255295,1.4769362,0,21.140488,0.44885302,0,20.901672,0.8412477,0,19.749691,0.12475537,0,19.252697,0.08876211,0,19.027025,0.08837848,0,18.358618,0.1125071,0,18.345753,0.08766655,0,0.18216667,0.17776679
"iDR4_3_SPLUS-s22s19_0038129","SPLUS-s22s19",27.440907091310542,-27.83477632124899,6273.5884,8200.425,1.3984507,0.28492296,46.157032,1.9434499E-4,1.3896752E-4,1.2761506,2.0142174,22.15852,0.9086482,0,23.590708,5.8026576,0,21.113216,0.9681817,0,21.9525,1.9140638,0,99.0,99.0,0,22.251413,0.8360464,0,21.429846,0.9132582,0,21.287655,0.3422449,0,21.433048,0.4375484,0,21.996113,0.90125924,0,20.410673,0.49371698,0,99.0,99.0,0,0.15066667,0.087532476
"iDR4_3_SPLUS-s22s19_0038266","SPLUS-s22s19",27.490507612133573,-27.841683459576533,5986.4546,8155.4663,1.192986,0.16176718,14.36928,2.2672862E-4,1.9005651E-4,2.1008136,5.72685,22.512177,0.94074285,0,99.0,99.0,0,21.510935,1.0450894,0,24.60856,16.40496,0,99.0,99.0,0,22.766457,0.9975332,0,21.662647,0.8420085,0,20.900375,0.17938258,0,20.920546,0.20433295,0,20.880856,0.2408934,0,20.579844,0.4303322,0,19.973007,0.19454432,0,0.34233335,0.19898388
"iDR4_3_SPLUS-s22s19_0038307","SPLUS-s22s19",27.48110008393293,-27.84225462085074,6040.902,8151.6885,1.2501467,0.20009392,15.581897,1.7968609E-4,1.4373961E-4,2.5704913,6.805046,23.005247,1.13113,0,24.156631,5.5592003,0,21.237421,0.61736894,0,21.97837,1.1142584,0,99.0,99.0,0,99.0,99.0,0,99.0,99.0,0,21.445663,0.2251395,0,21.3357,0.22820887,0,20.97942,0.20134075,0,20.757696,0.38607448,0,20.968775,0.36965695,0,0.6580833,0.19918893
"iDR4_3_SPLUS-s22s19_0038319","SPLUS-s22s19",27.46805844162896,-27.84233016423234,6116.385,8151.1323,1.2033995,0.16902077,-82.33155,1.9896255E-4,1.6534502E-4,2.045596,3.583276,22.64831,1.5957903,0,99.0,99.0,0,99.0,99.0,0,99.0,99.0,0,20.529814,0.55720043,0,23.982033,4.5092597,0,99.0,99.0,0,21.242664,0.3596678,0,21.235455,0.39945576,0,22.32147,1.3301642,0,20.563498,0.6228899,0,19.749798,0.23257561,0,0.59041667,0.21049024
"iDR4_3_SPLUS-s22s19_0038322","SPLUS-s22s19",27.526261818293722,-27.844079528699694,5779.5063,8139.8936,1.0585377,0.055300593,-84.30711,2.466582E-4,2.3302468E-4,2.434353,5.9381924,23.492489,2.98158,0,21.154705,0.5819282,0,21.693213,1.4164698,0,99.0,99.0,0,22.270266,2.1286924,0,22.223148,0.6906987,0,22.939848,3.1052742,0,20.825405,0.19012798,0,20.629427,0.177502,0,20.02041,0.124359466,0,20.013258,0.29060408,0,19.414482,0.13229884,0,0.479,0.461582
"iDR4_3_SPLUS-s22s19_0038344","SPLUS-s22s19",27.517757748444595,-27.844065873575367,5828.726,8139.962,1.1332906,0.11761385,-87.68225,1.14762865E-4,1.0126815E-4,1.6443288,3.3297813,99.0,99.0,0,22.204306,0.63284165,0,99.0,99.0,0,24.29207,6.399819,0,22.14176,0.8670851,0,24.50428,2.5682306,0,99.0,99.0,0,22.879738,0.57013834,0,99.0,99.0,0,21.582043,0.23790982,0,99.0,99.0,0,22.234621,0.8021282,0,0.741,0.11984686
"iDR4_3_SPLUS-s22s19_0038450","SPLUS-s22s19",27.462715670127455,-27.847361636728756,6147.278,8118.17,1.8486379,0.4590612,-38.736603,2.3276344E-4,1.2589278E-4,2.6818032,5.622473,99.0,99.0,0,20.437407,0.4457618,0,22.293097,3.999665,0,99.0,99.0,0,20.208784,0.52245,0,23.034449,2.3812673,0,22.14539,2.4416015,0,21.517681,0.5844013,0,21.691668,0.7650397,0,20.454453,0.30152014,0,20.407166,0.68053037,0,20.049917,0.38667262,0,0.814,0.14990059
"iDR4_3_SPLUS-s22s19_0038490","SPLUS-s22s19",27.510517029901067,-27.851743463580032,5870.607,8089.6855,1.2427362,0.195324,34.681137,3.450823E-4,2.7768634E-4,2.9608643,6.5975366,20.771027,0.5601903,0,99.0,99.0,0,19.893806,0.69215816,0,99.0,99.0,0,99.0,99.0,0,21.199293,0.69201785,0,20.338493,0.72968966,0,19.57373,0.15401328,0,19.404238,0.14733048,0,19.036938,0.12878938,0,19.835997,0.63361,0,19.27271,0.29781613,0,0.459,0.60808516
"iDR4_3_SPLUS-s22s19_0038509","SPLUS-s22s19",27.4489480023337,-27.84919590874065,6226.9473,8106.086,1.526587,0.344944,27.866936,3.4829197E-4,2.2819733E-4,2.8721538,4.6604195,99.0,99.0,0,20.929935,0.56881666,0,19.831758,0.33731124,0,20.942768,0.8557386,0,21.97987,2.1759176,0,21.312183,0.3991203,0,20.142965,0.31739673,0,20.952671,0.28504416,0,20.919699,0.30799404,0,20.28433,0.21142632,0,19.636045,0.27416062,0,19.44903,0.18232355,0,0.6249167,0.21409689
"iDR4_3_SPLUS-s22s19_0038570","SPLUS-s22s19",27.451503422359604,-27.85062418621222,6212.1484,8096.752,1.3200166,0.24243379,32.919605,2.6120455E-4,1.9789745E-4,2.0515742,4.480056,99.0,99.0,0,21.851643,1.4828044,0,20.170496,0.5134115,0,20.602888,0.6977978,0,22.617441,4.3493714,0,99.0,99.0,0,20.967478,0.7521697,0,21.887165,0.7461799,0,20.527723,0.23949812,0,19.867434,0.16016027,0,19.319504,0.2279827,0,19.21519,0.16335851,0,0.51825,0.4170561
"iDR4_3_SPLUS-s22s19_0038585","SPLUS-s22s19",27.492989898646435,-27.849818640270485,5972.052,8102.225,1.2471788,0.19819039,3.3425925,2.4639897E-4,1.9756383E-4,1.8503517,3.8126643,21.530674,0.4807064,0,21.011375,0.48413423,0,21.689577,1.4650487,0,20.544962,0.4662607,0,20.638178,0.4988222,0,21.275974,0.3037478,0,21.19468,0.65797627,0,20.8737,0.20860802,0,20.330082,0.14201812,0,20.467886,0.19686478,0,20.246504,0.40692338,0,20.0459,0.24804355,0,0.59608334,0.15666993
"iDR4_3_SPLUS-s22s19_0038593","SPLUS-s22s19",27.487645151533254,-27.8535131882766,6002.967,8078.02,1.05314,0.05045867,65.608154,1.2231669E-4,1.1614364E-4,1.4604231,3.0495827,24.145813,3.1216764,0,99.0,99.0,0,99.0,99.0,0,99.0,99.0,0,21.871164,0.9559607,0,22.81276,0.7676953,0,22.020422,0.8623586,0,21.83371,0.30963573,0,21.720486,0.3124508,0,21.358807,0.27457184,0,21.459442,0.70947444,0,25.106556,16.057356,0,0.7105833,0.089018025
"iDR4_3_SPLUS-s22s19_0038633","SPLUS-s22s19",27.493764442149676,-27.85514956845966,5967.546,8067.333,1.9355273,0.48334497,-1.175086,1.3926897E-4,7.195077E-5,1.3559723,2.5707111,22.428974,0.533191,0,22.354368,0.8426441,0,99.0,99.0,0,21.668278,0.6698974,0,23.060856,2.3438714,0,23.06874,0.8007258,0,25.811478,23.238707,0,22.209476,0.36238784,0,21.779593,0.27281395,0,22.032381,0.42142278,0,21.989964,0.9571159,0,21.656963,0.55571073,0,0.73191667,0.12776473
"iDR4_3_SPLUS-s22s19_0038641","SPLUS-s22s19",27.47910323224121,-27.855906469323177,6052.389,8062.3174,1.3156205,0.23990244,-46.479153,3.603344E-4,2.7389548E-4,3.4571574,7.9702477,21.437819,0.67058444,0,21.143171,0.87208486,0,20.756918,0.99462754,0,20.09614,0.49323806,0,99.0,99.0,0,20.001987,0.1502869,0,20.194077,0.41766375,0,19.979485,0.14599414,0,20.25849,0.2104211,0,20.033155,0.20988518,0,20.618593,0.8484678,0,19.596647,0.26144367,0,0.10333333,0.36363328
"iDR4_3_SPLUS-s22s19_0038701","SPLUS-s22s19",27.44649077134554,-27.854474091020414,6241.1323,8071.5215,1.0439405,0.04209107,-79.48043,2.2697526E-4,2.1743032E-4,1.9550034,3.5155463,22.10383,0.7822335,0,21.528131,0.7893699,0,20.751972,0.62703437,0,22.239275,2.255246,0,21.550215,1.1706539,0,23.540247,2.4787443,0,20.764639,0.44890493,0,20.995323,0.23696676,0,20.81728,0.22472282,0,20.007366,0.13157782,0,19.677498,0.22777155,0,20.044899,0.25205415,0,0.27125,0.34172654
"iDR4_3_SPLUS-s22s19_0038710","SPLUS-s22s19",27.48254183580025,-27.85634002747737,6032.4873,8059.4946,1.066112,0.062012315,-45.135887,7.877426E-5,7.388998E-5,1.1179849,1.9517467,22.362934,0.6437474,0,22.113955,0.87689626,0,22.638685,2.2993536,0,99.0,99.0,0,22.098515,1.2438207,0,22.897285,0.878742,0,99.0,99.0,0,23.766811,1.9457244,0,22.089977,0.46463835,0,22.419489,0.77237886,0,21.776598,1.0093377,0,23.173492,2.875638,0,0.7449167,0.13481343
"iDR4_3_SPLUS-s22s19_0038753","SPLUS-s22s19",27.50466206461951,-27.84031132290421,5904.535,8164.4995,1.0397415,0.038222432,-46.81667,7.7763E-5,7.479145E-5,0.9712688,1.7391351,23.568117,1.8144022,0,99.0,99.0,0,22.27624,1.5374749,0,21.791237,0.89074636,0,99.0,99.0,0,99.0,99.0,0,23.492382,3.2984488,0,22.927567,0.8374211,0,23.783003,2.0591073,0,22.83027,1.0527627,0,99.0,99.0,0,24.318901,7.7274656,0,0.38591668,0.09368443
"iDR4_3_SPLUS-s22s19_0038794","SPLUS-s22s19",27.470332669600165,-27.8606049355289,6103.119,8031.521,1.0711256,0.06640267,-56.449867,1.633075E-4,1.5246937E-4,1.4144574,2.3307533,22.13452,0.57671463,0,99.0,99.0,0,99.0,99.0,0,99.0,99.0,0,25.667841,36.6865,0,25.123669,7.4944882,0,21.367538,0.55183583,0,21.907803,0.3875853,0,22.680292,0.88115185,0,21.289406,0.30045238,0,20.65375,0.3943251,0,20.981483,0.42097265,0,0.30483332,0.2914687
"iDR4_3_SPLUS-s22s19_0038812","SPLUS-s22s19",27.465084402356553,-27.858949622501914,6133.5,8042.33,1.3773673,0.27397728,75.13213,2.1893968E-4,1.5893627E-4,3.1240761,8.359369,22.406944,0.9800655,0,23.230976,3.568546,0,21.683022,1.3838335,0,21.870602,1.4970775,0,20.970274,0.6399258,0,21.765081,0.4502768,0,22.777576,2.6501515,0,20.876541,0.1975748,0,20.784157,0.20338987,0,21.504877,0.4805883,0,21.536598,1.1673194,0,20.994265,0.5600427,0,0.21125,0.09847374
"iDR4_3_SPLUS-s22s19_0038828","SPLUS-s22s19",27.464437591332295,-27.862587115583892,6137.2217,8018.5166,4.300826,0.7674865,72.58637,1.7055534E-4,3.957903E-5,1.582281,2.925485,99.0,99.0,0,22.778072,1.851199,0,99.0,99.0,0,21.87171,1.1846744,0,99.0,99.0,0,23.003101,1.1091053,0,23.137753,2.9255664,0,22.127014,0.49157315,0,24.352976,4.2627883,0,99.0,99.0,0,22.806238,2.9729822,0,99.0,99.0,0,0.72675,0.17281345
"iDR4_3_SPLUS-s22s19_0038908","SPLUS-s22s19",27.484691691735126,-27.864934985427503,6020.004,8003.243,1.6335049,0.3878194,0.13419445,1.07090775E-4,6.555766E-5,1.2031643,2.6146307,99.0,99.0,0,99.0,99.0,0,21.951735,0.9902469,0,99.0,99.0,0,99.0,99.0,0,23.49327,1.2232338,0,25.687614,21.473757,0,99.0,99.0,0,23.155949,0.9927038,0,23.039284,1.0941684,0,22.08468,1.0746442,0,22.529886,1.2755077,0,0.7695,0.19311574
"iDR4_3_SPLUS-s22s19_0038943","SPLUS-s22s19",27.482924027319857,-27.865991223601032,6030.2275,7996.322,2.6596546,0.6240113,13.226094,1.6524254E-4,6.216012E-5,1.521402,2.6907825,99.0,99.0,0,23.611326,3.051934,0,21.65862,0.8286422,0,23.3965,3.7031443,0,99.0,99.0,0,23.25202,1.0711503,0,22.500568,1.2489699,0,24.445477,3.183894,0,23.853825,2.0622787,0,23.406065,1.6774371,0,21.8101,0.91246986,0,20.57565,0.23171452,0,0.80825,0.4590578
"iDR4_3_SPLUS-s22s19_0038983","SPLUS-s22s19",27.49546172333402,-27.865464481347367,5957.679,7999.8203,1.1541088,0.13353056,-19.738264,2.747748E-4,2.3807015E-4,2.553642,6.113341,22.877003,1.8440969,2,99.0,99.0,2,23.268042,7.2942286,2,20.815475,0.6982451,2,20.80464,0.6757193,2,21.814331,0.5778395,2,99.0,99.0,2,20.37239,0.15316619,2,20.123716,0.1367073,2,19.9817,0.14626278,2,20.823809,0.7470645,2,19.544207,0.18161239,2,0.26791668,0.2347084
"iDR4_3_SPLUS-s22s19_0039035","SPLUS-s22s19",27.502627351201923,-27.86204980059993,5916.2275,8022.1973,1.0131999,0.013027906,0.27500093,2.4307995E-4,2.3990785E-4,2.4992206,4.804606,21.801794,0.9003683,0,21.221811,0.8824979,0,20.76157,0.9401157,0,20.523855,0.6882617,0,19.904438,0.38190934,0,22.082428,0.95757604,0,22.038136,2.141125,0,21.33321,0.4778756,0,20.534674,0.25640628,0,22.861864,2.67127,0,19.879906,0.40591487,0,20.797993,0.7450693,0,0.17033334,0.13076702
"iDR4_3_SPLUS-s22s19_0033185","SPLUS-s22s19",27.515374371881517,-27.793283987121367,5842.6826,8472.364,1.2207605,0.18083847,-6.471719,4.201745E-4,3.4417346E-4,3.7839625,8.057006,20.752815,0.43219945,0,20.362097,0.51401705,0,20.217016,0.7310961,0,21.336313,1.8720751,0,21.224709,1.6543126,0,19.865866,0.16036858,0,19.05712,0.17801814,0,19.971542,0.17558092,0,19.366282,0.11241785,0,19.005167,0.09919503,0,19.111193,0.25724828,0,19.630016,0.32740602,0,0.10266667,0.46322283
"iDR4_3_SPLUS-s22s19_0036757","SPLUS-s22s19",27.528260115821404,-27.79225900135862,5768.07,8479.106,1.0731885,0.06819731,-7.9626904,3.8584063E-4,3.5951444E-4,1.9244441,4.7512474,17.84448,0.019748397,0,17.372444,0.022040103,0,17.250603,0.03082485,0,17.005621,0.0229615,0,16.954203,0.021576554,0,16.798851,0.007282658,0,16.684082,0.014215438,0,16.552479,0.005789021,0,16.564556,0.006615459,0,16.478563,0.0066057,0,16.499865,0.014347829,0,16.519339,0.011295005,0,0.018416667,0.92873114
"iDR4_3_SPLUS-s22s19_0036973","SPLUS-s22s19",27.4914087353479,-27.81217297917489,5981.3716,8348.64,1.2952415,0.22794318,-71.33564,0.0012070442,9.320157E-4,7.935377,16.776562,17.497173,0.05331039,3,17.52145,0.09294063,3,17.451637,0.14193873,3,16.719067,0.066325985,3,16.62714,0.05978928,3,16.333557,0.015745133,3,16.115974,0.029916586,3,15.817108,0.0098527325,3,15.7078085,0.010018479,3,15.484184,0.009868785,3,15.392048,0.02109055,3,15.278286,0.014966288,3,0.0775,0.80337816
"iDR4_3_SPLUS-s22s19_0037062","SPLUS-s22s19",27.52664714725647,-27.797647147101728,5777.396,8443.832,1.7524602,0.42937362,-36.91136,1.800989E-4,1.0276149E-4,1.6402234,2.8420596,22.578442,0.85376686,0,99.0,99.0,0,99.0,99.0,0,99.0,99.0,0,99.0,99.0,0,22.953169,0.9954775,0,99.0,99.0,0,22.600395,0.7157513,0,22.314064,0.6118185,0,22.09664,0.61717224,0,20.839708,0.45913497,0,22.67455,1.9589313,0,0.76208335,0.12283858
"iDR4_3_SPLUS-s22s19_0037144","SPLUS-s22s19",27.516195328115995,-27.809096475267353,5837.879,8368.86,1.3636299,0.2666632,-87.99202,2.9152143E-4,2.1379204E-4,4.3655257,9.09928,20.622665,0.45034724,0,21.18592,1.2849009,0,20.089647,0.76132447,0,19.119585,0.28376025,0,20.971464,1.5306728,0,20.55122,0.35055527,0,21.051212,1.2968308,0,21.595161,0.91092664,0,20.931948,0.5513776,0,19.999264,0.28779498,0,19.03891,0.2808743,0,20.14898,0.6156207,0,0.12066667,0.17096101
"iDR4_3_SPLUS-s22s19_0037148","SPLUS-s22s19",27.52115055773591,-27.808782091876946,5809.191,8370.932,1.2252266,0.18382448,-4.4633355,1.4157785E-4,1.1554756E-4,1.9604038,5.1353726,99.0,99.0,0,22.159468,1.1057163,0,22.054613,1.6222084,0,20.569794,0.37761593,0,99.0,99.0,0,23.691607,2.2155914,0,23.63607,4.9013705,0,21.851181,0.40380862,0,21.404703,0.30000466,0,21.280043,0.32831308,0,21.01597,0.60713965,0,21.228367,0.5827876,0,0.7798333,0.08533683
"iDR4_3_SPLUS-s22s19_0037181","SPLUS-s22s19",27.523540289389867,-27.80109073618395,5795.376,8421.284,1.3583106,0.26379138,-40.430443,2.1993057E-4,1.6191148E-4,1.9262344,3.8483644,99.0,99.0,0,23.548073,4.834584,0,21.528942,1.2246181,0,21.23985,0.855626,0,24.412111,15.548719,0,21.942871,0.5385638,0,22.002441,1.3285164,0,21.942188,0.53657955,0,21.115839,0.27941492,0,20.796614,0.25610858,0,20.83037,0.6233696,0,21.113655,0.6386783,0,0.3985,0.11180069
"iDR4_3_SPLUS-s22s19_0037210","SPLUS-s22s19",27.529130481425614,-27.810707199291564,5762.985,8358.349,1.2758462,0.21620649,-4.9919004,2.1709918E-4,1.7015351E-4,1.8157871,3.1583242,99.0,99.0,0,99.0,99.0,0,99.0,99.0,0,21.82248,1.3286968,0,20.867887,0.5395559,0,99.0,99.0,0,20.73474,0.37746835,0,21.305256,0.27115172,0,20.709934,0.17576757,0,20.172235,0.13190153,0,20.384514,0.37667486,0,20.093784,0.22735548,0,0.544,0.21498463
"iDR4_3_SPLUS-s22s19_0037267","SPLUS-s22s19",27.5108369961009,-27.803158637290057,5868.9224,8407.714,2.096159,0.52293694,-3.0684714,1.9776655E-4,9.433903E-5,3.4888685,6.105008,99.0,99.0,0,24.759035,13.071226,0,21.690538,1.266317,0,99.0,99.0,0,99.0,99.0,0,99.0,99.0,0,99.0,99.0,0,22.296856,0.65999466,0,22.618084,0.9886718,0,20.602934,0.19098416,0,20.31225,0.34494337,0,20.693521,0.38616976,0,0.7884167,0.15134099
"iDR4_3_SPLUS-s22s19_0037513","SPLUS-s22s19",27.52055436144257,-27.81657232119971,5812.62,8319.937,1.9272867,0.48113585,19.080198,2.0076307E-4,1.0418534E-4,1.9455701,3.0629287,22.888145,1.1905851,0,99.0,99.0,0,99.0,99.0,0,99.0,99.0,0,99.0,99.0,0,99.0,99.0,0,99.0,99.0,0,22.15028,0.49710628,0,21.840208,0.41764992,0,21.065634,0.25078055,0,21.065205,0.59250605,0,20.871075,0.39020145,0,0.78683335,0.107619405
"iDR4_3_SPLUS-s22s19_0037585","SPLUS-s22s19",27.49577259566995,-27.804779884758116,5956.1387,8397.051,1.9390709,0.4842891,0.61976945,2.2946282E-4,1.1833452E-4,2.3413682,3.9160676,21.711533,0.50353014,0,21.496363,0.7065924,0,99.0,99.0,0,99.0,99.0,0,21.334677,0.8868015,0,99.0,99.0,0,99.0,99.0,0,21.750038,0.43650186,0,21.730453,0.48003158,0,20.756298,0.24086484,0,20.799332,0.59028393,0,20.705305,0.42766312,0,0.81558335,0.15277466
"iDR4_3_SPLUS-s22s19_0037799","SPLUS-s22s19",27.52488638284408,-27.826727891997773,5787.5137,8253.471,1.0325401,0.031514645,-43.775696,7.751803E-5,7.5075324E-5,0.90426147,1.5209236,99.0,99.0,0,21.464298,0.48743138,0,99.0,99.0,0,99.0,99.0,0,21.65547,0.8367027,0,22.122763,0.43268663,0,23.889622,5.117474,0,22.378925,0.54413563,0,23.420506,1.584708,0,99.0,99.0,0,99.0,99.0,0,22.517258,1.5740244,0,0.7981667,0.1446432
"iDR4_3_SPLUS-s22s19_0037800","SPLUS-s22s19",27.517040384256315,-27.80315231025918,5833.005,8407.772,1.6877908,0.40750945,-0.22504139,1.0806609E-4,6.40261E-5,1.5821693,2.247753,25.042961,8.088298,0,22.025919,0.8552971,0,21.632195,0.9687688,0,21.944372,1.175834,0,99.0,99.0,0,22.879349,0.9196886,0,99.0,99.0,0,22.737808,0.80263466,0,21.526947,0.29497406,0,21.76861,0.45126686,0,20.590456,0.36081532,0,21.845287,0.9024169,0,0.7161667,0.14748085
"iDR4_3_SPLUS-s22s19_0037827","SPLUS-s22s19",27.53376425034814,-27.823357944642307,5736.1294,8275.549,4.536776,0.77957916,-40.845123,2.3023934E-4,5.073757E-5,1.8263562,2.8076656,22.426544,0.51201177,0,21.60726,0.4110301,0,99.0,99.0,0,99.0,99.0,0,23.781336,4.332337,0,22.879433,0.6397674,0,22.317492,0.88795197,0,23.689243,1.3278286,0,22.22015,0.38651606,0,23.089252,1.0507888,0,99.0,99.0,0,21.867878,0.6363646,0,0.70783335,0.14531538
"iDR4_3_SPLUS-s22s19_0037839","SPLUS-s22s19",27.52302102526854,-27.82752485931345,5798.309,8248.249,2.03346,0.50822735,-43.862114,1.4231975E-4,6.9988215E-5,1.5909057,2.1576562,23.392431,1.1775866,0,22.870832,1.2393746,0,22.830389,1.9363408,0,99.0,99.0,0,99.0,99.0,0,22.592972,0.4685311,0,22.214415,0.7662043,0,22.850685,0.5883938,0,25.032417,4.8590813,0,22.78578,0.75681555,0,22.251501,1.0921509,0,23.042778,1.7864839,0,0.60925,0.06273591
"iDR4_3_SPLUS-s22s19_0037886","SPLUS-s22s19",27.47826788869798,-27.829898761945042,6057.3584,8232.555,1.7932906,0.44236588,-52.393806,2.0341916E-4,1.1345159E-4,2.007262,3.4701457,99.0,99.0,0,21.011408,0.37933344,0,21.115063,0.67291737,0,22.880758,3.103884,0,22.073183,1.4462438,0,99.0,99.0,0,99.0,99.0,0,21.287056,0.23708202,0,21.63335,0.36352816,0,21.786337,0.51244587,0,21.68224,1.0962538,0,20.99371,0.45998597,0,0.77433336,0.08366446
"iDR4_3_SPLUS-s22s19_0037889","SPLUS-s22s19",27.46864550931854,-27.83033405523011,6113.0557,8229.659,1.5418186,0.35141528,-82.91897,1.7411407E-4,1.12942274E-4,1.5779091,2.395675,21.821703,0.66738033,2,20.980103,0.52391905,2,20.828136,0.73819447,2,21.663498,1.45023,2,21.677614,1.4335539,2,99.0,99.0,2,99.0,99.0,2,21.545265,0.42530945,2,21.773066,0.5861875,2,21.45226,0.5350391,2,20.946411,0.79232556,2,99.0,99.0,2,0.73875,0.07777833
"iDR4_3_SPLUS-s22s19_0037897","SPLUS-s22s19",27.497270501182925,-27.80318423676022,5947.472,8407.501,1.0209764,0.020545483,-47.090733,7.711453E-5,7.5531054E-5,0.8798238,1.2643174,21.78394,0.3084209,0,23.115166,1.7728196,0,21.987358,1.0291969,0,21.58546,0.65238696,0,21.929394,0.8694782,0,23.164572,0.92019314,0,22.805119,1.5468844,0,99.0,99.0,0,23.556568,1.4625981,0,23.302233,1.4253869,0,21.757696,0.81088555,0,99.0,99.0,0,0.73391664,0.10425758
"iDR4_3_SPLUS-s22s19_0037917","SPLUS-s22s19",27.50845104159243,-27.831079113458706,5882.6377,8224.943,1.288787,0.22407657,69.58434,2.4993852E-4,1.9392233E-4,2.5675468,7.7218227,21.23743,0.38917166,0,21.639158,0.9625701,0,20.902893,0.79923743,0,21.706177,1.5246263,0,19.987709,0.3094178,0,20.985418,0.2609062,0,22.01316,1.5620639,0,20.984192,0.25862497,0,20.8001,0.24412529,0,20.460423,0.21884774,0,20.25435,0.42698538,0,21.454948,1.0164589,0,0.13708334,0.17627765
"iDR4_3_SPLUS-s22s19_0037935","SPLUS-s22s19",27.53077622847155,-27.83094969324531,5753.4087,8225.849,1.7076114,0.4143867,69.758965,1.1569123E-4,6.774375E-5,0.9505352,1.3683609,23.084404,1.2650017,0,23.138494,2.2621577,0,99.0,99.0,0,99.0,99.0,0,22.186636,1.3638707,0,23.762232,1.9553692,0,99.0,99.0,0,22.341969,0.5255319,0,23.189737,1.2774225,0,99.0,99.0,0,99.0,99.0,0,99.0,99.0,0,0.8484167,0.07901807
"iDR4_3_SPLUS-s22s19_0037944","SPLUS-s22s19",27.533006017245516,-27.827034634029353,5740.5103,8251.48,1.0190265,0.018671334,44.102562,7.706391E-5,7.562467E-5,0.933093,1.7335901,99.0,99.0,0,21.803038,0.6661462,0,21.205826,0.62437665,0,99.0,99.0,0,99.0,99.0,0,22.734417,0.76144373,0,99.0,99.0,0,99.0,99.0,0,22.552595,0.71103805,0,24.24381,4.1354527,0,99.0,99.0,0,99.0,99.0,0,0.8463333,0.20380744
"iDR4_3_SPLUS-s22s19_0037993","SPLUS-s22s19",27.487750065159883,-27.832206586687796,6002.4595,8217.489,1.043491,0.04167837,-47.048065,7.785608E-5,7.461213E-5,0.7618495,1.0762057,99.0,99.0,0,99.0,99.0,0,23.24327,3.2648747,0,99.0,99.0,0,22.394234,1.3374392,0,23.687328,1.4853038,0,99.0,99.0,0,23.690742,1.4807843,0,23.262062,1.1113731,0,99.0,99.0,0,99.0,99.0,0,99.0,99.0,0,0.25758332,0.15162486
"iDR4_3_SPLUS-s22s19_0038066","SPLUS-s22s19",27.479767167760322,-27.828762482039604,6048.6855,8239.999,1.0949869,0.08674705,-89.59363,1.1313047E-4,1.03319515E-4,0.6319619,0.9249021,22.76033,1.0392109,0,22.3023,1.1657978,0,21.438229,0.8543587,0,22.388218,1.8586941,0,99.0,99.0,0,23.406588,1.5664243,0,99.0,99.0,0,24.78226,5.5343313,0,99.0,99.0,0,22.359016,0.8158895,0,22.818386,2.9416552,0,21.807478,0.91480047,0,0.76525,0.13884214
"iDR4_3_SPLUS-s22s19_0038071","SPLUS-s22s19",27.52563862728505,-27.83506771008908,5783.1367,8198.882,1.3883709,0.27973133,9.003626,1.4789189E-4,1.06523556E-4,2.211827,5.2377534,99.0,99.0,0,22.747372,0.7238131,0,99.0,99.0,0,21.991804,0.5304414,0,23.500526,2.0647116,0,24.14581,1.2585315,0,23.047018,1.0759616,0,22.161915,0.20649996,0,22.588026,0.33876795,0,99.0,99.0,0,22.796358,1.17047,0,21.87912,0.39787996,0,0.44,0.09675559
"iDR4_3_SPLUS-s22s19_0038135","SPLUS-s22s19",27.504085182953894,-27.837226571734128,5907.8857,8184.6895,2.3243537,0.5697729,28.256046,9.935943E-4,4.2761E-4,5.9982266,14.181248,18.741196,0.10289712,3,18.894138,0.2022575,3,18.390825,0.20724516,3,18.521084,0.21276943,3,18.382475,0.18428154,3,17.877558,0.03969333,3,17.352537,0.05694047,3,17.304764,0.023415638,3,17.16759,0.023187183,3,16.934023,0.022704516,3,16.795729,0.046752647,3,16.713467,0.034177113,3,0.13408333,0.54700804
"iDR4_3_SPLUS-s22s19_0038187","SPLUS-s22s19",27.53077866886455,-27.838431853676667,5753.377,8176.872,1.3360081,0.2515015,28.697788,4.1040944E-4,3.0720088E-4,3.3693364,6.566329,99.0,99.0,0,99.0,99.0,0,20.134209,0.71377355,0,21.272226,1.8448246,0,19.557148,0.37276155,0,22.976168,2.9239905,0,19.794268,0.3647814,0,19.510838,0.119933866,0,19.207289,0.101596735,0,18.978287,0.10063899,0,18.711502,0.18551041,0,18.7776,0.15550976,0,0.41908333,0.49918276
"iDR4_3_SPLUS-s22s19_0038223","SPLUS-s22s19",27.52051346932034,-27.839739686947794,5812.789,8168.2876,1.3195084,0.24214202,3.2909555,2.9584282E-4,2.2420446E-4,2.527419,5.0546393,22.498251,1.3531661,0,23.88369,8.006058,0,21.633738,1.6375796,0,20.92637,0.7781817,0,20.86382,0.71760976,0,21.069391,0.2931256,0,21.365501,0.89564717,0,20.293491,0.14308622,0,20.69877,0.23161227,0,20.254143,0.18855476,0,20.76074,0.7077554,0,20.020061,0.28262323,0,0.30633333,0.28739214
"iDR4_3_SPLUS-s22s19_0038294","SPLUS-s22s19",27.526036345240435,-27.84265343691901,5780.815,8149.228,1.4376228,0.30440724,20.17974,1.7248037E-4,1.199828E-4,1.8917418,4.92338,22.120071,0.60767823,0,22.004442,0.9948534,0,23.074825,3.4761777,0,99.0,99.0,0,25.385847,25.830795,0,22.953176,0.93806195,0,21.714705,0.6986749,0,21.506424,0.24621859,0,21.48159,0.26859096,0,21.706734,0.40412658,0,21.407883,0.72551423,0,21.647364,0.7116703,0,0.78291667,0.0727219
"iDR4_3_SPLUS-s22s19_0038318","SPLUS-s22s19",27.487842975222964,-27.841739407202642,6001.877,8155.0894,1.0053581,0.0053294897,-46.66846,3.0681636E-4,3.051844E-4,2.7700584,5.111687,21.80954,0.9081948,0,21.540493,1.2140791,0,21.09294,1.3083985,0,20.973072,1.0661405,0,21.351961,1.481074,0,21.32131,0.48792407,0,20.651464,0.61407197,0,20.328136,0.19497508,0,20.668678,0.2977256,0,19.618204,0.13914725,0,20.188932,0.55440706,0,19.781431,0.30057228,0,0.2335,0.31139693
"iDR4_3_SPLUS-s22s19_0038320","SPLUS-s22s19",27.511454839769744,-27.843566298310222,5865.2075,8143.2144,2.69949,0.62955964,44.576214,1.4399184E-4,5.334056E-5,1.5018442,3.5754645,99.0,99.0,0,99.0,99.0,0,22.810066,2.2239163,0,22.35053,1.3300112,0,99.0,99.0,0,99.0,99.0,0,99.0,99.0,0,22.30486,0.41950947,0,23.029146,0.9121679,0,22.188898,0.5163611,0,20.783207,0.33437577,0,22.064754,0.85742724,0,0.78858334,0.23974651
"iDR4_3_SPLUS-s22s19_0038365","SPLUS-s22s19",27.48184097775835,-27.844669518453244,6036.6016,8135.8843,1.948499,0.48678446,33.014706,1.6736223E-4,8.59126E-5,1.1637275,1.708238,25.651636,9.8289995,0,99.0,99.0,0,22.173256,1.1156257,0,99.0,99.0,0,21.41352,0.49899408,0,23.133842,0.8135055,0,22.947906,1.5982112,0,99.0,99.0,0,22.848787,0.69610274,0,22.229961,0.48311865,0,99.0,99.0,0,21.212225,0.35275343,0,0.76166666,0.13475187
"iDR4_3_SPLUS-s22s19_0038409","SPLUS-s22s19",27.522932958558155,-27.846433528582214,5798.7666,8124.477,1.7662917,0.43384212,-14.517225,1.2663507E-4,7.168513E-5,1.0553929,1.6235173,22.821268,0.4480856,0,22.945993,0.83576727,0,99.0,99.0,0,23.799505,2.705254,0,23.345991,1.7496686,0,23.316782,0.5747056,0,23.628637,1.7652297,0,22.86023,0.37574717,0,99.0,99.0,0,23.034733,0.5987683,0,22.85558,1.1969023,0,24.25427,3.4190404,0,0.7273333,0.13569362
"iDR4_3_SPLUS-s22s19_0038415","SPLUS-s22s19",27.466852816391274,-27.846953485353463,6123.336,8120.863,1.9032526,0.4745837,39.030552,2.6671748E-4,1.4015622E-4,1.9842502,3.3792512,23.00045,1.7688519,0,21.342047,0.6540393,0,22.181828,2.297276,0,99.0,99.0,0,99.0,99.0,0,23.125088,1.6300398,0,21.009571,0.5429367,0,21.676193,0.42725363,0,21.142693,0.29239944,0,21.381363,0.4463567,0,20.41282,0.4315544,0,20.467897,0.35860944,0,0.70858335,0.13604447
"iDR4_3_SPLUS-s22s19_0038426","SPLUS-s22s19",27.518618722598173,-27.846966359932456,5823.734,8120.9785,1.3983234,0.28485787,3.6192524,2.0446254E-4,1.4621922E-4,1.6737818,2.5459504,21.984505,0.6172491,0,21.320631,0.57245505,0,21.263168,0.88273734,0,21.203001,0.7593457,0,21.474607,0.9525139,0,99.0,99.0,0,21.947086,1.1608198,0,22.373005,0.7317509,0,22.644953,1.0522418,0,21.714493,0.54661816,0,21.138771,0.7593781,0,20.850193,0.45921695,0,0.70975,0.14922124
"iDR4_3_SPLUS-s22s19_0038464","SPLUS-s22s19",27.486045976996277,-27.848519810025177,6012.2456,8110.6987,2.3438733,0.5733558,71.80316,1.2859795E-4,5.4840966E-5,2.1189456,4.305973,21.799744,0.339477,0,99.0,99.0,0,22.65471,2.0478094,0,23.506536,4.1115875,0,22.244846,1.256079,0,22.437138,0.5066468,0,99.0,99.0,0,22.422897,0.49692822,0,23.94742,2.244998,0,21.537357,0.30164456,0,20.450487,0.26261523,0,21.960144,0.82647973,0,0.7136667,0.14370291
"iDR4_3_SPLUS-s22s19_0038645","SPLUS-s22s19",27.516347740326434,-27.855188208436353,5836.852,8067.154,1.281624,0.21973991,-43.184708,1.2919493E-4,1.0080528E-4,1.6115711,5.0740123,99.0,99.0,0,21.590542,0.6435532,0,99.0,99.0,0,21.040415,0.57624596,0,22.039646,1.4042313,0,22.490948,0.72220945,0,99.0,99.0,0,22.429092,0.6758292,0,23.211803,1.5508428,0,21.512875,0.3983493,0,99.0,99.0,0,21.976124,1.1374145,0,0.71675,0.097396836
"iDR4_3_SPLUS-s22s19_0038780","SPLUS-s22s19",27.476458704668687,-27.86073719509553,6067.6675,8030.6846,1.272894,0.21438867,24.321941,2.1223746E-4,1.6674928E-4,2.260728,6.1773047,21.760038,0.5514015,0,21.615105,0.8226387,0,99.0,99.0,0,99.0,99.0,0,21.429115,0.99769884,0,23.793392,2.9692492,0,99.0,99.0,0,21.124123,0.25307998,0,21.868576,0.5601475,0,21.179323,0.36397016,0,21.569368,1.2295488,0,20.622644,0.40582657,0,0.80758333,0.117533475
"iDR4_3_SPLUS-s22s19_0038809","SPLUS-s22s19",27.49415053333043,-27.860949798494676,5965.286,8029.367,1.6663462,0.39988464,26.275377,2.1625483E-4,1.2980022E-4,2.3847957,5.1490555,23.293333,3.926602,0,21.07839,0.7818672,0,21.04145,1.2288522,0,99.0,99.0,0,20.080898,0.45297918,0,21.590914,0.6131022,0,99.0,99.0,0,21.607075,0.62023246,0,20.704805,0.30150583,0,21.704231,0.92772895,0,20.872744,1.0204189,0,20.144564,0.4113229,0,0.29583332,0.06925965
"iDR4_3_SPLUS-s22s19_0035835","SPLUS-s22s19",27.475678878604064,-27.7724013676378,6072.6523,8608.912,1.4323462,0.30184478,30.733204,2.6023033E-4,1.8170044E-4,2.3939133,6.946815,22.149502,0.97978556,0,99.0,99.0,0,99.0,99.0,0,21.078657,0.92894226,0,22.53435,3.4851673,0,22.74009,1.424738,0,21.14279,0.7654101,0,21.203514,0.3460244,0,21.382566,0.45500088,0,20.013847,0.15930463,0,19.744291,0.2927678,0,19.84501,0.2530771,0,0.5764167,0.17705269
"iDR4_3_SPLUS-s22s19_0035921","SPLUS-s22s19",27.456277994221487,-27.774281236159794,6185.004,8596.508,2.615123,0.6176088,-31.761158,1.2352524E-4,4.7204736E-5,1.0938255,2.4320107,23.650528,1.7071433,0,99.0,99.0,0,21.80786,0.8714038,0,99.0,99.0,0,99.0,99.0,16,22.97629,0.7744926,0,22.316233,0.98324543,0,22.41166,0.4587817,0,22.778915,0.71675724,0,99.0,99.0,0,21.891037,0.919181,0,21.244267,0.39996272,0,0.7465,0.2605286
"iDR4_3_SPLUS-s22s19_0036068","SPLUS-s22s19",27.450836221675228,-27.77764088793675,6216.4976,8574.484,1.0034376,0.0034258962,-40.997826,7.649741E-5,7.62361E-5,1.6069924,3.0044365,22.300701,0.49581465,0,22.641129,1.1515495,0,99.0,99.0,0,22.291061,1.2421362,0,99.0,99.0,0,99.0,99.0,0,22.281595,0.9482785,0,99.0,99.0,0,22.016424,0.3578828,0,21.565474,0.2899674,0,20.656681,0.29672664,0,21.47087,0.492562,0,0.7360833,0.105867915
"iDR4_3_SPLUS-s22s19_0036172","SPLUS-s22s19",27.468101415354838,-27.780253376424003,6116.493,8557.478,1.0155624,0.015323877,43.17288,7.692971E-5,7.57498E-5,1.4493546,1.98112,23.27894,1.2095597,0,23.726374,3.121883,0,99.0,99.0,0,22.585062,1.6345918,0,99.0,99.0,0,99.0,99.0,0,22.548925,1.2181022,0,22.722473,0.6099129,0,22.429482,0.52096975,0,22.636045,0.77283764,0,22.395668,1.4590298,0,21.635815,0.57390827,0,0.735,0.10025423
"iDR4_3_SPLUS-s22s19_0036197","SPLUS-s22s19",27.466076294620972,-27.77937155797735,6128.2266,8563.239,1.486872,0.32744718,83.05611,1.4297516E-4,9.615232E-5,1.4139934,2.1841881,99.0,99.0,0,23.5566,2.9302428,0,23.43442,4.2511363,0,99.0,99.0,0,21.541845,0.67458385,0,22.598707,0.60378593,0,21.499556,0.51116496,0,22.772202,0.70241654,0,99.0,99.0,0,22.168938,0.5550636,0,99.0,99.0,0,24.234741,6.9131193,0,0.62008333,0.100247584
"iDR4_3_SPLUS-s22s19_0036236","SPLUS-s22s19",27.457872307202834,-27.780084905192563,6175.7334,8558.526,1.1013737,0.09204298,61.359005,2.4067482E-4,2.1851435E-4,2.5797472,4.9153147,20.950066,0.48871252,0,20.91611,0.80326706,0,22.121065,3.9739563,0,22.740273,6.4114995,0,20.232334,0.62268037,0,22.737404,2.1125722,0,20.529282,0.6458633,0,21.353062,0.58848447,0,20.340979,0.2587206,0,20.884447,0.5253395,0,20.606688,0.96114725,0,20.2253,0.5334032,0,0.27941668,0.12333739
"iDR4_3_SPLUS-s22s19_0036328","SPLUS-s22s19",27.455437197571243,-27.784885140527432,6189.805,8527.091,1.5905857,0.37130082,57.67206,1.545254E-4,9.713035E-5,3.5329442,6.0686073,99.0,99.0,0,22.022474,1.0234174,0,99.0,99.0,0,99.0,99.0,0,21.50422,0.92746717,0,22.38719,0.7052995,0,21.520409,0.73996776,0,21.807842,0.41167626,0,22.014612,0.5549767,0,21.015507,0.27313757,0,21.03199,0.6528499,0,20.446886,0.30136284,0,0.75408334,0.14702274
"iDR4_3_SPLUS-s22s19_0036702","SPLUS-s22s19",27.46892081515047,-27.79480570012043,6111.665,8462.224,1.0671602,0.062933624,-1.7595588,2.9336123E-4,2.7489004E-4,1.7821347,4.285468,21.9806,0.67312694,0,21.416252,0.68031096,0,22.404325,2.7379165,0,21.440725,1.0289389,0,22.360725,2.3445146,0,20.098783,0.10072972,0,19.602581,0.14887299,0,18.817364,0.03210152,0,18.378841,0.02483605,0,17.461891,0.01340451,0,17.066158,0.021252211,0,16.92677,0.014703009,0,0.63675,0.14777823
"iDR4_3_SPLUS-s22s19_0036753","SPLUS-s22s19",27.460315353308598,-27.794918861765733,6161.4937,8461.438,1.0637442,0.059924424,-41.479553,7.8403486E-5,7.370538E-5,1.0159439,1.7804503,99.0,99.0,0,99.0,99.0,0,24.22425,8.442832,0,22.639488,1.782506,0,22.507101,1.542979,0,22.848133,0.71325606,0,22.791172,1.5780416,0,99.0,99.0,0,99.0,99.0,0,99.0,99.0,0,21.074503,0.45075047,0,21.27196,0.42530152,0,0.79316664,0.15699637
"iDR4_3_SPLUS-s22s19_0036785","SPLUS-s22s19",27.456083166408796,-27.79491027412642,6186.0,8461.472,3.8809288,0.7423297,89.94392,1.7115017E-4,4.4101616E-5,1.2775799,1.9227157,23.113655,0.8554977,0,23.937347,3.0865042,0,23.571754,3.5745544,0,21.460562,0.4758108,0,99.0,99.0,0,22.099506,0.2819577,0,99.0,99.0,0,22.29427,0.3338147,0,23.24119,0.88757694,0,22.438993,0.5213272,0,21.598719,0.5667221,0,24.119246,4.5577655,0,0.7875,0.18810357
"iDR4_3_SPLUS-s22s19_0036798","SPLUS-s22s19",27.471323748053184,-27.80171654475476,6097.7124,8416.998,1.484893,0.32655078,89.814896,1.0270036E-4,6.9165355E-5,1.1259546,1.9271412,25.898083,16.070057,0,99.0,99.0,0,23.510036,4.9118752,0,22.94237,2.6699893,0,21.351278,0.6028996,0,22.174595,0.43597117,0,99.0,99.0,0,99.0,99.0,0,23.73077,2.0204697,0,99.0,99.0,0,99.0,99.0,0,23.715874,4.5632777,0,0.757,0.1555572
"iDR4_3_SPLUS-s22s19_0036872","SPLUS-s22s19",27.473216720141828,-27.796479597265833,6086.7803,8451.287,1.7388574,0.4249097,47.325348,2.1498739E-4,1.2363023E-4,2.0019841,3.444546,25.556677,17.158504,0,21.453085,0.6711698,0,20.686966,0.5402615,0,99.0,99.0,0,21.484552,1.0023955,0,22.141478,0.62024254,0,21.004324,0.5096487,0,99.0,99.0,0,99.0,99.0,0,21.746021,0.589677,0,20.91263,0.645153,0,21.342146,0.755859,0,0.75975,0.12405353
"iDR4_3_SPLUS-s22s19_0036907","SPLUS-s22s19",27.465666812405217,-27.79995559124399,6130.4766,8428.497,1.0897564,0.082363725,-45.372215,7.954795E-5,7.299709E-5,1.3175344,1.9259529,99.0,99.0,0,99.0,99.0,0,99.0,99.0,0,99.0,99.0,0,21.442911,0.50839394,0,24.481874,2.7750823,0,22.978455,1.6223867,0,22.730843,0.55315787,0,99.0,99.0,0,22.091866,0.4220237,0,99.0,99.0,0,22.72594,1.4023201,0,0.92975,0.20662415
"iDR4_3_SPLUS-s22s19_0036972","SPLUS-s22s19",27.48333705291532,-27.80185963033883,6028.1533,8416.116,1.4015539,0.28650618,-78.93489,1.4822106E-4,1.0576818E-4,1.617805,2.7495785,21.269289,0.28150207,0,24.050804,6.1775756,0,20.579962,0.41510642,0,99.0,99.0,0,21.273085,0.7001199,0,22.810398,0.9704876,0,20.939472,0.40798807,0,22.006332,0.46216467,0,99.0,99.0,0,22.655909,1.1550684,0,99.0,99.0,0,99.0,99.0,0,0.41775,0.064451806
"iDR4_3_SPLUS-s22s19_0036976","SPLUS-s22s19",27.469537739003012,-27.802609594204256,6108.0483,8411.144,1.6211692,0.38316125,81.910095,3.9946212E-4,2.4637792E-4,3.7237728,7.6789036,23.556725,8.405504,0,20.365082,0.7566662,0,19.769081,0.7092281,0,20.934256,1.8975374,0,19.547909,0.5167859,0,21.47539,1.030931,0,99.0,99.0,0,19.979355,0.25877813,0,20.297485,0.38735676,0,19.547768,0.23924507,0,18.519598,0.21919371,0,19.033155,0.27729398,0,0.559,0.35707965
"iDR4_3_SPLUS-s22s19_0037044","SPLUS-s22s19",27.484478743922555,-27.805782111001804,6021.524,8390.445,1.0104697,0.010361135,30.9408,7.6508164E-5,7.5714E-5,1.6764545,3.0047936,99.0,99.0,0,22.532017,1.1870689,0,22.354282,1.6425916,0,21.69769,0.8214605,0,99.0,99.0,0,22.459126,0.5503646,0,21.697403,0.6356448,0,22.233246,0.44421333,0,22.25238,0.5063417,0,99.0,99.0,0,21.494528,0.7291574,0,22.110456,1.0134872,0,0.70133334,0.08543061
"iDR4_3_SPLUS-s22s19_0037058","SPLUS-s22s19",27.464078414365478,-27.82183067052942,6139.5435,8285.298,1.2701981,0.21272123,46.42427,5.7483074E-4,4.525421E-4,4.2236476,8.489411,19.459555,0.1776745,2,19.2389,0.2463753,2,19.515694,0.51596963,2,19.045002,0.30561072,2,18.758297,0.22948672,2,18.713543,0.074949145,2,18.720842,0.17515865,2,18.396639,0.05568881,2,18.4078,0.062852636,2,18.145773,0.060479872,2,18.245548,0.15571776,2,18.50197,0.15544774,2,0.0925,0.60891217
"iDR4_3_SPLUS-s22s19_0037068","SPLUS-s22s19",27.46290644103001,-27.820907795072344,6146.3335,8291.332,1.5882788,0.3703876,46.796513,1.5026984E-4,9.460778E-5,1.2431635,3.3531294,22.166138,0.49219215,3,22.958721,1.726163,3,99.0,99.0,3,24.652567,12.181057,3,21.508505,0.6604565,3,23.171276,1.0279565,3,22.481028,1.2699466,3,22.34402,0.4766862,3,22.442896,0.5845761,3,22.431206,0.7078412,3,20.874792,0.3996202,3,22.606953,1.5484433,3,0.76283336,0.1543454
"iDR4_3_SPLUS-s22s19_0037177","SPLUS-s22s19",27.470343593154414,-27.809670194366245,6103.343,8364.93,2.944644,0.6604004,-9.953422,2.8030545E-4,9.513436E-5,2.5547564,3.911571,99.0,99.0,0,21.946817,1.1518376,0,21.266245,1.0019749,0,99.0,99.0,0,99.0,99.0,0,21.868055,0.5279937,0,20.973642,0.54360807,0,21.259556,0.30102667,0,21.090368,0.2883447,0,22.042524,0.8492546,0,22.712238,3.7071111,0,21.850153,1.3247811,0,0.40466666,0.09296894
"iDR4_3_SPLUS-s22s19_0037234","SPLUS-s22s19",27.47857289422708,-27.809050562689464,6055.701,8369.024,1.1135375,0.101961195,88.82793,1.1335674E-4,1.0180123E-4,3.1100264,4.452086,99.0,99.0,0,21.775991,0.591244,0,99.0,99.0,0,99.0,99.0,0,99.0,99.0,0,22.536825,0.58613604,0,99.0,99.0,0,21.87524,0.31760472,0,22.367052,0.55732554,0,22.059547,0.5156183,0,99.0,99.0,0,22.692635,1.7179155,0,0.8179167,0.07464697
"iDR4_3_SPLUS-s22s19_0037428","SPLUS-s22s19",27.463841149303146,-27.81671812402035,6140.9473,8318.763,1.6987073,0.4113171,2.0556102,1.10332694E-4,6.495191E-5,0.7986993,1.4316211,26.14172,5.801179,0,99.0,99.0,0,24.975424,5.518447,0,99.0,99.0,0,24.740376,3.9523413,0,25.334358,2.3201144,0,23.455782,0.9630551,0,24.306301,0.8990387,0,24.61847,1.3221226,0,22.947552,0.3553736,0,99.0,99.0,0,22.626545,0.48782852,0,0.66275,0.08466533
"iDR4_3_SPLUS-s22s19_0037465","SPLUS-s22s19",27.456574898118863,-27.803137752700035,6183.1,8407.618,1.3873248,0.27918828,76.72997,1.5627794E-4,1.1263388E-4,1.6631176,3.8016646,24.321514,4.0826826,2,99.0,99.0,2,22.452755,2.0110006,2,23.75216,6.104302,2,21.2331,0.5908237,2,25.710894,12.229112,2,23.073807,2.5174842,2,22.115967,0.44589546,2,21.803371,0.37267864,2,21.071995,0.23524098,2,22.131554,1.459485,2,20.8453,0.35406712,2,0.70208335,0.12908578
"iDR4_3_SPLUS-s22s19_0037548","SPLUS-s22s19",27.45954553876101,-27.801451920001067,6165.9106,8418.67,1.5181235,0.34129208,30.622604,1.3570274E-4,8.940276E-5,2.0326982,3.9763138,23.11373,1.1070052,0,99.0,99.0,0,21.71298,0.84829867,0,21.801884,0.84002477,0,22.379221,1.3978832,0,22.688686,0.62748855,0,22.217848,0.9471297,0,22.129803,0.37366003,0,21.900112,0.33871397,0,22.29342,0.59568304,0,21.164637,0.49652955,0,21.697931,0.6403941,0,0.7211667,0.123577885
"iDR4_3_SPLUS-s22s19_0037833","SPLUS-s22s19",27.463977224039695,-27.827486301319524,6140.095,8248.276,1.7522956,0.42932004,15.742239,3.0566665E-4,1.7448128E-4,2.9400127,6.338668,23.53304,4.913377,0,99.0,99.0,0,99.0,99.0,0,99.0,99.0,0,99.0,99.0,0,23.226896,3.1038003,0,99.0,99.0,0,21.262066,0.5048902,0,21.008385,0.44691163,0,20.265339,0.2771899,0,20.154346,0.59006137,0,20.00998,0.40783417,0,0.56225,0.21653022
"iDR4_3_SPLUS-s22s19_0035859","SPLUS-s22s19",27.495406743366168,-27.777269337461334,5958.3745,8577.13,1.9639336,0.4908178,-46.884895,5.722828E-4,2.9141147E-4,7.907962,11.534688,19.792309,0.32069272,3,19.215212,0.3222946,3,19.094967,0.47062272,3,19.527903,0.639906,3,18.962198,0.3721672,3,19.611742,0.22970623,3,18.940342,0.28903225,3,19.094475,0.14199978,3,19.268066,0.18611516,3,18.990187,0.17701598,3,18.925947,0.39411682,3,19.51135,0.5329641,3,0.1385,0.1422774
"iDR4_3_SPLUS-s22s19_0035927","SPLUS-s22s19",27.498441420073036,-27.775224237725475,5940.8076,8590.528,1.9507335,0.48737234,30.832508,0.0012134002,6.2215014E-4,14.674154,30.38293,99.0,99.0,3,17.824324,0.20092592,3,18.223263,0.4725856,3,18.526104,0.570457,3,17.33577,0.18630524,3,18.302963,0.15349562,3,17.660513,0.19831084,3,18.135534,0.13103542,3,18.24038,0.16092059,3,17.818548,0.13436435,3,17.739922,0.2952,3,17.559227,0.19724284,3,0.0245,0.87807685
"iDR4_3_SPLUS-s22s19_0035992","SPLUS-s22s19",27.512312861528798,-27.77921686409334,5860.4575,8564.4375,1.5079194,0.3368346,14.457789,1.7402302E-4,1.1541373E-4,2.7610626,4.259808,99.0,99.0,0,21.329597,0.6285831,0,99.0,99.0,0,99.0,99.0,0,99.0,99.0,0,21.989674,0.56349117,0,99.0,99.0,0,21.679832,0.4217891,0,21.83305,0.5419768,0,21.372808,0.43656194,0,21.18216,0.8637918,0,20.459358,0.35057387,0,0.75633335,0.13001585
"iDR4_3_SPLUS-s22s19_0036005","SPLUS-s22s19",27.504154175014065,-27.776343835294185,5907.718,8583.219,3.1636436,0.68390876,-46.086998,1.7060542E-4,5.3930777E-5,1.2940269,2.290286,99.0,99.0,0,99.0,99.0,0,21.888515,0.9549432,0,99.0,99.0,0,23.488441,3.7201371,0,24.299242,2.642735,0,99.0,99.0,0,99.0,99.0,0,23.990932,2.2064416,0,22.779568,0.893378,0,22.239035,1.2810221,0,21.234634,0.402131,0,0.8135833,0.14056897
"iDR4_3_SPLUS-s22s19_0036168","SPLUS-s22s19",27.513598900579662,-27.781387208654706,5853.003,8550.234,1.6120979,0.3796903,0.10070207,1.0436014E-4,6.473357E-5,0.8150283,1.1242361,99.0,99.0,0,23.166447,2.1061172,0,22.370352,1.6539125,0,99.0,99.0,0,23.262236,3.320463,0,22.211634,0.4286206,0,22.161812,0.9511314,0,22.592175,0.60489076,0,24.678928,4.5926166,0,99.0,99.0,0,99.0,99.0,0,99.0,99.0,0,0.051083334,0.06281969
"iDR4_3_SPLUS-s22s19_0036183","SPLUS-s22s19",27.519145732791326,-27.782246272302253,5820.8774,8544.626,1.0824538,0.07617307,19.792147,2.0714798E-4,1.9136671E-4,1.5264511,2.711337,99.0,99.0,0,99.0,99.0,0,99.0,99.0,0,21.996569,1.4027965,0,23.938099,8.191494,0,99.0,99.0,0,21.554514,0.71988815,0,21.946281,0.4412902,0,20.448578,0.12524486,0,19.849428,0.08894264,0,19.559975,0.15994987,0,19.349176,0.10408768,0,0.07833333,0.14753293
"iDR4_3_SPLUS-s22s19_0036318","SPLUS-s22s19",27.51776376903335,-27.78493206416996,5828.8726,8527.042,1.2650445,0.2095139,9.717601,2.7735683E-4,2.192474E-4,1.8634387,4.770116,22.087212,0.75915724,0,21.201641,0.48551813,0,99.0,99.0,0,20.92996,0.55989945,0,22.056425,1.5438542,0,20.342318,0.10975136,0,20.206907,0.22399676,0,19.809319,0.06743471,0,19.561077,0.060289808,0,19.503662,0.0691283,0,19.570894,0.17162232,0,19.489153,0.12560837,0,0.03525,0.4192814
"iDR4_3_SPLUS-s22s19_0036379","SPLUS-s22s19",27.52074330829391,-27.78642588392023,5811.614,8517.271,1.5699751,0.36304724,30.489168,4.01352E-4,2.5566143E-4,2.7948892,6.2628856,21.234806,0.5314249,0,20.263224,0.35669178,0,19.967672,0.44119185,0,20.664255,0.7594823,0,21.064726,1.0766181,0,20.057219,0.14461912,0,19.67436,0.23647419,0,19.172104,0.06414004,0,19.211609,0.07420254,0,19.025932,0.07648881,0,18.725698,0.13657092,0,18.53434,0.09022398,0,0.17525,0.40807685
"iDR4_3_SPLUS-s22s19_0036386","SPLUS-s22s19",27.51627648760979,-27.78592661464733,5837.482,8520.527,1.0439918,0.04213804,-44.398148,7.792611E-5,7.464286E-5,0.7794635,1.0821779,99.0,99.0,0,21.714874,0.49761412,0,22.407532,1.5340687,0,99.0,99.0,0,99.0,99.0,0,22.983557,0.7772253,0,99.0,99.0,0,23.127594,0.8856504,0,99.0,99.0,0,99.0,99.0,0,99.0,99.0,0,21.597557,0.5538076,0,0.8189167,0.105739854
"iDR4_3_SPLUS-s22s19_0033395","SPLUS-s22s19",27.44181408275864,-27.804972343877036,6268.5522,8395.522,1.0338985,0.032787025,-48.92169,7.739624E-5,7.4860414E-5,1.23219,2.5129514,99.0,99.0,0,99.0,99.0,0,99.0,99.0,0,99.0,99.0,0,20.896435,0.41337967,0,22.83095,0.82899225,0,24.982094,13.93029,0,24.86922,5.368181,0,22.827347,0.916155,0,21.589037,0.36111635,0,22.220919,1.5190388,0,21.397133,0.56275785,0,0.775,0.08211944
"iDR4_3_SPLUS-s22s19_0037431","SPLUS-s22s19",27.43667674791781,-27.816251405533023,6298.213,8321.658,1.3649652,0.2673806,-23.552954,1.9488008E-4,1.4274541E-4,1.5927799,3.0549645,22.329792,0.8877855,0,22.85034,2.446233,0,99.0,99.0,0,20.842442,0.57924783,0,22.327803,2.2103374,0,23.286634,1.8134755,0,99.0,99.0,0,21.886955,0.49845698,0,21.323507,0.3314703,0,20.728882,0.23624672,0,20.279802,0.3675628,0,21.857412,1.2409704,0,0.67766666,0.14081775
"iDR4_3_SPLUS-s22s19_0037645","SPLUS-s22s19",27.444568175487493,-27.81986849782598,6252.502,8298.031,2.597645,0.61503595,58.0807,1.2298624E-4,4.731194E-5,1.1312026,1.7795881,22.802338,0.78323644,0,22.7199,1.2445203,0,22.077705,1.1112461,0,25.985806,37.053432,0,99.0,99.0,0,23.241692,0.9864035,0,26.82491,62.169815,0,23.308666,1.0432659,0,22.516829,0.6200877,0,99.0,99.0,0,99.0,99.0,0,22.650532,1.4555176,0,0.7335,0.11731139
"iDR4_3_SPLUS-s22s19_0037705","SPLUS-s22s19",27.42767967020375,-27.82399053088658,6350.2383,8270.938,2.6278756,0.6194645,-33.940754,1.786916E-4,6.79513E-5,1.6538285,2.6971493,23.123829,0.72194904,0,23.427921,1.6098936,0,21.489536,0.44571784,0,23.10193,1.7894882,0,99.0,99.0,0,23.143929,0.61597836,0,22.98774,1.2461296,0,22.646885,0.3883702,0,23.629124,1.0637358,0,23.46107,1.123572,0,99.0,99.0,0,21.094315,0.23760095,0,0.75558335,0.20902637
"iDR4_3_SPLUS-s22s19_0037784","SPLUS-s22s19",27.437035133509635,-27.82613091454216,6296.065,8256.991,1.5692204,0.36274087,-10.924899,1.6071423E-4,1.0239448E-4,2.015256,3.7800012,26.590223,34.71691,0,99.0,99.0,0,99.0,99.0,0,22.1647,1.5033718,0,99.0,99.0,0,22.222391,0.5271712,0,21.12937,0.45078486,0,23.130333,1.2051996,0,23.572895,2.0297112,0,21.595695,0.40483344,0,21.438026,0.82369673,0,99.0,99.0,0,0.18533333,0.08849379
"iDR4_3_SPLUS-s22s19_0037883","SPLUS-s22s19",27.4335915348055,-27.820932528886033,6316.0386,8290.996,1.283089,0.22063082,42.34782,2.481662E-4,1.9341495E-4,1.7601235,3.0745702,99.0,99.0,0,22.499985,1.1376659,0,25.496344,29.240833,0,99.0,99.0,0,99.0,99.0,0,22.541653,0.5880034,0,21.588388,0.57226354,0,21.357536,0.19855313,0,21.490967,0.24962729,0,21.084023,0.21125789,0,21.513256,0.7346099,0,20.60904,0.25282538,0,0.36483333,0.12057321
"iDR4_3_SPLUS-s22s19_0037949","SPLUS-s22s19",27.427595900929536,-27.828137319506084,6350.6904,8243.794,1.424772,0.29813337,50.852337,2.100831E-4,1.4743509E-4,2.3364604,4.7020335,99.0,99.0,0,21.768744,0.9507214,0,20.707083,0.5879471,0,99.0,99.0,0,21.539833,1.1312486,0,21.725384,0.45507383,0,24.925003,20.132256,0,21.178226,0.27406117,0,21.284567,0.33810508,0,20.923786,0.2976621,0,20.403498,0.43461618,0,20.458725,0.36063498,0,0.39425,0.10086233
"iDR4_3_SPLUS-s22s19_0038095","SPLUS-s22s19",27.446459308979765,-27.835983488314163,6241.4424,8192.557,1.0444217,0.042532325,45.085117,7.751244E-5,7.421466E-5,1.6846212,3.044232,99.0,99.0,0,22.175003,0.66295785,0,99.0,99.0,0,24.3181,7.031954,0,25.647507,23.27751,0,24.658194,3.1850278,0,99.0,99.0,0,22.67609,0.5092342,0,23.445747,1.1595323,0,21.97095,0.36771643,0,21.396057,0.51022094,0,22.396841,1.0073168,0,0.81658334,0.15465398
"iDR4_3_SPLUS-s22s19_0038262","SPLUS-s22s19",27.4330150810825,-27.841406616965504,6319.219,8156.9727,1.6372886,0.38923413,-88.877495,1.0342628E-4,6.317248E-5,0.71740466,1.0509582,22.970613,0.7794373,0,99.0,99.0,0,21.558563,0.59484786,0,22.607048,1.4292629,0,22.746708,1.5763441,0,23.416004,0.9921225,0,23.280418,2.0324032,0,24.550598,2.7911975,0,99.0,99.0,0,23.886684,2.0872495,0,22.312088,1.1518778,0,21.469212,0.41937885,0,0.7855833,0.15505855
"iDR4_3_SPLUS-s22s19_0038263","SPLUS-s22s19",27.448870701262106,-27.840971657924218,6227.4507,8159.92,1.116477,0.10432553,-50.256706,2.1602186E-4,1.9349257E-4,1.7561033,3.3773706,23.99032,4.5731754,0,99.0,99.0,0,22.090435,2.2031615,0,21.066391,0.7847318,0,21.762266,1.4568783,0,24.254475,4.9062214,0,21.992453,1.4244204,0,21.223408,0.29977995,0,20.529623,0.17785677,0,20.296057,0.17569314,0,19.8064,0.2633694,0,19.693966,0.18766353,0,0.55441666,0.14423315
"iDR4_3_SPLUS-s22s19_0035767","SPLUS-s22s19",27.474726528477547,-27.77016669971452,6078.18,8623.536,2.2173066,0.5490024,-65.913086,2.3648878E-4,1.0671073E-4,1.351948,2.0372503,99.0,99.0,0,99.0,99.0,0,99.0,99.0,0,22.769615,2.931437,0,99.0,99.0,0,99.0,99.0,0,22.017105,1.1389349,0,23.189465,1.426599,0,22.192533,0.63482636,0,22.71687,1.2697344,0,21.7516,1.234652,0,20.763407,0.39257112,0,0.78075,0.11819339
"iDR4_3_SPLUS-s22s19_0035790","SPLUS-s22s19",27.47870241474187,-27.771368547458852,6055.1465,8615.687,1.4704261,0.319925,73.33825,3.936492E-4,2.676757E-4,2.9481666,4.8660903,21.125196,0.46058938,0,23.058039,4.651534,16,22.257341,3.6187522,0,99.0,99.0,0,21.394629,1.4664595,0,22.306276,1.1441596,0,20.420845,0.4716605,0,20.44812,0.20677769,0,20.570887,0.25795028,0,20.192142,0.22432509,0,19.85834,0.3889931,0,19.825573,0.29769072,0,0.5484167,0.25682035
"iDR4_3_SPLUS-s22s19_0035871","SPLUS-s22s19",27.465257705275242,-27.773351863144033,6133.0024,8602.64,1.5596174,0.3588171,-53.51837,1.5531314E-4,9.9599136E-5,1.7754391,2.6235104,22.979912,1.5710243,0,23.271017,3.496003,0,25.039255,29.30283,0,99.0,99.0,0,23.604519,6.9652286,0,23.63034,2.4091716,0,99.0,99.0,0,22.228794,0.66217965,0,22.611551,1.0479406,0,99.0,99.0,0,99.0,99.0,0,21.910866,1.2626034,0,0.8295,0.18624902
"iDR4_3_SPLUS-s22s19_0035900","SPLUS-s22s19",27.50252657312575,-27.772549786126124,5917.1587,8608.049,1.1023543,0.092850685,30.989063,2.5992934E-4,2.3579488E-4,4.913891,10.208663,22.295656,1.3046668,0,99.0,99.0,0,20.786205,0.8998027,0,21.770763,2.0319014,0,20.214329,0.47570345,0,22.039036,0.8589558,0,20.667633,0.568577,0,21.07349,0.3518213,0,20.281614,0.18989202,0,19.542856,0.11862061,0,19.35817,0.23590136,0,18.979485,0.13129987,0,0.6379167,0.25959536
"iDR4_3_SPLUS-s22s19_0035922","SPLUS-s22s19",27.477956170606298,-27.77430287997513,6059.453,8596.476,1.0667925,0.06261051,46.409157,7.8591984E-5,7.367038E-5,0.9084157,1.2681247,99.0,99.0,0,99.0,99.0,0,22.792925,2.1151161,0,99.0,99.0,0,22.40342,1.3342252,0,23.215572,0.95130163,0,99.0,99.0,0,99.0,99.0,0,23.264736,1.1117458,0,23.009554,1.0789936,0,23.097193,2.7645724,0,22.180061,0.93878233,0,0.826,0.1787172
"iDR4_3_SPLUS-s22s19_0035942","SPLUS-s22s19",27.45986365769283,-27.773387267456588,6164.2427,8602.379,1.6458778,0.39242148,30.625578,1.9549015E-4,1.1879968E-4,1.459035,2.0991437,99.0,99.0,0,21.34802,0.57002693,0,99.0,99.0,0,21.462492,0.93718684,0,99.0,99.0,0,21.918016,0.47271505,0,99.0,99.0,0,21.804955,0.42399618,0,22.308617,0.7514011,0,21.016438,0.28186974,0,21.734715,1.2887417,0,20.575901,0.34956712,0,0.7299167,0.11334549
"iDR4_3_SPLUS-s22s19_0036059","SPLUS-s22s19",27.47925183022336,-27.778120146892544,6051.9297,8571.494,1.7133554,0.4163499,-2.6808167,2.5907127E-4,1.5119526E-4,2.3329277,4.3819475,22.554531,1.4364631,0,21.480858,0.9135755,0,21.506062,1.5221986,0,22.678652,4.0802655,0,99.0,99.0,0,21.725935,0.5652107,0,20.405544,0.3918367,0,20.841747,0.24989213,0,21.046898,0.33677799,0,20.899559,0.3615255,0,23.33267,8.02228,0,21.982664,1.8238541,0,0.7916667,0.08090884
"iDR4_3_SPLUS-s22s19_0036276","SPLUS-s22s19",27.487642964856054,-27.778858005028876,6003.33,8566.7,1.2920002,0.22600627,-9.866287,0.0015995073,0.0012379005,8.9840765,22.399214,15.756466,0.012974544,2,15.47933,0.017061025,2,15.185247,0.021171836,2,15.064567,0.017379109,2,14.862072,0.014257772,2,14.748754,0.0045564636,2,14.540105,0.008602231,2,14.269543,0.0029941157,2,14.25213,0.0033151086,2,14.046465,0.0032253899,2,13.938037,0.006638429,2,13.8693285,0.0048896014,2,0.03816667,0.98560077
