ID,CHI2NU,XC_R,e_XC_R,YC_R,e_YC_R,RE_R,e_RE_R,MAG_R,e_MAG_R,n_R,e_n_R,AR_R,e_AR_R,PA_R,e_PA_R,XC_J0378,e_XC_J0378,YC_J0378,e_YC_J0378,RE_J0378,e_RE_J0378,MAG_J0378,e_MAG_J0378,n_J0378,e_n_J0378,AR_J0378,e_AR_J0378,PA_J0378,e_PA_J0378,XC_J0395,e_XC_J0395,YC_J0395,e_YC_J0395,RE_J0395,e_RE_J0395,MAG_J0395,e_MAG_J0395,n_J0395,e_n_J0395,AR_J0395,e_AR_J0395,PA_J0395,e_PA_J0395,XC_J0410,e_XC_J0410,YC_J0410,e_YC_J0410,RE_J0410,e_RE_J0410,MAG_J0410,e_MAG_J0410,n_J0410,e_n_J0410,AR_J0410,e_AR_J0410,PA_J0410,e_PA_J0410,XC_J0430,e_XC_J0430,YC_J0430,e_YC_J0430,RE_J0430,e_RE_J0430,MAG_J0430,e_MAG_J0430,n_J0430,e_n_J0430,AR_J0430,e_AR_J0430,PA_J0430,e_PA_J0430,XC_J0515,e_XC_J0515,YC_J0515,e_YC_J0515,RE_J0515,e_RE_J0515,MAG_J0515,e_MAG_J0515,n_J0515,e_n_J0515,AR_J0515,e_AR_J0515,PA_J0515,e_PA_J0515,XC_J0660,e_XC_J0660,YC_J0660,e_YC_J0660,RE_J0660,e_RE_J0660,MAG_J0660,e_MAG_J0660,n_J0660,e_n_J0660,AR_J0660,e_AR_J0660,PA_J0660,e_PA_J0660,XC_J0861,e_XC_J0861,YC_J0861,e_YC_J0861,RE_J0861,e_RE_J0861,MAG_J0861,e_MAG_J0861,n_J0861,e_n_J0861,AR_J0861,e_AR_J0861,PA_J0861,e_PA_J0861,XC_G,e_XC_G,YC_G,e_YC_G,RE_G,e_RE_G,MAG_G,e_MAG_G,n_G,e_n_G,AR_G,e_AR_G,PA_G,e_PA_G,XC_I,e_XC_I,YC_I,e_YC_I,RE_I,e_RE_I,MAG_I,e_MAG_I,n_I,e_n_I,AR_I,e_AR_I,PA_I,e_PA_I,XC_Z,e_XC_Z,YC_Z,e_YC_Z,RE_Z,e_RE_Z,MAG_Z,e_MAG_Z,n_Z,e_n_Z,AR_Z,e_AR_Z,PA_Z,e_PA_Z,XC_U,e_XC_U,YC_U,e_YC_U,RE_U,e_RE_U,MAG_U,e_MAG_U,n_U,e_n_U,AR_U,e_AR_U,PA_U,e_PA_U
iDR4_3_SPLUS-s20s22_0064389,1.15107363433765,320.1374,0.0157,263.4081,0.0166,16.8276,0.0248,9.5950,0.2868,2.9154,0.0644,0.9159,0.0110,-26.5416,4.6928,320.1374,0.0157,263.4081,0.0166,18.6326,0.1241,11.0272,0.7408,2.3237,0.1634,0.9159,0.0110,-26.5416,4.6928,320.1374,0.0157,263.4081,0.0166,18.5781,0.1772,10.9293,0.7033,2.3642,0.1546,0.9159,0.0110,-26.5416,4.6928,320.1374,0.0157,263.4081,0.0166,18.2314,0.1180,10.8407,0.6695,2.4008,0.1466,0.9159,0.0110,-26.5416,4.6928,320.1374,0.0157,263.4081,0.0166,18.0433,0.0925,10.7267,0.6267,2.4479,0.1366,0.9159,0.0110,-26.5416,4.6928,320.1374,0.0157,263.4081,0.0166,17.2357,0.0448,10.2426,0.4542,2.6479,0.0969,0.9159,0.0110,-26.5416,4.6928,320.1374,0.0157,263.4081,0.0166,16.6868,0.0237,9.3901,0.2701,3.0000,0.0648,0.9159,0.0110,-26.5416,4.6928,320.1374,0.0157,263.4081,0.0166,16.3850,0.0465,8.2406,0.5358,3.4749,0.1402,0.9159,0.0110,-26.5416,4.6928,320.1374,0.0157,263.4081,0.0166,17.5055,0.0404,10.4625,0.5301,2.5570,0.1141,0.9159,0.0110,-26.5416,4.6928,320.1374,0.0157,263.4081,0.0166,16.5442,0.0297,8.7707,0.3635,3.2559,0.0966,0.9159,0.0110,-26.5416,4.6928,320.1374,0.0157,263.4081,0.0166,16.3500,0.0492,8.1139,0.5817,3.5272,0.1515,0.9159,0.0110,-26.5416,4.6928,320.1374,0.0157,263.4081,0.0166,18.8788,0.0949,11.1619,0.7930,2.2681,0.1758,0.9159,0.0110,-26.5416,4.6928
iDR4_3_SPLUS-s20s22_0063951,1.15107363433765,193.3647,0.0095,260.3535,0.0112,17.4105,0.0098,2.9545,0.0219,1.1853,0.0174,0.7489,0.0045,-10.0345,1.0104,193.3647,0.0095,260.3535,0.0112,18.6261,0.0452,2.6964,0.0421,0.9893,0.0546,0.7489,0.0045,-10.0345,1.0104,193.3647,0.0095,260.3535,0.0112,18.5841,0.0635,2.7140,0.0400,1.0027,0.0514,0.7489,0.0045,-10.0345,1.0104,193.3647,0.0095,260.3535,0.0112,18.5382,0.0545,2.7300,0.0381,1.0148,0.0485,0.7489,0.0045,-10.0345,1.0104,193.3647,0.0095,260.3535,0.0112,18.2117,0.0374,2.7505,0.0357,1.0304,0.0449,0.7489,0.0045,-10.0345,1.0104,193.3647,0.0095,260.3535,0.0112,17.6657,0.0200,2.8378,0.0269,1.0967,0.0301,0.7489,0.0045,-10.0345,1.0104,193.3647,0.0095,260.3535,0.0112,17.2852,0.0102,2.9914,0.0228,1.2133,0.0178,0.7489,0.0045,-10.0345,1.0104,193.3647,0.0095,260.3535,0.0112,16.9104,0.0204,3.1986,0.0421,1.3706,0.0477,0.7489,0.0045,-10.0345,1.0104,193.3647,0.0095,260.3535,0.0112,17.9627,0.0142,2.7981,0.0306,1.0666,0.0366,0.7489,0.0045,-10.0345,1.0104,193.3647,0.0095,260.3535,0.0112,17.0115,0.0123,3.1030,0.0312,1.2981,0.0313,0.7489,0.0045,-10.0345,1.0104,193.3647,0.0095,260.3535,0.0112,16.8623,0.0189,3.2214,0.0450,1.3880,0.0518,0.7489,0.0045,-10.0345,1.0104,193.3647,0.0095,260.3535,0.0112,18.9367,0.0338,2.6721,0.0451,0.9709,0.0590,0.7489,0.0045,-10.0345,1.0104
iDR4_3_SPLUS-s20s22_0065299,1.15107363433765,263.5824,0.0404,117.8189,0.0449,19.2910,0.0952,0.6898,0.1907,*14.8346*,*6.2009*,0.3719,0.0513,70.8126,4.3391,263.5824,0.0404,117.8189,0.0449,19.1140,0.2181,*0.2680*,*0.1327*,*15.9053*,*11.2651*,0.3719,0.0513,70.8126,4.3391,263.5824,0.0404,117.8189,0.0449,19.1655,0.2175,*0.2968*,*0.1186*,*15.8322*,*10.7578*,0.3719,0.0513,70.8126,4.3391,263.5824,0.0404,117.8189,0.0449,19.0858,0.2038,*0.3229*,*0.1071*,*15.7659*,*10.3082*,0.3719,0.0513,70.8126,4.3391,263.5824,0.0404,117.8189,0.0449,18.9840,0.1907,*0.3565*,*0.0947*,*15.6807*,*9.7463*,0.3719,0.0513,70.8126,4.3391,263.5824,0.0404,117.8189,0.0449,18.9880,0.1631,*0.4991*,*0.0954*,*15.3187*,*7.6480*,0.3719,0.0513,70.8126,4.3391,263.5824,0.0404,117.8189,0.0449,19.5348,0.1032,0.7502,0.2269,*14.6814*,*6.2426*,0.3719,0.0513,70.8126,4.3391,263.5824,0.0404,117.8189,0.0449,19.9645,0.2152,1.0888,0.4401,*13.8219*,*10.1504*,0.3719,0.0513,70.8126,4.3391,263.5824,0.0404,117.8189,0.0449,19.1050,0.1670,*0.4343*,*0.0830*,*15.4831*,*8.5316*,0.3719,0.0513,70.8126,4.3391,263.5824,0.0404,117.8189,0.0449,19.4752,0.1205,0.9326,0.3405,*14.2183*,*7.7840*,0.3719,0.0513,70.8126,4.3391,263.5824,0.0404,117.8189,0.0449,20.1650,0.2210,1.1261,0.4641,*13.7272*,*10.7905*,0.3719,0.0513,70.8126,4.3391,263.5824,0.0404,117.8189,0.0449,19.1414,0.2293,*0.2283*,*0.1538*,*16.0061*,*11.9796*,0.3719,0.0513,70.8126,4.3391
iDR4_3_SPLUS-s20s22_0063432,1.15107363433765,221.1487,0.0057,356.6144,0.0053,17.0543,0.0151,2.7703,0.0669,4.8856,0.1444,0.7698,0.0087,57.4653,1.3308,221.1487,0.0057,356.6144,0.0053,18.6380,0.0587,2.3007,0.1430,4.2900,0.3512,0.7698,0.0087,57.4653,1.3308,221.1487,0.0057,356.6144,0.0053,18.8099,0.0867,2.3328,0.1355,4.3307,0.3335,0.7698,0.0087,57.4653,1.3308,221.1487,0.0057,356.6144,0.0053,18.1121,0.0499,2.3618,0.1288,4.3676,0.3177,0.7698,0.0087,57.4653,1.3308,221.1487,0.0057,356.6144,0.0053,18.1777,0.0466,2.3992,0.1204,4.4150,0.2976,0.7698,0.0087,57.4653,1.3308,221.1487,0.0057,356.6144,0.0053,17.4358,0.0256,2.5579,0.0884,4.6163,0.2177,0.7698,0.0087,57.4653,1.3308,221.1487,0.0057,356.6144,0.0053,16.9154,0.0152,2.8375,0.0690,4.9708,0.1388,0.7698,0.0087,57.4653,1.3308,221.1487,0.0057,356.6144,0.0053,16.3631,0.0257,3.2144,0.1351,5.4489,0.2664,0.7698,0.0087,57.4653,1.3308,221.1487,0.0057,356.6144,0.0053,17.7367,0.0259,2.4858,0.1020,4.5249,0.2526,0.7698,0.0087,57.4653,1.3308,221.1487,0.0057,356.6144,0.0053,16.5078,0.0189,3.0406,0.0976,5.2284,0.1853,0.7698,0.0087,57.4653,1.3308,221.1487,0.0057,356.6144,0.0053,16.2590,0.0260,3.2560,0.1449,5.5015,0.2880,0.7698,0.0087,57.4653,1.3308,221.1487,0.0057,356.6144,0.0053,18.8827,0.0500,2.2565,0.1535,4.2340,0.3757,0.7698,0.0087,57.4653,1.3308
iDR4_3_SPLUS-s20s35_0017683,1.15571669575585,403.9402,0.0229,186.9588,0.0167,17.7662,0.0150,4.2487,0.0534,1.2845,0.0457,0.5574,0.0074,63.9596,0.8551,403.9402,0.0229,186.9588,0.0167,18.7256,0.0557,4.3694,0.1087,1.1587,0.1064,0.5574,0.0074,63.9596,0.8551,403.9402,0.0229,186.9588,0.0167,18.9815,0.1072,4.3612,0.1034,1.1673,0.1006,0.5574,0.0074,63.9596,0.8551,403.9402,0.0229,186.9588,0.0167,18.4594,0.0642,4.3537,0.0986,1.1751,0.0954,0.5574,0.0074,63.9596,0.8551,403.9402,0.0229,186.9588,0.0167,18.2192,0.0509,4.3441,0.0927,1.1851,0.0888,0.5574,0.0074,63.9596,0.8551,403.9402,0.0229,186.9588,0.0167,18.0147,0.0337,4.3033,0.0700,1.2277,0.0633,0.5574,0.0074,63.9596,0.8551,403.9402,0.0229,186.9588,0.0167,17.6704,0.0161,4.2314,0.0539,1.3026,0.0475,0.5574,0.0074,63.9596,0.8551,403.9402,0.0229,186.9588,0.0167,17.4635,0.0350,4.1345,0.0966,1.4035,0.1006,0.5574,0.0074,63.9596,0.8551,403.9402,0.0229,186.9588,0.0167,18.0771,0.0217,4.3218,0.0796,1.2083,0.0742,0.5574,0.0074,63.9596,0.8551,403.9402,0.0229,186.9588,0.0167,17.4016,0.0190,4.1792,0.0712,1.3570,0.0709,0.5574,0.0074,63.9596,0.8551,403.9402,0.0229,186.9588,0.0167,17.3520,0.0307,4.1238,0.1034,1.4147,0.1082,0.5574,0.0074,63.9596,0.8551,403.9402,0.0229,186.9588,0.0167,19.0323,0.0455,4.3808,0.1162,1.1469,0.1146,0.5574,0.0074,63.9596,0.8551
iDR4_3_SPLUS-s20s35_0018584,1.15571669575585,138.5676,0.0409,371.8021,0.0507,18.4666,0.0491,1.5038,0.1712,*12.0861*,*2.3724*,0.2955,0.0332,-84.5893,2.1476,138.5676,0.0409,371.8021,0.0507,19.7802,0.1439,*0.2022*,*0.1227*,6.3167,4.4912,0.2955,0.0332,-84.5893,2.1476,138.5676,0.0409,371.8021,0.0507,19.7804,0.1664,*0.2911*,*0.1129*,6.7110,4.2607,0.2955,0.0332,-84.5893,2.1476,138.5676,0.0409,371.8021,0.0507,19.2357,0.1232,*0.3717*,*0.1052*,7.0681,4.0566,0.2955,0.0332,-84.5893,2.1476,138.5676,0.0409,371.8021,0.0507,19.0849,0.1116,*0.4753*,*0.0973*,7.5272,3.8019,0.2955,0.0332,-84.5893,2.1476,138.5676,0.0409,371.8021,0.0507,18.6858,0.0546,0.9152,0.1003,9.4774,2.8674,0.2955,0.0332,-84.5893,2.1476,138.5676,0.0409,371.8021,0.0507,18.2545,0.0766,1.6900,0.1995,*12.9116*,*2.4853*,0.2955,0.0332,-84.5893,2.1476,138.5676,0.0409,371.8021,0.0507,17.8024,0.1061,2.7347,0.3715,*17.5424*,*4.6320*,0.2955,0.0332,-84.5893,2.1476,138.5676,0.0409,371.8021,0.0507,18.8656,0.0797,0.7154,0.0912,8.5916,3.2554,0.2955,0.0332,-84.5893,2.1476,138.5676,0.0409,371.8021,0.0507,18.0412,0.0881,2.2529,0.2906,*15.4067*,*3.4403*,0.2955,0.0332,-84.5893,2.1476,138.5676,0.0409,371.8021,0.0507,17.9175,0.0862,2.8498,0.3910,*18.0526*,*4.9402*,0.2955,0.0332,-84.5893,2.1476,138.5676,0.0409,371.8021,0.0507,19.9084,0.3508,*0.0798*,*0.1380*,5.7741,4.8159,0.2955,0.0332,-84.5893,2.1476
iDR4_3_SPLUS-s20s35_0019544,1.15571669575585,167.6822,0.0606,227.6937,0.0612,15.1736,0.0107,38.3690,0.3735,1.2712,0.0109,0.7185,0.0026,48.1955,0.6899,167.6822,0.0606,227.6937,0.0612,16.0061,0.0369,41.7433,0.7876,1.0608,0.0249,0.7185,0.0026,48.1955,0.6899,167.6822,0.0606,227.6937,0.0612,16.0981,0.0606,41.5128,0.7478,1.0751,0.0235,0.7185,0.0026,48.1955,0.6899,167.6822,0.0606,227.6937,0.0612,15.6329,0.0380,41.3039,0.7123,1.0882,0.0223,0.7185,0.0026,48.1955,0.6899,167.6822,0.0606,227.6937,0.0612,15.7463,0.0389,41.0354,0.6676,1.1049,0.0207,0.7185,0.0026,48.1955,0.6899,167.6822,0.0606,227.6937,0.0612,15.4008,0.0231,39.8948,0.4967,1.1761,0.0147,0.7185,0.0026,48.1955,0.6899,167.6822,0.0606,227.6937,0.0612,15.0266,0.0111,37.8862,0.3788,1.3013,0.0116,0.7185,0.0026,48.1955,0.6899,167.6822,0.0606,227.6937,0.0612,15.0246,0.0263,35.1777,0.7098,1.4702,0.0249,0.7185,0.0026,48.1955,0.6899,167.6822,0.0606,227.6937,0.0612,15.5352,0.0159,40.4128,0.5696,1.1437,0.0172,0.7185,0.0026,48.1955,0.6899,167.6822,0.0606,227.6937,0.0612,15.0565,0.0151,36.4268,0.5161,1.3923,0.0177,0.7185,0.0026,48.1955,0.6899,167.6822,0.0606,227.6937,0.0612,15.0246,0.0248,34.8794,0.7607,1.4888,0.0268,0.7185,0.0026,48.1955,0.6899,167.6822,0.0606,227.6937,0.0612,16.4796,0.0340,42.0607,0.8435,1.0410,0.0269,0.7185,0.0026,48.1955,0.6899
iDR4_3_SPLUS-s20s35_0017831,1.15571669575585,287.5219,0.0498,210.5518,0.0314,17.8111,0.0199,6.8692,0.1126,1.0349,0.0334,0.5100,0.0069,85.7055,0.8055,287.5219,0.0498,210.5518,0.0314,18.8656,0.0870,7.9903,0.2513,0.8797,0.0723,0.5100,0.0069,85.7055,0.8055,287.5219,0.0498,210.5518,0.0314,18.8509,0.1373,7.9137,0.2391,0.8903,0.0683,0.5100,0.0069,85.7055,0.8055,287.5219,0.0498,210.5518,0.0314,18.3154,0.0798,7.8443,0.2281,0.8999,0.0648,0.5100,0.0069,85.7055,0.8055,287.5219,0.0498,210.5518,0.0314,18.3482,0.0774,7.7551,0.2142,0.9123,0.0604,0.5100,0.0069,85.7055,0.8055,287.5219,0.0498,210.5518,0.0314,17.8985,0.0419,7.3761,0.1598,0.9647,0.0436,0.5100,0.0069,85.7055,0.8055,287.5219,0.0498,210.5518,0.0314,17.7387,0.0212,6.7088,0.1097,1.0571,0.0352,0.5100,0.0069,85.7055,0.8055,287.5219,0.0498,210.5518,0.0314,17.5101,0.0448,5.8089,0.1973,1.1817,0.0724,0.5100,0.0069,85.7055,0.8055,287.5219,0.0498,210.5518,0.0314,18.1699,0.0298,7.5483,0.1834,0.9409,0.0507,0.5100,0.0069,85.7055,0.8055,287.5219,0.0498,210.5518,0.0314,17.5630,0.0253,6.2239,0.1417,1.1243,0.0520,0.5100,0.0069,85.7055,0.8055,287.5219,0.0498,210.5518,0.0314,17.6007,0.0434,5.7098,0.2123,1.1955,0.0776,0.5100,0.0069,85.7055,0.8055,287.5219,0.0498,210.5518,0.0314,19.3386,0.0782,8.0957,0.2684,0.8651,0.0778,0.5100,0.0069,85.7055,0.8055
iDR4_3_SPLUS-s24s53_0021332,1.18233181633365,220.9006,0.0156,246.9529,0.0219,17.7819,0.0178,3.8434,0.0536,1.2910,0.0415,0.5599,0.0053,27.6082,0.9037,220.9006,0.0156,246.9529,0.0219,18.4524,0.0524,4.2701,0.1104,1.2746,0.0916,0.5599,0.0053,27.6082,0.9037,220.9006,0.0156,246.9529,0.0219,18.3536,0.0655,4.2410,0.1046,1.2757,0.0862,0.5599,0.0053,27.6082,0.9037,220.9006,0.0156,246.9529,0.0219,18.1399,0.0515,4.2146,0.0995,1.2767,0.0813,0.5599,0.0053,27.6082,0.9037,220.9006,0.0156,246.9529,0.0219,18.2257,0.0519,4.1806,0.0931,1.2780,0.0753,0.5599,0.0053,27.6082,0.9037,220.9006,0.0156,246.9529,0.0219,17.8278,0.0307,4.0363,0.0690,1.2836,0.0524,0.5599,0.0053,27.6082,0.9037,220.9006,0.0156,246.9529,0.0219,17.7341,0.0196,3.7823,0.0555,1.2933,0.0456,0.5599,0.0053,27.6082,0.9037,220.9006,0.0156,246.9529,0.0219,17.4991,0.0451,3.4398,0.1064,1.3064,0.1010,0.5599,0.0053,27.6082,0.9037,220.9006,0.0156,246.9529,0.0219,17.9485,0.0217,4.1019,0.0792,1.2811,0.0620,0.5599,0.0053,27.6082,0.9037,220.9006,0.0156,246.9529,0.0219,17.4684,0.0244,3.5978,0.0776,1.3004,0.0719,0.5599,0.0053,27.6082,0.9037,220.9006,0.0156,246.9529,0.0219,17.4664,0.0451,3.4020,0.1138,1.3079,0.1083,0.5599,0.0053,27.6082,0.9037,220.9006,0.0156,246.9529,0.0219,18.7820,0.0442,4.3103,0.1184,1.2731,0.0993,0.5599,0.0053,27.6082,0.9037
iDR4_3_SPLUS-s24s53_0021708,1.18233181633365,367.8640,0.0029,280.9837,0.0018,14.8014,0.0057,3.4590,0.0546,*15.9889*,*0.2091*,0.2135,0.0011,71.3226,0.0740,367.8640,0.0029,280.9837,0.0018,17.3882,0.0275,6.5128,0.1117,*14.4831*,*0.3147*,0.2135,0.0011,71.3226,0.0740,367.8640,0.0029,280.9837,0.0018,16.2628,0.0151,6.3041,0.1078,*14.5860*,*0.3017*,0.2135,0.0011,71.3226,0.0740,367.8640,0.0029,280.9837,0.0018,15.7659,0.0117,6.1151,0.1042,*14.6792*,*0.2904*,0.2135,0.0011,71.3226,0.0740,367.8640,0.0029,280.9837,0.0018,16.1014,0.0139,5.8721,0.0997,*14.7990*,*0.2766*,0.2135,0.0011,71.3226,0.0740,367.8640,0.0029,280.9837,0.0018,15.3420,0.0090,4.8398,0.0803,*15.3080*,*0.2289*,0.2135,0.0011,71.3226,0.0740,367.8640,0.0029,280.9837,0.0018,14.5498,0.0057,3.0220,0.0465,*16.2044*,*0.2159*,0.2135,0.0011,71.3226,0.0740,367.8640,0.0029,280.9837,0.0018,14.4437,0.0068,0.5708,0.0097,*17.4130*,*0.3357*,0.2135,0.0011,71.3226,0.0740,367.8640,0.0029,280.9837,0.0018,15.3330,0.0079,5.3087,0.0891,*15.0768*,*0.2479*,0.2135,0.0011,71.3226,0.0740,367.8640,0.0029,280.9837,0.0018,14.4452,0.0060,1.7013,0.0228,*16.8556*,*0.2677*,0.2135,0.0011,71.3226,0.0740,367.8640,0.0029,280.9837,0.0018,14.5006,0.0074,*0.3008*,*0.0112*,*17.5461*,*0.3538*,0.2135,0.0011,71.3226,0.0740,367.8640,0.0029,280.9837,0.0018,16.8387,0.0120,6.8000,0.1171,*14.3415*,*0.3332*,0.2135,0.0011,71.3226,0.0740
iDR4_3_SPLUS-s24s53_0020992,1.18233181633365,190.8182,0.0358,182.3581,0.0269,17.9269,0.0258,4.6621,0.1083,1.4151,0.0520,0.6320,0.0087,-75.2219,1.5109,190.8182,0.0358,182.3581,0.0269,18.9529,0.0892,4.6553,0.2268,1.3455,0.1284,0.6320,0.0087,-75.2219,1.5109,190.8182,0.0358,182.3581,0.0269,18.9844,0.1243,4.6558,0.2143,1.3502,0.1209,0.6320,0.0087,-75.2219,1.5109,190.8182,0.0358,182.3581,0.0269,18.5932,0.0854,4.6562,0.2032,1.3545,0.1142,0.6320,0.0087,-75.2219,1.5109,190.8182,0.0358,182.3581,0.0269,18.4888,0.0749,4.6568,0.1893,1.3601,0.1056,0.6320,0.0087,-75.2219,1.5109,190.8182,0.0358,182.3581,0.0269,18.1012,0.0455,4.6590,0.1372,1.3836,0.0728,0.6320,0.0087,-75.2219,1.5109,190.8182,0.0358,182.3581,0.0269,17.8313,0.0278,4.6630,0.1150,1.4250,0.0559,0.6320,0.0087,-75.2219,1.5109,190.8182,0.0358,182.3581,0.0269,17.5924,0.0647,4.6684,0.2344,1.4809,0.1292,0.6320,0.0087,-75.2219,1.5109,190.8182,0.0358,182.3581,0.0269,18.2756,0.0347,4.6580,0.1590,1.3729,0.0869,0.6320,0.0087,-75.2219,1.5109,190.8182,0.0358,182.3581,0.0269,17.5875,0.0363,4.6659,0.1693,1.4551,0.0899,0.6320,0.0087,-75.2219,1.5109,190.8182,0.0358,182.3581,0.0269,17.5861,0.0659,4.6690,0.2509,1.4871,0.1391,0.6320,0.0087,-75.2219,1.5109,190.8182,0.0358,182.3581,0.0269,19.2427,0.0741,4.6547,0.2443,1.3389,0.1389,0.6320,0.0087,-75.2219,1.5109
iDR4_3_SPLUS-s24s53_0021446,1.18233181633365,236.4877,0.0186,281.5517,0.0133,17.8111,0.0162,1.4191,0.0311,3.0040,0.1948,*0.0742*,*0.0179*,-68.9452,0.6240,236.4877,0.0186,281.5517,0.0133,18.9536,0.0519,1.3576,0.0647,3.0628,0.4700,*0.0742*,*0.0179*,-68.9452,0.6240,236.4877,0.0186,281.5517,0.0133,18.8290,0.0633,1.3618,0.0615,3.0588,0.4454,*0.0742*,*0.0179*,-68.9452,0.6240,236.4877,0.0186,281.5517,0.0133,18.5164,0.0461,1.3656,0.0587,3.0551,0.4233,*0.0742*,*0.0179*,-68.9452,0.6240,236.4877,0.0186,281.5517,0.0133,18.4313,0.0425,1.3705,0.0551,3.0505,0.3954,*0.0742*,*0.0179*,-68.9452,0.6240,236.4877,0.0186,281.5517,0.0133,18.0195,0.0259,1.3913,0.0413,3.0306,0.2857,*0.0742*,*0.0179*,-68.9452,0.6240,236.4877,0.0186,281.5517,0.0133,17.7578,0.0171,1.4279,0.0313,2.9956,0.1938,*0.0742*,*0.0179*,-68.9452,0.6240,236.4877,0.0186,281.5517,0.0133,17.3069,0.0284,1.4773,0.0572,2.9484,0.3938,*0.0742*,*0.0179*,-68.9452,0.6240,236.4877,0.0186,281.5517,0.0133,18.2138,0.0203,1.3818,0.0472,3.0396,0.3333,*0.0742*,*0.0179*,-68.9452,0.6240,236.4877,0.0186,281.5517,0.0133,17.3753,0.0181,1.4545,0.0418,2.9702,0.2750,*0.0742*,*0.0179*,-68.9452,0.6240,236.4877,0.0186,281.5517,0.0133,17.2855,0.0288,1.4828,0.0612,2.9432,0.4247,*0.0742*,*0.0179*,-68.9452,0.6240,236.4877,0.0186,281.5517,0.0133,19.1631,0.0379,1.3518,0.0692,3.0683,0.5043,*0.0742*,*0.0179*,-68.9452,0.6240
iDR4_3_SPLUS-s28s45_0022497,1.15329256652673,225.9542,0.0159,214.3287,0.0164,18.1360,0.0618,4.6848,0.4359,7.0964,0.5605,0.4888,0.0169,-3.1356,1.4614,225.9542,0.0159,214.3287,0.0164,19.4856,0.1599,4.9143,1.2647,9.7723,1.5957,0.4888,0.0169,-3.1356,1.4614,225.9542,0.0159,214.3287,0.0164,19.1486,0.1647,4.8986,1.2000,9.5895,1.5180,0.4888,0.0169,-3.1356,1.4614,225.9542,0.0159,214.3287,0.0164,19.2960,0.1626,4.8844,1.1417,9.4238,1.4478,0.4888,0.0169,-3.1356,1.4614,225.9542,0.0159,214.3287,0.0164,18.8052,0.1298,4.8661,1.0672,9.2109,1.3582,0.4888,0.0169,-3.1356,1.4614,225.9542,0.0159,214.3287,0.0164,18.4042,0.0941,4.7886,0.7623,8.3063,0.9873,0.4888,0.0169,-3.1356,1.4614,225.9542,0.0159,214.3287,0.0164,18.1193,0.0581,4.6519,0.3885,6.7135,0.4743,0.4888,0.0169,-3.1356,1.4614,225.9542,0.0159,214.3287,0.0164,17.9020,0.1128,4.4677,0.8287,4.5656,0.8909,0.4888,0.0169,-3.1356,1.4614,225.9542,0.0159,214.3287,0.0164,18.5150,0.0983,4.8238,0.8979,8.7172,1.1532,0.4888,0.0169,-3.1356,1.4614,225.9542,0.0159,214.3287,0.0164,17.9896,0.0704,4.5527,0.5296,5.5562,0.5532,0.4888,0.0169,-3.1356,1.4614,225.9542,0.0159,214.3287,0.0164,17.9552,0.1230,4.4474,0.9078,4.3290,0.9835,0.4888,0.0169,-3.1356,1.4614,225.9542,0.0159,214.3287,0.0164,19.5843,0.1439,4.9359,1.3544,*10.0240*,*1.7033*,0.4888,0.0169,-3.1356,1.4614
iDR4_3_SPLUS-s28s45_0023617,1.15329256652673,154.0372,0.0102,333.3774,0.0113,15.5024,0.0498,76.1401,5.6754,8.7619,0.2025,0.6913,0.0073,8.2078,0.8397,154.0372,0.0102,333.3774,0.0113,17.3580,0.1238,93.3260,13.7130,6.9251,0.4226,0.6913,0.0073,8.2078,0.8397,154.0372,0.0102,333.3774,0.0113,18.3805,0.3846,92.1517,13.0626,7.0506,0.4019,0.6913,0.0073,8.2078,0.8397,154.0372,0.0102,333.3774,0.0113,17.1026,0.1264,91.0879,12.4785,7.1643,0.3834,0.6913,0.0073,8.2078,0.8397,154.0372,0.0102,333.3774,0.0113,17.3373,0.1404,89.7202,11.7358,7.3104,0.3601,0.6913,0.0073,8.2078,0.8397,154.0372,0.0102,333.3774,0.0113,15.8833,0.0669,83.9110,8.7375,7.9313,0.2707,0.6913,0.0073,8.2078,0.8397,154.0372,0.0102,333.3774,0.0113,15.3751,0.0470,73.6810,5.2247,9.0247,0.2026,0.6913,0.0073,8.2078,0.8397,154.0372,0.0102,333.3774,0.0113,15.1284,0.0767,59.8867,8.9686,*10.4990*,*0.3647*,0.6913,0.0073,8.2078,0.8397,154.0372,0.0102,333.3774,0.0113,16.2356,0.0692,86.5497,10.0605,7.6493,0.3090,0.6913,0.0073,8.2078,0.8397,154.0372,0.0102,333.3774,0.0113,15.2607,0.0515,66.2485,6.2379,9.8191,0.2670,0.6913,0.0073,8.2078,0.8397,154.0372,0.0102,333.3774,0.0113,15.1347,0.0848,58.3670,9.7296,*10.6615*,*0.3907*,0.6913,0.0073,8.2078,0.8397,154.0372,0.0102,333.3774,0.0113,18.1643,0.1423,94.9423,14.6165,6.7523,0.4516,0.6913,0.0073,8.2078,0.8397
iDR4_3_SPLUS-s28s45_0022912,1.15329256652673,346.1267,0.0496,292.2379,0.0411,18.1251,0.0625,9.6906,0.8526,2.9642,0.1918,0.7127,0.0163,-71.8717,3.2757,346.1267,0.0496,292.2379,0.0411,19.4131,0.2147,9.2151,1.7320,2.3188,0.4116,0.7127,0.0163,-71.8717,3.2757,346.1267,0.0496,292.2379,0.0411,18.9494,0.2144,9.2476,1.6320,2.3629,0.3876,0.7127,0.0163,-71.8717,3.2757,346.1267,0.0496,292.2379,0.0411,19.6241,0.3124,9.2771,1.5432,2.4029,0.3663,0.7127,0.0163,-71.8717,3.2757,346.1267,0.0496,292.2379,0.0411,18.8573,0.1773,9.3149,1.4321,2.4542,0.3395,0.7127,0.0163,-71.8717,3.2757,346.1267,0.0496,292.2379,0.0411,18.3699,0.1006,9.4756,1.0245,2.6724,0.2395,0.7127,0.0163,-71.8717,3.2757,346.1267,0.0496,292.2379,0.0411,18.0779,0.0680,9.7586,0.9313,3.0566,0.2093,0.7127,0.0163,-71.8717,3.2757,346.1267,0.0496,292.2379,0.0411,17.7566,0.1392,10.1402,1.9534,3.5747,0.4517,0.7127,0.0163,-71.8717,3.2757,346.1267,0.0496,292.2379,0.0411,18.5743,0.0943,9.4026,1.1932,2.5733,0.2813,0.7127,0.0163,-71.8717,3.2757,346.1267,0.0496,292.2379,0.0411,17.9188,0.0969,9.9642,1.4143,3.3357,0.3235,0.7127,0.0163,-71.8717,3.2757,346.1267,0.0496,292.2379,0.0411,17.8757,0.1454,10.1823,2.0893,3.6317,0.4840,0.7127,0.0163,-71.8717,3.2757,346.1267,0.0496,292.2379,0.0411,19.5562,0.1839,9.1704,1.8726,2.2581,0.4453,0.7127,0.0163,-71.8717,3.2757
iDR4_3_SPLUS-s28s45_0022101,1.15329256652673,271.1766,0.0233,159.1954,0.0194,18.6210,0.0262,1.5199,0.0608,5.3420,0.3953,0.3660,0.0196,1.6248,1.3946,271.1766,0.0233,159.1954,0.0194,19.2033,0.0621,0.8147,0.0964,7.4464,1.0169,0.3660,0.0196,1.6248,1.3946,271.1766,0.0233,159.1954,0.0194,19.4414,0.0929,0.8629,0.0908,7.3026,0.9684,0.3660,0.0196,1.6248,1.3946,271.1766,0.0233,159.1954,0.0194,19.2166,0.0785,0.9065,0.0860,7.1723,0.9247,0.3660,0.0196,1.6248,1.3946,271.1766,0.0233,159.1954,0.0194,19.2381,0.0755,0.9626,0.0800,7.0049,0.8690,0.3660,0.0196,1.6248,1.3946,271.1766,0.0233,159.1954,0.0194,18.7388,0.0387,1.2010,0.0606,6.2935,0.6415,0.3660,0.0196,1.6248,1.3946,271.1766,0.0233,159.1954,0.0194,18.5197,0.0283,1.6208,0.0677,5.0409,0.3525,0.3660,0.0196,1.6248,1.3946,271.1766,0.0233,159.1954,0.0194,18.1366,0.0598,2.1868,0.1318,3.3518,0.6153,0.3660,0.0196,1.6248,1.3946,271.1766,0.0233,159.1954,0.0194,18.9628,0.0433,1.0927,0.0680,6.6166,0.7426,0.3660,0.0196,1.6248,1.3946,271.1766,0.0233,159.1954,0.0194,18.4925,0.0430,1.9257,0.0991,4.1308,0.4120,0.3660,0.0196,1.6248,1.3946,271.1766,0.0233,159.1954,0.0194,18.3317,0.0635,2.2491,0.1400,3.1657,0.6721,0.3660,0.0196,1.6248,1.3946,271.1766,0.0233,159.1954,0.0194,19.4285,0.0571,0.7484,0.1043,7.6443,1.0842,0.3660,0.0196,1.6248,1.3946
iDR4_3_SPLUS-s29s35_0007044,1.14207010522519,257.9847,0.0080,434.5633,0.0105,17.3432,0.0073,3.7448,0.0180,0.6883,0.0086,0.5368,0.0024,-37.2617,0.3658,257.9847,0.0080,434.5633,0.0105,18.7781,0.0466,3.8385,0.0397,0.4438,0.0256,0.5368,0.0024,-37.2617,0.3658,257.9847,0.0080,434.5633,0.0105,18.4886,0.0613,3.8321,0.0378,0.4605,0.0242,0.5368,0.0024,-37.2617,0.3658,257.9847,0.0080,434.5633,0.0105,18.4723,0.0558,3.8263,0.0361,0.4756,0.0229,0.5368,0.0024,-37.2617,0.3658,257.9847,0.0080,434.5633,0.0105,18.1481,0.0394,3.8188,0.0339,0.4951,0.0213,0.5368,0.0024,-37.2617,0.3658,257.9847,0.0080,434.5633,0.0105,17.7177,0.0214,3.7871,0.0255,0.5777,0.0148,0.5368,0.0024,-37.2617,0.3658,257.9847,0.0080,434.5633,0.0105,17.3686,0.0082,3.7313,0.0174,0.7233,0.0083,0.5368,0.0024,-37.2617,0.3658,257.9847,0.0080,434.5633,0.0105,16.9770,0.0140,3.6561,0.0304,0.9195,0.0201,0.5368,0.0024,-37.2617,0.3658,257.9847,0.0080,434.5633,0.0105,17.9678,0.0124,3.8015,0.0291,0.5402,0.0176,0.5368,0.0024,-37.2617,0.3658,257.9847,0.0080,434.5633,0.0105,17.0902,0.0080,3.6908,0.0219,0.8290,0.0131,0.5368,0.0024,-37.2617,0.3658,257.9847,0.0080,434.5633,0.0105,16.9123,0.0121,3.6478,0.0326,0.9411,0.0219,0.5368,0.0024,-37.2617,0.3658,257.9847,0.0080,434.5633,0.0105,19.1285,0.0355,3.8473,0.0423,0.4208,0.0276,0.5368,0.0024,-37.2617,0.3658
iDR4_3_SPLUS-s29s35_0006143,1.14207010522519,262.3532,0.0392,308.7878,0.0661,18.8543,0.0344,5.0591,0.1368,0.9720,0.0560,0.4725,0.0094,13.3506,1.2868,262.3532,0.0392,308.7878,0.0661,19.3894,0.0946,4.3297,0.2141,0.7642,0.1031,0.4725,0.0094,13.3506,1.2868,262.3532,0.0392,308.7878,0.0661,18.9941,0.1099,4.3795,0.2019,0.7784,0.0979,0.4725,0.0094,13.3506,1.2868,262.3532,0.0392,308.7878,0.0661,19.6365,0.1753,4.4247,0.1912,0.7912,0.0933,0.4725,0.0094,13.3506,1.2868,262.3532,0.0392,308.7878,0.0661,19.0597,0.1010,4.4827,0.1781,0.8078,0.0875,0.4725,0.0094,13.3506,1.2868,262.3532,0.0392,308.7878,0.0661,19.0389,0.0773,4.7293,0.1356,0.8780,0.0665,0.4725,0.0094,13.3506,1.2868,262.3532,0.0392,308.7878,0.0661,18.9251,0.0406,5.1634,0.1522,1.0017,0.0587,0.4725,0.0094,13.3506,1.2868,262.3532,0.0392,308.7878,0.0661,18.7254,0.0864,5.7489,0.2942,1.1686,0.1078,0.4725,0.0094,13.3506,1.2868,262.3532,0.0392,308.7878,0.0661,19.1189,0.0419,4.6173,0.1517,0.8461,0.0752,0.4725,0.0094,13.3506,1.2868,262.3532,0.0392,308.7878,0.0661,18.6729,0.0469,5.4789,0.2218,1.0916,0.0806,0.4725,0.0094,13.3506,1.2868,262.3532,0.0392,308.7878,0.0661,18.7370,0.0785,5.8133,0.3123,1.1869,0.1148,0.4725,0.0094,13.3506,1.2868,262.3532,0.0392,308.7878,0.0661,19.7406,0.0770,4.2611,0.2315,0.7446,0.1105,0.4725,0.0094,13.3506,1.2868
iDR4_3_SPLUS-s29s35_0005688,1.14207010522519,275.6026,0.0116,155.4436,0.0096,16.1797,0.0058,7.5666,0.0342,1.1822,0.0060,0.7876,0.0020,69.2997,0.5513,275.6026,0.0116,155.4436,0.0096,17.8865,0.0402,7.4711,0.0847,0.9185,0.0182,0.7876,0.0020,69.2997,0.5513,275.6026,0.0116,155.4436,0.0096,17.9127,0.0684,7.4777,0.0805,0.9366,0.0172,0.7876,0.0020,69.2997,0.5513,275.6026,0.0116,155.4436,0.0096,17.6397,0.0492,7.4836,0.0767,0.9529,0.0163,0.7876,0.0020,69.2997,0.5513,275.6026,0.0116,155.4436,0.0096,17.2745,0.0346,7.4912,0.0720,0.9739,0.0152,0.7876,0.0020,69.2997,0.5513,275.6026,0.0116,155.4436,0.0096,16.6197,0.0164,7.5235,0.0527,1.0630,0.0107,0.7876,0.0020,69.2997,0.5513,275.6026,0.0116,155.4436,0.0096,16.0570,0.0059,7.5803,0.0323,1.2200,0.0056,0.7876,0.0020,69.2997,0.5513,275.6026,0.0116,155.4436,0.0096,15.6461,0.0100,7.6570,0.0609,1.4316,0.0130,0.7876,0.0020,69.2997,0.5513,275.6026,0.0116,155.4436,0.0096,16.8892,0.0108,7.5088,0.0612,1.0225,0.0127,0.7876,0.0020,69.2997,0.5513,275.6026,0.0116,155.4436,0.0096,15.7895,0.0061,7.6216,0.0420,1.3340,0.0084,0.7876,0.0020,69.2997,0.5513,275.6026,0.0116,155.4436,0.0096,15.5611,0.0092,7.6654,0.0660,1.4549,0.0142,0.7876,0.0020,69.2997,0.5513,275.6026,0.0116,155.4436,0.0096,18.2814,0.0318,7.4622,0.0906,0.8937,0.0195,0.7876,0.0020,69.2997,0.5513
iDR4_3_SPLUS-s29s35_0005101,1.14207010522519,202.5426,0.0215,99.1258,0.6119,17.3822,0.0486,*0.1416*,*0.3248*,1.5344,4.5526,0.2339,2.4191,-75.6414,117.9124,202.5426,0.0215,99.1258,0.6119,17.4258,0.0155,*0.1306*,*0.3538*,0.9398,3.8856,0.2339,2.4191,-75.6414,117.9124,202.5426,0.0215,99.1258,0.6119,17.3675,0.0204,*0.1313*,*0.3503*,0.9805,3.9051,0.2339,2.4191,-75.6414,117.9124,202.5426,0.0215,99.1258,0.6119,17.4301,0.0209,*0.1320*,*0.3473*,1.0173,3.9265,0.2339,2.4191,-75.6414,117.9124,202.5426,0.0215,99.1258,0.6119,17.3332,0.0216,*0.1329*,*0.3437*,1.0646,3.9590,0.2339,2.4191,-75.6414,117.9124,202.5426,0.0215,99.1258,0.6119,17.3381,0.0304,*0.1366*,*0.3317*,1.2656,4.1565,0.2339,2.4191,-75.6414,117.9124,202.5426,0.0215,99.1258,0.6119,17.4763,0.0557,*0.1432*,*0.3250*,1.6195,4.7042,0.2339,2.4191,-75.6414,117.9124,202.5426,0.0215,99.1258,0.6119,17.4310,0.1032,*0.1520*,*0.3458*,2.0968,5.7244,0.2339,2.4191,-75.6414,117.9124,202.5426,0.0215,99.1258,0.6119,17.4133,0.0241,*0.1349*,*0.3364*,1.1743,4.0553,0.2339,2.4191,-75.6414,117.9124,202.5426,0.0215,99.1258,0.6119,17.3006,0.0797,*0.1480*,*0.3321*,1.8767,5.2228,0.2339,2.4191,-75.6414,117.9124,202.5426,0.0215,99.1258,0.6119,17.5085,0.1089,*0.1530*,*0.3500*,2.1494,5.8505,0.2339,2.4191,-75.6414,117.9124,202.5426,0.0215,99.1258,0.6119,17.5984,0.0120,*0.1295*,*0.3590*,0.8839,3.8658,0.2339,2.4191,-75.6414,117.9124
iDR4_3_SPLUS-s32s32_0045080,1.18227003668148,286.1940,0.0371,246.0104,0.0393,18.4394,0.0414,4.2361,0.1787,1.3802,0.0730,0.9255,0.0188,40.5821,13.7123,286.1940,0.0371,246.0104,0.0393,20.6379,0.5517,4.2972,0.3748,1.1934,0.1810,0.9255,0.0188,40.5821,13.7123,286.1940,0.0371,246.0104,0.0393,18.6933,0.1729,4.2930,0.3551,1.2062,0.1708,0.9255,0.0188,40.5821,13.7123,286.1940,0.0371,246.0104,0.0393,19.0266,0.2067,4.2892,0.3377,1.2178,0.1616,0.9255,0.0188,40.5821,13.7123,286.1940,0.0371,246.0104,0.0393,19.0048,0.1969,4.2843,0.3157,1.2326,0.1500,0.9255,0.0188,40.5821,13.7123,286.1940,0.0371,246.0104,0.0393,18.5942,0.0987,4.2637,0.2326,1.2958,0.1048,0.9255,0.0188,40.5821,13.7123,286.1940,0.0371,246.0104,0.0393,18.3563,0.0456,4.2273,0.1848,1.4069,0.0766,0.9255,0.0188,40.5821,13.7123,286.1940,0.0371,246.0104,0.0393,18.2973,0.1028,4.1783,0.3595,1.5569,0.1720,0.9255,0.0188,40.5821,13.7123,286.1940,0.0371,246.0104,0.0393,18.7673,0.0640,4.2731,0.2678,1.2671,0.1242,0.9255,0.0188,40.5821,13.7123,286.1940,0.0371,246.0104,0.0393,18.2991,0.0618,4.2009,0.2607,1.4877,0.1195,0.9255,0.0188,40.5821,13.7123,286.1940,0.0371,246.0104,0.0393,18.2473,0.1010,4.1729,0.3850,1.5734,0.1854,0.9255,0.0188,40.5821,13.7123,286.1940,0.0371,246.0104,0.0393,19.6646,0.1418,4.3029,0.4023,1.1759,0.1953,0.9255,0.0188,40.5821,13.7123
iDR4_3_SPLUS-s32s32_0036824,1.18227003668148,182.6780,0.1064,284.9320,0.0265,17.7247,0.0195,11.0396,0.1310,0.4491,0.0141,0.2120,0.0025,-76.0166,0.2328,182.6780,0.1064,284.9320,0.0265,19.4293,0.2144,11.1186,0.2443,0.2648,0.0382,0.2120,0.0025,-76.0166,0.2328,182.6780,0.1064,284.9320,0.0265,18.2670,0.1283,11.1132,0.2321,0.2774,0.0359,0.2120,0.0025,-76.0166,0.2328,182.6780,0.1064,284.9320,0.0265,18.4625,0.1390,11.1083,0.2214,0.2888,0.0338,0.2120,0.0025,-76.0166,0.2328,182.6780,0.1064,284.9320,0.0265,18.5193,0.1437,11.1020,0.2080,0.3035,0.0312,0.2120,0.0025,-76.0166,0.2328,182.6780,0.1064,284.9320,0.0265,17.8719,0.0568,11.0753,0.1586,0.3658,0.0211,0.2120,0.0025,-76.0166,0.2328,182.6780,0.1064,284.9320,0.0265,17.6735,0.0231,11.0283,0.1359,0.4755,0.0152,0.2120,0.0025,-76.0166,0.2328,182.6780,0.1064,284.9320,0.0265,17.4758,0.0501,10.9649,0.2456,0.6234,0.0375,0.2120,0.0025,-76.0166,0.2328,182.6780,0.1064,284.9320,0.0265,18.0994,0.0287,11.0875,0.1791,0.3375,0.0255,0.2120,0.0025,-76.0166,0.2328,182.6780,0.1064,284.9320,0.0265,17.4538,0.0263,10.9941,0.1837,0.5552,0.0256,0.2120,0.0025,-76.0166,0.2328,182.6780,0.1064,284.9320,0.0265,17.4235,0.0461,10.9579,0.2617,0.6397,0.0405,0.2120,0.0025,-76.0166,0.2328,182.6780,0.1064,284.9320,0.0265,19.0375,0.0808,11.1260,0.2614,0.2475,0.0413,0.2120,0.0025,-76.0166,0.2328
iDR4_3_SPLUS-s32s32_0031006,1.18227003668148,245.1236,0.0486,151.4485,0.1227,18.3646,0.3105,*0.0653*,*0.0656*,5.6945,4.2033,0.2396,0.3108,66.8923,10.1538,245.1236,0.0486,151.4485,0.1227,18.6132,0.2320,*0.1075*,*0.1164*,5.6941,4.9719,0.2396,0.3108,66.8923,10.1538,245.1236,0.0486,151.4485,0.1227,18.4683,0.2373,*0.1046*,*0.1121*,5.6941,4.8482,0.2396,0.3108,66.8923,10.1538,245.1236,0.0486,151.4485,0.1227,18.4174,0.2340,*0.1020*,*0.1083*,5.6942,4.7432,0.2396,0.3108,66.8923,10.1538,245.1236,0.0486,151.4485,0.1227,18.6275,0.2397,*0.0986*,*0.1035*,5.6942,4.6187,0.2396,0.3108,66.8923,10.1538,245.1236,0.0486,151.4485,0.1227,18.5581,0.2524,*0.0844*,*0.0846*,5.6943,4.2433,0.2396,0.3108,66.8923,10.1538,245.1236,0.0486,151.4485,0.1227,18.3906,0.3438,*0.0593*,*0.0621*,5.6946,4.3059,0.2396,0.3108,66.8923,10.1538,245.1236,0.0486,151.4485,0.1227,18.3740,1.0889,*0.0254*,*0.0736*,5.6949,5.6722,0.2396,0.3108,66.8923,10.1538,245.1236,0.0486,151.4485,0.1227,18.6198,0.2407,*0.0909*,*0.0929*,5.6943,4.3807,0.2396,0.3108,66.8923,10.1538,245.1236,0.0486,151.4485,0.1227,18.3788,0.5404,*0.0410*,*0.0620*,5.6948,4.9035,0.2396,0.3108,66.8923,10.1538,245.1236,0.0486,151.4485,0.1227,18.2640,1.3988,*0.0217*,*0.0775*,5.6950,5.8807,0.2396,0.3108,66.8923,10.1538,245.1236,0.0486,151.4485,0.1227,18.6637,0.2300,*0.1115*,*0.1223*,5.6941,5.1543,0.2396,0.3108,66.8923,10.1538
iDR4_3_SPLUS-s32s32_0042751,1.18227003668148,286.2759,0.0095,316.9731,0.0085,14.4694,0.0032,15.2300,0.0424,1.3277,0.0035,0.6086,0.0008,-47.9003,0.1352,286.2759,0.0095,316.9731,0.0085,15.4219,0.0128,12.9633,0.0925,1.3799,0.0094,0.6086,0.0008,-47.9003,0.1352,286.2759,0.0095,316.9731,0.0085,15.4518,0.0203,13.1182,0.0877,1.3763,0.0089,0.6086,0.0008,-47.9003,0.1352,286.2759,0.0095,316.9731,0.0085,15.1525,0.0147,13.2585,0.0835,1.3731,0.0085,0.6086,0.0008,-47.9003,0.1352,286.2759,0.0095,316.9731,0.0085,15.1604,0.0146,13.4389,0.0781,1.3689,0.0079,0.6086,0.0008,-47.9003,0.1352,286.2759,0.0095,316.9731,0.0085,14.7972,0.0086,14.2050,0.0574,1.3513,0.0056,0.6086,0.0008,-47.9003,0.1352,286.2759,0.0095,316.9731,0.0085,14.1476,0.0032,15.5543,0.0431,1.3203,0.0033,0.6086,0.0008,-47.9003,0.1352,286.2759,0.0095,316.9731,0.0085,14.0915,0.0069,17.3736,0.0837,1.2784,0.0070,0.6086,0.0008,-47.9003,0.1352,286.2759,0.0095,316.9731,0.0085,14.9705,0.0052,13.8570,0.0662,1.3593,0.0066,0.6086,0.0008,-47.9003,0.1352,286.2759,0.0095,316.9731,0.0085,14.2226,0.0042,16.5346,0.0602,1.2977,0.0047,0.6086,0.0008,-47.9003,0.1352,286.2759,0.0095,316.9731,0.0085,14.0122,0.0063,17.5741,0.0899,1.2738,0.0076,0.6086,0.0008,-47.9003,0.1352,286.2759,0.0095,316.9731,0.0085,15.9562,0.0116,12.7501,0.0992,1.3848,0.0101,0.6086,0.0008,-47.9003,0.1352
iDR4_3_SPLUS-s37s29_0002144,1.14583911342514,249.4311,0.0196,249.0833,0.0192,18.9189,0.0238,1.8185,0.0326,0.3499,0.0821,0.5819,0.0173,-45.7395,2.0110,249.4311,0.0196,249.0833,0.0192,19.5673,0.1105,1.7399,0.0698,0.5911,0.2177,0.5819,0.0173,-45.7395,2.0110,249.4311,0.0196,249.0833,0.0192,20.5546,0.5062,1.7453,0.0664,0.5746,0.2062,0.5819,0.0173,-45.7395,2.0110,249.4311,0.0196,249.0833,0.0192,18.9021,0.1013,1.7502,0.0634,0.5597,0.1959,0.5819,0.0173,-45.7395,2.0110,249.4311,0.0196,249.0833,0.0192,19.4125,0.1466,1.7564,0.0596,0.5405,0.1828,0.5819,0.0173,-45.7395,2.0110,249.4311,0.0196,249.0833,0.0192,19.0155,0.0708,1.7830,0.0449,0.4589,0.1303,0.5819,0.0173,-45.7395,2.0110,249.4311,0.0196,249.0833,0.0192,19.0176,0.0285,1.8298,0.0320,0.3153,0.0794,0.5819,0.0173,-45.7395,2.0110,249.4311,0.0196,249.0833,0.0192,18.9577,0.0632,1.8928,0.0564,0.1217,0.1698,0.5819,0.0173,-45.7395,2.0110,249.4311,0.0196,249.0833,0.0192,19.0435,0.0315,1.7709,0.0512,0.4960,0.1533,0.5819,0.0173,-45.7395,2.0110,249.4311,0.0196,249.0833,0.0192,18.7461,0.0283,1.8637,0.0411,0.2110,0.1148,0.5819,0.0173,-45.7395,2.0110,249.4311,0.0196,249.0833,0.0192,18.7659,0.1265,1.8998,0.0605,0.1004,0.1841,0.5819,0.0173,-45.7395,2.0110,249.4311,0.0196,249.0833,0.0192,19.7353,0.0723,1.7325,0.0745,0.6138,0.2336,0.5819,0.0173,-45.7395,2.0110
iDR4_3_SPLUS-s38s28_0031957,1.20763530774593,187.3518,0.0174,290.6594,0.0153,15.8909,0.0079,8.4677,0.0518,1.0754,0.0095,0.8581,0.0029,-54.6874,1.2365,187.3518,0.0174,290.6594,0.0153,17.1998,0.0405,7.5554,0.0851,0.4600,0.0164,0.8581,0.0029,-54.6874,1.2365,187.3518,0.0174,290.6594,0.0153,17.0587,0.0617,7.6177,0.0800,0.5021,0.0155,0.8581,0.0029,-54.6874,1.2365,187.3518,0.0174,290.6594,0.0153,16.9082,0.0488,7.6742,0.0756,0.5402,0.0146,0.8581,0.0029,-54.6874,1.2365,187.3518,0.0174,290.6594,0.0153,16.6245,0.0372,7.7468,0.0701,0.5891,0.0136,0.8581,0.0029,-54.6874,1.2365,187.3518,0.0174,290.6594,0.0153,16.1489,0.0193,8.0551,0.0519,0.7972,0.0101,0.8581,0.0029,-54.6874,1.2365,187.3518,0.0174,290.6594,0.0153,15.8639,0.0088,8.5982,0.0581,1.1635,0.0105,0.8581,0.0029,-54.6874,1.2365,187.3518,0.0174,290.6594,0.0153,15.4947,0.0175,9.3305,0.1165,1.6574,0.0208,0.8581,0.0029,-54.6874,1.2365,187.3518,0.0174,290.6594,0.0153,16.3631,0.0108,7.9151,0.0589,0.7027,0.0115,0.8581,0.0029,-54.6874,1.2365,187.3518,0.0174,290.6594,0.0153,15.5579,0.0104,8.9928,0.0868,1.4296,0.0155,0.8581,0.0029,-54.6874,1.2365,187.3518,0.0174,290.6594,0.0153,15.4659,0.0176,9.4112,0.1238,1.7118,0.0221,0.8581,0.0029,-54.6874,1.2365,187.3518,0.0174,290.6594,0.0153,17.4866,0.0303,7.4696,0.0923,0.4022,0.0177,0.8581,0.0029,-54.6874,1.2365
iDR4_3_SPLUS-s38s28_0033177,1.20763530774593,308.8108,0.0397,176.8234,0.0437,16.9497,0.1270,30.3027,7.3483,7.1959,0.6614,0.7492,0.0262,10.4316,4.1047,308.8108,0.0397,176.8234,0.0437,19.4092,0.4006,9.4427,4.5338,5.5145,0.8802,0.7492,0.0262,10.4316,4.1047,308.8108,0.0397,176.8234,0.0437,18.8213,0.3945,10.8680,4.4436,5.6294,0.8582,0.7492,0.0262,10.4316,4.1047,308.8108,0.0397,176.8234,0.0437,18.4347,0.2979,12.1592,4.4049,5.7335,0.8390,0.7492,0.0262,10.4316,4.1047,308.8108,0.0397,176.8234,0.0437,18.5508,0.2959,13.8193,4.4171,5.8673,0.8152,0.7492,0.0262,10.4316,4.1047,308.8108,0.0397,176.8234,0.0437,17.7106,0.1633,20.8704,5.1800,6.4356,0.7288,0.7492,0.0262,10.4316,4.1047,308.8108,0.0397,176.8234,0.0437,16.7896,0.1283,33.2875,8.1691,7.4364,0.6543,0.7492,0.0262,10.4316,4.1047,308.8108,0.0397,176.8234,0.0437,16.2761,0.1405,50.0309,13.2322,8.7860,0.7454,0.7492,0.0262,10.4316,4.1047,308.8108,0.0397,176.8234,0.0437,18.0022,0.1500,17.6677,4.7042,6.1774,0.7649,0.7492,0.0262,10.4316,4.1047,308.8108,0.0397,176.8234,0.0437,16.5014,0.1315,42.3090,10.8321,8.1636,0.6773,0.7492,0.0262,10.4316,4.1047,308.8108,0.0397,176.8234,0.0437,16.2251,0.1409,51.8754,13.8152,8.9347,0.7670,0.7492,0.0262,10.4316,4.1047,308.8108,0.0397,176.8234,0.0437,19.3475,0.4040,7.4808,4.7342,5.3564,0.9115,0.7492,0.0262,10.4316,4.1047
iDR4_3_SPLUS-s38s28_0032565,1.20763530774593,253.0488,0.0171,280.2470,0.0172,17.7013,0.0196,2.7152,0.0401,1.6195,0.0672,0.9842,0.0146,32.8737,41.4128,253.0488,0.0171,280.2470,0.0172,18.7720,0.0757,1.8410,0.0604,1.0973,0.1637,0.9842,0.0146,32.8737,41.4128,253.0488,0.0171,280.2470,0.0172,18.6896,0.1169,1.9007,0.0568,1.1330,0.1548,0.9842,0.0146,32.8737,41.4128,253.0488,0.0171,280.2470,0.0172,18.4875,0.0909,1.9548,0.0537,1.1653,0.1469,0.9842,0.0146,32.8737,41.4128,253.0488,0.0171,280.2470,0.0172,18.3058,0.0745,2.0244,0.0498,1.2069,0.1369,0.9842,0.0146,32.8737,41.4128,253.0488,0.0171,280.2470,0.0172,17.8666,0.0414,2.3199,0.0378,1.3834,0.0978,0.9842,0.0146,32.8737,41.4128,253.0488,0.0171,280.2470,0.0172,17.6772,0.0218,2.8402,0.0452,1.6943,0.0682,0.9842,0.0146,32.8737,41.4128,253.0488,0.0171,280.2470,0.0172,17.2167,0.0410,3.5419,0.0886,2.1134,0.1442,0.9842,0.0146,32.8737,41.4128,253.0488,0.0171,280.2470,0.0172,18.0960,0.0259,2.1856,0.0422,1.3032,0.1147,0.9842,0.0146,32.8737,41.4128,253.0488,0.0171,280.2470,0.0172,17.3190,0.0258,3.2183,0.0668,1.9201,0.1005,0.9842,0.0146,32.8737,41.4128,253.0488,0.0171,280.2470,0.0172,17.3173,0.0445,3.6192,0.0940,2.1596,0.1555,0.9842,0.0146,32.8737,41.4128,253.0488,0.0171,280.2470,0.0172,19.1769,0.0622,1.7587,0.0656,1.0482,0.1760,0.9842,0.0146,32.8737,41.4128
iDR4_3_SPLUS-s38s38_0060151,21.1862890063533,205.8191,0.0017,252.9301,0.0015,11.6218,0.0021,2.2450,0.0028,0.1329,0.0046,0.7719,0.0007,1.4542,0.1659,205.8191,0.0017,252.9301,0.0015,13.2675,0.0094,1.3658,0.0062,0.1656,0.0100,0.7719,0.0007,1.4542,0.1659,205.8191,0.0017,252.9301,0.0015,13.1438,0.0140,1.4259,0.0059,0.1633,0.0096,0.7719,0.0007,1.4542,0.1659,205.8191,0.0017,252.9301,0.0015,12.0524,0.0063,1.4803,0.0057,0.1613,0.0093,0.7719,0.0007,1.4542,0.1659,205.8191,0.0017,252.9301,0.0015,11.7978,0.0058,1.5503,0.0054,0.1587,0.0088,0.7719,0.0007,1.4542,0.1659,205.8191,0.0017,252.9301,0.0015,11.1197,0.0035,1.8475,0.0041,0.1477,0.0069,0.7719,0.0007,1.4542,0.1659,205.8191,0.0017,252.9301,0.0015,11.0129,0.0018,2.3708,0.0026,0.1283,0.0039,0.7719,0.0007,1.4542,0.1659,205.8191,0.0017,252.9301,0.0015,10.4106,0.0028,3.0765,0.0037,0.1021,0.0032,0.7719,0.0007,1.4542,0.1659,205.8191,0.0017,252.9301,0.0015,12.2399,0.0029,1.7125,0.0047,0.1527,0.0078,0.7719,0.0007,1.4542,0.1659,205.8191,0.0017,252.9301,0.0015,11.1917,0.0018,2.7511,0.0027,0.1142,0.0026,0.7719,0.0007,1.4542,0.1659,205.8191,0.0017,252.9301,0.0015,10.9276,0.0019,3.1543,0.0040,0.0992,0.0035,0.7719,0.0007,1.4542,0.1659,205.8191,0.0017,252.9301,0.0015,13.6179,0.0078,1.2831,0.0066,0.1686,0.0106,0.7719,0.0007,1.4542,0.1659
