RAJ2000,DEJ2000,W1mag,W2mag,W3mag,W4mag
0.0793772,-22.5761554,15.130,14.868,11.450,8.595
0.0912074,-22.5879573,16.224,16.048,12.339,8.382
0.1004063,-22.5888837,14.308,14.103,10.370,8.101
0.1115195,-22.5959599,15.558,15.137,11.501,8.356
0.3129671,13.1131761,14.199,14.058,11.020,8.362
0.3331462,13.1112154,10.273,10.167,6.922,4.483
0.3726389,13.0985394,16.451,16.545,12.519,8.836
2.8351978,-53.9557714,16.238,15.989,12.865,8.849
2.8378998,-53.9811095,15.083,14.892,10.865,8.435
2.8428158,-53.9539555,16.748,16.959,12.635,9.165
2.8524137,-53.9310158,13.288,13.123,9.227,7.371
3.3139385,-41.5710571,14.833,14.834,11.616,9.038
3.3172848,-41.5955268,13.845,13.449,9.311,7.480
3.3265429,-41.5732188,12.322,12.276,12.095,9.509
3.3528167,-41.5784179,14.255,14.085,10.580,8.880
3.5174332,-22.5528013,14.094,13.723,10.217,8.555
3.5320742,-22.5630002,15.013,14.867,12.086,8.988
4.3706270,-69.1390454,13.928,13.656,10.912,8.647
4.4334557,-69.1418033,14.723,14.178,10.588,8.566
4.4729962,-69.1525538,16.284,16.554,12.981,8.942
4.4971428,-69.1620508,14.523,14.413,10.985,8.576
4.6039563,-42.1263787,15.684,15.141,11.031,8.988
4.6103796,-42.1377054,14.037,13.880,10.615,8.673
4.6210498,-42.1213554,16.806,16.539,12.340,8.663
4.6438172,-42.1248803,14.470,13.812,9.894,7.640
4.6541619,-35.9395393,13.933,13.771,10.289,7.351
4.6584021,-35.9454757,13.736,13.718,10.998,7.804
4.6693606,-35.9548718,16.655,16.415,12.698,8.814
5.3538384,38.0706969,13.813,13.537,9.799,7.919
5.3806169,38.0770546,11.511,11.286,7.627,5.507
5.3921671,38.0930026,10.936,10.644,6.357,4.127
5.6534506,-20.5709167,15.145,14.290,10.217,8.229
5.6649492,-20.5650594,14.755,13.702,10.878,8.150
5.6740500,-20.5843200,15.914,15.700,12.441,8.509
5.6869203,-20.5882100,13.943,13.749,9.804,8.002
7.7914346,-25.4980938,15.767,15.520,11.727,8.405
7.7973782,-25.4905669,13.218,12.816,8.845,6.176
7.8130791,-25.4957591,16.536,16.352,12.540,8.972
7.8357111,-25.4979145,16.155,15.649,11.917,8.928
8.5903846,39.6015680,12.874,12.792,9.106,6.974
8.6053596,39.5883540,15.626,15.895,12.685,9.344
8.6642801,39.5781875,12.745,12.698,9.427,7.409
9.2387235,-63.4404738,12.267,11.504,7.814,5.105
9.2737967,-63.4445940,13.810,13.636,10.106,7.698
9.2954940,-63.4378144,14.796,13.932,10.987,8.694
9.3249437,-63.4402565,14.887,14.735,11.128,8.752
9.4132338,-9.0468450,14.242,14.108,10.431,8.740
9.4209887,-9.0564481,14.153,13.983,10.368,8.616
9.4328817,-9.0652056,15.268,15.371,11.434,8.914
9.4355803,-9.0590745,15.681,15.654,12.116,9.013
9.4697608,-25.0626407,16.211,15.930,11.973,8.420
9.4702896,-25.0906849,13.734,12.617,10.001,7.835
9.4966419,-25.0586307,14.006,13.771,10.836,8.571
12.0030333,-63.1337611,15.731,15.501,12.039,9.165
12.0458357,-63.1586872,14.958,14.660,11.103,9.133
12.2337295,-45.7585575,16.886,16.525,12.268,8.895
12.2509786,-45.7769044,17.138,16.890,12.613,9.051
12.2557973,-45.7705326,16.274,16.096,12.463,8.779
12.2792633,-18.2864403,12.961,12.788,8.780,6.947
12.2928683,-18.3079011,16.010,15.859,12.384,8.292
12.2955219,-18.2701167,13.461,13.340,9.789,8.042
12.3121891,-18.3161399,13.953,13.095,8.508,5.340
12.8522128,-23.2265676,15.988,15.940,11.909,8.829
12.8592207,-23.2134681,14.236,14.003,10.104,7.898
12.8636491,-23.2087322,14.437,14.329,12.616,8.563
12.8723865,-23.2135919,15.737,15.607,12.527,9.016
13.0510006,-1.1112685,14.099,13.940,10.066,8.291
13.2072337,-13.2928014,15.564,15.414,12.400,8.494
13.2191510,-13.2813153,15.700,15.630,12.504,8.934
13.2319947,-13.2851273,14.417,14.173,10.372,8.140
13.2536705,-13.2788242,12.934,12.834,10.990,8.298
14.3941104,-35.7387780,16.423,16.204,12.738,8.626
14.3998063,-35.7626233,14.241,14.004,10.788,8.224
14.4062437,-35.7652974,14.083,13.853,11.129,8.759
14.4219327,-35.7634393,16.598,16.713,12.341,9.151
15.5763998,-17.1928623,15.276,15.235,12.636,9.118
15.5940746,-17.1861795,14.557,14.337,10.552,8.420
16.0787005,-51.0199664,15.689,15.738,12.499,8.579
16.0928421,-51.0213270,12.925,12.827,9.438,7.500
16.1479506,-2.1351596,15.933,15.671,11.991,8.557
16.1666664,-2.1231805,14.639,14.442,10.685,8.062
16.8027591,-32.8356905,15.426,15.320,12.008,8.823
16.8177550,-32.8426812,17.060,16.957,12.620,8.933
16.8331774,-32.8315689,12.648,12.336,8.019,5.561
16.8473980,-32.8290371,11.174,10.776,6.317,3.657
18.1606402,14.3902951,14.554,14.276,10.303,8.680
18.1754025,14.3747636,15.763,15.495,12.043,8.495
18.1891142,14.3841062,13.866,13.567,9.507,7.532
18.1960407,14.3608838,12.695,12.549,9.487,7.812
20.2445180,-32.0628675,16.547,16.360,12.137,8.579
20.2525316,-32.0585086,13.845,13.664,10.159,8.199
20.2789264,-32.0504175,15.619,15.304,11.967,8.747
20.2910091,-32.0406095,14.742,14.546,11.263,8.795
20.3889346,-38.0721754,15.992,15.852,12.654,9.075
20.4132841,-38.1027517,15.417,14.952,11.418,8.912
20.4162496,-38.0780592,14.664,14.388,10.923,8.573
20.4344714,-38.0610427,14.649,14.354,10.660,8.968
21.1460530,-8.1986119,14.334,14.089,10.082,8.381
21.1569068,-8.1739851,15.213,15.205,11.893,8.758
21.1658037,-8.1959747,13.578,13.477,10.551,8.465
23.1299505,-54.6380850,15.256,14.850,10.749,7.203
23.1454005,-54.6417700,14.389,14.156,10.082,8.118
23.1457113,-54.6233250,15.095,14.829,11.091,9.160
23.3830760,-69.3123355,15.659,15.540,12.431,8.471
23.4191657,-69.3099953,15.407,15.371,12.101,8.822
23.4484735,-69.3290093,15.926,15.859,12.287,8.679
23.4595335,-69.3339712,14.178,13.974,10.170,8.090
23.9094198,-2.0911941,15.943,15.750,12.638,8.872
23.9094000,-2.0770284,14.801,14.446,10.808,7.898
23.9180722,-2.1139870,15.872,15.719,12.238,8.638
24.5941128,-40.0125484,14.402,14.234,10.425,8.013
24.6134548,-40.0061215,13.403,13.341,10.437,8.319
24.6360009,-40.0219923,15.529,15.526,12.202,9.102
24.6548345,-40.0114384,10.352,9.751,6.621,4.508
25.5584368,-54.4121747,16.572,17.063,12.717,9.241
25.5613189,-54.4384844,14.968,14.625,10.352,7.580
25.5739586,-54.4482992,15.952,15.787,12.488,9.292
26.8891325,-30.2617280,13.619,13.375,9.180,7.154
26.8952372,-30.2676253,16.447,16.379,13.026,8.567
26.9049513,-30.2543078,14.011,13.806,10.152,8.275
27.0325066,-15.1164203,15.649,15.155,11.217,9.042
27.0591667,-15.1078162,14.177,13.906,11.085,8.521
27.1814814,13.6876438,15.506,15.559,12.037,9.153
27.1897429,13.7169578,13.941,13.723,9.777,7.543
27.1923594,13.7265392,13.877,13.669,9.572,7.603
29.6593794,-33.7735898,14.680,14.373,11.146,9.249
29.6617182,-33.7433606,13.333,13.104,9.079,7.100
29.6653534,-33.7556852,15.691,15.594,12.298,9.262
29.6865612,-33.7573353,14.849,14.676,10.729,7.826
30.9585460,-31.1470615,15.554,15.495,12.403,8.998
30.9647057,-31.1438061,14.029,13.821,10.334,7.706
30.9788795,-31.1556216,14.727,14.427,10.359,8.390
33.6500704,-41.6339945,15.435,15.202,12.240,8.501
33.6679358,-41.6489635,14.337,14.097,10.469,8.385
33.6977154,-41.6467600,13.991,13.730,9.599,7.488
33.7018120,-41.6383319,15.300,14.291,11.402,8.966
35.5949724,-18.6005306,14.890,14.610,10.706,8.966
35.6222870,-18.6076708,13.592,13.294,9.717,7.393
35.6312029,-18.6020644,14.095,13.767,9.547,7.851
36.2041649,-27.2753387,16.158,15.839,12.621,9.327
36.2089761,-27.2881323,14.907,14.778,11.119,9.004
36.2303627,-27.2663673,14.221,14.113,10.534,8.755
36.2378626,-27.2901269,14.008,13.316,9.162,6.324
37.0215541,-61.0570684,14.361,13.985,10.211,8.217
37.0468134,-61.0641132,15.401,14.957,11.206,7.444
40.4600126,-20.8123640,13.617,13.323,9.280,6.434
41.4561908,-5.5737554,14.927,14.631,10.667,8.416
41.4673676,-5.5645452,15.300,15.016,11.137,8.599
43.4316596,-41.9772088,14.974,14.700,10.730,9.295
43.4531059,-41.9664381,16.744,17.418,13.074,9.296
43.4541283,-41.9559078,16.539,16.391,12.682,8.788
43.4650342,-41.9798891,14.415,14.223,10.298,8.124
45.0384352,-36.3811304,15.111,14.862,11.464,9.421
45.0485469,-36.3517553,14.340,13.027,9.865,7.575
45.0493859,-36.3563333,15.502,15.471,12.923,9.231
46.5430874,-42.6546015,14.665,14.465,10.202,8.137
46.5442303,-42.6674309,14.595,13.706,10.625,8.209
46.5684849,-42.6755713,15.108,14.812,10.797,7.696
46.5761479,-42.6744099,13.855,13.679,9.865,7.714
47.1417640,-47.2601161,14.421,14.135,9.899,7.641
47.1485982,-47.2854605,14.694,14.535,10.759,8.698
47.1645581,-47.2720641,14.452,14.200,10.813,8.702
47.5430410,-35.0084201,13.635,13.495,9.772,7.840
47.5634085,-35.0185275,15.301,15.090,11.484,9.395
50.0700305,-40.1780950,15.703,15.972,13.204,9.227
50.0968450,-40.2083265,13.490,13.186,9.202,6.601
50.0975438,-40.1854415,14.590,14.285,10.401,8.769
51.6307838,-42.8519888,14.629,13.813,11.167,9.034
51.6342052,-42.8237376,17.043,16.956,11.884,8.267
51.6362104,-42.8305465,16.710,17.052,12.563,8.910
52.9392978,-39.6141308,15.203,14.840,10.980,9.239
52.9467167,-39.6313609,14.228,13.992,10.227,8.661
52.9579450,-39.6315284,15.100,14.804,10.844,8.512
53.2537693,-47.6657517,16.603,16.913,12.630,9.528
53.2626876,-47.6738079,14.537,14.255,11.017,9.446
53.2745388,-47.6537080,16.987,16.630,12.955,8.828
53.4353302,-30.3176028,12.517,11.908,8.228,6.212
53.4384880,-30.3024734,15.722,15.478,12.571,9.447
53.4431370,-30.3343030,14.173,13.991,10.509,8.491
53.4453634,-30.3058802,12.984,12.218,9.848,7.736
53.7912036,-33.4799916,14.639,14.442,10.689,9.022
53.8133254,-33.4672975,17.365,17.044,13.271,8.780
53.8398889,-33.4754577,16.676,16.457,13.116,9.187
54.5224508,-47.4059289,13.850,13.703,10.211,7.945
54.5494053,-47.3855989,14.965,14.776,10.908,8.685
55.1327126,-48.6295077,16.482,16.444,12.686,9.184
55.1358807,-48.6258422,15.213,15.102,11.394,9.372
55.1511697,-48.6243430,13.634,13.421,9.337,7.296
55.6110572,-41.1554149,16.467,16.415,13.202,9.265
55.6113719,-41.1448044,12.797,12.702,9.226,6.961
55.6195422,-41.1698999,14.447,13.176,10.838,8.471
56.4274621,-12.2737255,14.320,14.190,11.800,8.455
56.4297606,-12.2960276,12.920,12.665,8.439,5.830
56.4303888,-12.2629292,14.111,13.915,10.446,8.273
57.7309211,-38.0419652,14.469,14.333,10.512,8.601
57.7416822,-38.0932001,12.637,11.512,9.065,6.946
60.3065906,-65.0050574,14.249,14.165,10.474,8.396
60.3180560,-64.9853248,15.339,15.195,11.648,9.057
60.3232256,-65.0266831,14.584,14.256,10.175,7.682
60.3445400,-65.0147705,14.979,14.773,11.009,9.024
64.1833371,0.2718330,12.445,11.982,7.457,4.798
67.5408522,6.9454026,14.632,14.291,10.124,7.097
67.5454526,6.9441675,13.169,13.088,9.263,6.541
70.5222042,-23.2495950,14.880,14.738,11.474,8.295
70.5405864,-23.2366850,14.753,14.576,10.729,7.783
70.5433009,-23.2502593,12.905,12.750,9.051,7.202
71.0761282,-21.8799253,12.490,11.977,7.279,4.540
71.0836910,-21.8784693,15.412,15.164,11.469,7.721
71.1059768,-21.8647554,14.110,13.865,10.410,8.416
71.1244767,-21.8792595,14.016,13.724,9.676,7.294
73.3447139,-36.2469250,16.535,16.637,12.738,9.222
73.3591518,-36.2675479,15.569,15.077,11.577,8.997
73.3677486,-36.2593037,16.065,16.069,12.578,9.370
76.1190268,-18.6788504,12.427,12.193,8.063,6.220
76.1287296,-18.6953726,16.597,16.536,12.837,9.402
79.1156963,-48.5640276,14.499,14.313,10.795,8.858
79.1495821,-48.5515373,13.975,13.711,9.847,7.983
83.3544298,-27.6814808,15.895,15.822,12.874,9.082
83.3681678,-27.6752976,14.292,13.838,9.777,7.849
83.3945726,-27.6758651,15.612,15.552,12.403,9.216
83.3951145,-27.6630854,14.443,14.207,10.211,7.698
97.1691616,-69.6800327,13.142,12.954,8.687,5.783
97.2228084,-69.6972994,13.165,12.991,8.987,6.880
123.2081774,47.4427398,13.429,13.278,9.474,7.579
123.2100406,47.4161940,17.018,16.457,12.366,8.302
123.2117105,47.4248752,16.345,16.571,12.782,9.110
128.6674068,15.7862861,13.050,12.759,8.792,6.178
128.6838411,15.7910192,14.560,14.213,10.289,7.866
128.7059685,15.7977178,13.897,13.030,9.956,8.247
129.7181907,1.3990787,11.466,10.923,6.425,3.491
129.7312628,1.4128072,16.126,15.898,12.611,8.879
134.3004493,39.2550553,15.456,14.322,12.040,8.423
134.3486402,39.2675276,14.212,14.033,10.748,8.679
137.1614925,30.8893682,14.908,14.793,11.246,8.921
137.1624085,30.8783133,14.699,14.567,10.750,8.519
137.1678286,30.8900785,15.935,16.189,12.326,8.904
137.1822037,30.8914131,13.372,13.261,9.573,7.888
139.9006383,55.5794715,14.096,13.816,9.939,7.730
139.9355670,55.5924022,15.360,15.409,11.862,8.652
139.9482712,55.5682423,15.594,15.297,11.095,8.668
139.9712236,55.5780376,15.388,15.403,12.200,9.091
143.0164613,16.0136630,15.748,15.895,12.287,8.889
143.0318193,15.9981974,14.819,14.582,10.837,8.659
143.0456187,15.9887041,14.896,14.827,11.268,8.471
145.4337595,37.1226768,17.437,16.326,12.452,8.740
145.4555390,37.1134281,13.919,13.690,10.447,8.331
146.1253283,28.5340185,16.493,16.751,12.614,8.941
146.1284114,28.5403297,14.823,14.724,11.494,8.189
151.7116528,53.4371732,14.568,14.351,10.893,9.162
151.7218235,53.4611803,15.548,15.354,12.166,9.093
151.7370039,53.4262847,16.837,17.185,12.919,9.198
152.0065176,42.9578482,15.645,15.578,12.048,8.137
152.0196632,42.9319187,13.445,13.198,9.094,7.273
152.6464573,64.2229504,13.815,13.517,9.251,6.598
152.6525960,64.2118528,14.272,13.510,8.630,5.326
152.6613373,64.2261367,12.495,12.209,7.893,5.513
153.2432961,17.0307922,13.573,13.392,9.560,7.648
153.2551295,17.0342624,10.387,10.063,5.525,3.291
153.2741966,17.0438201,13.504,13.445,10.033,7.629
154.5928911,49.8418462,15.155,14.965,11.655,8.615
154.6164691,49.8453935,13.944,13.555,9.613,7.633
154.6476769,49.8598970,15.317,15.030,10.963,8.831
155.6195972,36.5652883,16.084,15.735,12.082,8.949
155.6250902,36.5992708,11.200,11.245,9.499,7.976
155.6260539,36.5910182,14.785,14.635,10.830,8.725
155.6329149,36.5873858,14.189,14.153,12.284,8.501
155.9373246,33.4140607,14.401,14.042,10.081,7.947
155.9428068,33.4141050,13.896,13.458,9.180,6.762
155.9665090,33.4051834,14.139,13.781,9.628,7.703
157.0206877,31.2304283,15.618,15.246,11.777,8.447
157.0303224,31.2296214,14.305,13.358,10.422,8.080
157.0346150,31.2068640,15.547,15.183,12.022,8.880
160.0996875,24.2368273,15.453,15.285,11.770,8.726
160.1055532,24.2288917,15.046,14.965,12.009,8.446
160.1175666,24.2346569,13.467,13.301,9.705,7.839
161.0694406,2.7877909,12.805,12.783,10.165,8.515
161.0744126,2.8014455,13.729,13.456,9.755,7.860
161.0837626,2.8055102,11.354,10.278,7.168,4.482
161.5820937,43.0348234,15.800,15.978,12.640,9.053
161.5870044,43.0201015,13.109,12.770,8.261,5.880
161.7856740,-2.3588637,12.148,11.969,9.828,7.677
161.7984765,-2.3108906,14.126,13.912,10.156,8.474
161.8018873,-2.3329115,13.642,13.453,9.530,7.697
161.8033713,-2.3437057,15.688,15.319,12.628,9.023
162.9885982,45.6075861,14.812,14.599,11.427,9.222
162.9985745,45.5934556,14.317,14.051,11.126,8.574
163.0087662,45.5906236,16.647,16.157,12.353,8.866
164.8595934,4.4297621,13.900,13.795,10.191,7.853
164.8642451,4.4449268,15.019,15.087,11.127,9.019
164.8664488,4.4509567,15.964,16.412,12.371,8.836
164.8721015,4.4514322,16.642,16.613,12.359,8.535
165.2819551,16.7691331,10.408,10.465,10.354,8.928
165.2900732,16.7524420,16.373,17.070,12.381,8.943
165.3027300,16.7242228,12.995,12.963,9.586,7.566
167.5127990,-1.0055927,13.672,12.981,9.484,7.133
167.5166970,-1.0049265,14.697,14.267,10.013,7.700
167.5261093,-1.0212624,14.728,14.030,9.934,7.139
167.5390851,-1.0134510,13.902,13.554,9.628,7.434
167.9825195,29.4330254,16.015,15.517,11.711,8.991
167.9983635,29.4277284,14.245,14.152,10.856,8.919
168.0022296,29.4059579,14.605,14.547,11.689,8.974
168.0199060,29.4015805,16.047,16.055,12.580,8.891
168.4131494,39.3354512,13.324,13.117,9.662,7.904
168.4285424,39.3336604,15.976,15.908,11.954,8.726
168.4367141,39.3277660,13.413,13.173,9.082,6.442
168.4555458,39.3463137,14.644,14.459,11.019,8.645
169.5033613,30.5405989,14.842,14.685,11.506,8.159
169.5256056,30.5304534,14.331,14.065,10.535,8.662
169.5321865,30.5202151,15.608,15.497,11.556,8.538
169.9182656,-6.5179767,14.709,14.399,10.510,8.079
169.9193060,-6.4995653,14.068,13.809,9.793,7.996
169.9234375,-6.5247868,16.480,16.652,12.491,8.900
170.4996524,42.8019692,16.493,17.376,12.471,8.856
170.5303906,42.7916435,14.647,14.413,10.329,8.475
170.5332866,42.7995912,14.744,14.542,10.734,8.676
170.6734076,46.8752474,15.694,15.628,12.715,8.942
170.6782126,46.8757476,14.428,14.135,9.845,8.308
170.6800632,46.8549854,14.759,14.540,10.800,8.414
170.6911849,46.8907625,15.734,15.659,11.811,8.803
171.9512286,-0.4831875,15.029,14.886,12.559,8.920
171.9601660,-0.4511197,15.682,15.308,11.621,8.968
171.9633780,-0.4701205,12.330,12.232,8.455,6.577
171.9805357,-0.4724930,14.667,14.454,10.799,8.526
172.9370635,15.4089458,13.419,12.991,8.513,6.093
172.9412971,15.4176675,14.517,14.295,10.560,8.503
172.9441423,15.3892096,13.946,13.797,9.977,8.311
172.9538341,15.4068110,13.121,12.807,8.439,5.848
173.8308095,54.9501683,14.707,14.390,10.688,8.846
173.8534709,54.9635047,14.559,14.448,11.071,8.442
173.8595839,54.9596836,13.847,13.672,9.773,7.688
174.1517051,21.6785805,13.287,13.098,8.831,6.391
174.1568635,21.6898702,14.022,13.801,9.639,7.600
174.1677779,21.7001180,15.154,15.007,11.370,8.374
174.1897207,21.7100318,13.624,13.587,10.266,7.993
174.2468443,12.4482691,14.243,13.923,9.779,8.452
174.2546788,12.4570627,13.806,13.423,9.483,7.007
174.2605056,12.4593105,14.369,13.927,9.466,6.969
174.2654686,12.4581666,16.063,15.794,12.234,8.554
174.7288584,3.5809129,11.708,11.624,7.978,5.842
174.7307603,3.6006383,15.017,14.814,12.222,8.666
178.3428637,58.1327856,13.966,13.721,9.999,8.144
178.3505090,58.1318336,14.509,14.248,10.143,7.697
178.3601279,58.1124330,12.902,11.811,7.723,4.855
178.3957816,58.1214297,14.533,14.276,10.185,7.855
178.4515809,51.0118835,14.195,13.977,10.936,8.796
178.4624615,51.0312198,12.851,12.744,9.550,8.185
178.4815392,51.0563087,15.703,15.282,11.837,8.964
178.4896464,51.0478725,13.596,13.160,8.976,6.850
179.0865523,25.3751108,13.677,13.544,10.549,8.524
179.1824621,22.4985032,15.114,14.849,10.795,8.764
179.1850578,22.5040847,15.036,14.753,10.878,8.811
179.1949666,22.4978883,15.652,15.557,12.191,8.984
182.5042453,44.6606470,14.878,14.693,11.926,9.123
182.5348368,44.6519391,17.157,16.085,11.317,7.912
182.5601482,44.6658496,13.687,12.844,9.002,6.010
183.4322422,42.7770349,15.638,15.315,11.464,8.512
183.4431926,42.7791283,15.863,15.634,11.820,9.099
183.4583734,42.7524359,13.958,13.582,9.414,7.569
183.7897239,41.2690292,13.927,13.855,12.228,9.177
183.7916145,41.2884282,15.047,14.762,10.895,8.828
184.4295022,20.7418098,13.808,13.148,8.999,6.865
184.4356414,20.7414751,14.446,14.184,10.456,7.572
184.4397190,20.7373447,14.376,13.821,9.482,6.251
184.4439397,20.7544384,13.152,13.047,10.102,8.601
184.9054186,65.0911819,15.055,14.921,11.775,8.842
184.9179453,65.1227800,15.816,15.559,11.576,9.065
184.9331728,65.1015040,14.672,14.553,10.533,8.734
184.9682384,65.1024753,15.037,14.737,11.202,8.893
186.9570284,36.3491769,14.749,14.732,11.287,8.593
186.9658602,36.3651202,14.961,14.725,11.307,8.598
186.9814066,36.3627746,15.957,15.870,12.630,9.162
187.2916541,38.9308648,13.404,13.349,10.861,8.253
187.3199539,38.9365524,16.883,16.689,12.582,9.083
187.3212533,38.9545770,16.930,16.948,12.683,8.971
187.3239582,38.9469397,16.195,16.009,12.129,8.713
188.4075735,19.8661892,13.276,12.981,8.848,7.004
188.4131501,19.8787409,15.092,14.835,11.002,8.448
188.4353846,19.8652845,16.031,15.558,12.340,8.621
190.3042479,18.3026743,14.080,13.909,10.252,8.521
190.3135036,18.3040359,16.971,16.511,12.618,8.352
190.3347778,18.3064123,14.208,14.080,11.437,8.413
190.3226789,52.7967179,14.862,14.655,11.253,8.744
190.3618740,52.7993548,16.092,16.063,12.645,9.442
190.3694450,52.8127691,15.210,15.077,11.820,8.795
190.3946737,52.8107194,14.723,14.573,10.706,8.857
191.2625378,35.6505503,15.043,14.598,10.875,8.444
191.2647917,35.6225807,15.677,15.337,11.584,8.845
191.2711543,35.6444451,15.217,14.764,11.234,8.264
191.2734658,35.6643244,16.893,17.019,12.536,8.837
191.2888300,23.0389976,14.296,14.139,10.685,8.491
195.7292275,5.5207715,13.298,13.058,9.089,7.247
195.7339895,5.5119786,14.738,14.512,10.246,7.330
195.7357690,5.5172620,13.453,13.204,9.343,6.852
196.2460430,40.7777962,15.205,14.364,11.292,9.062
196.2626461,40.7647012,12.433,12.080,7.608,5.040
196.2693996,40.7476435,13.687,13.498,9.526,7.563
196.2815036,40.7555929,16.442,16.324,12.694,8.965
196.7336887,40.0349311,15.632,15.392,12.567,8.793
196.7405608,40.0210749,14.357,14.104,9.811,7.969
196.7464197,40.0254658,16.036,15.941,12.324,8.845
196.7568781,40.0252745,13.617,13.319,9.307,6.857
197.1819617,28.8910087,15.084,14.981,11.342,9.272
197.4529134,30.4294356,15.308,15.186,11.515,8.734
197.4721179,30.4286797,16.688,16.336,13.025,9.209
197.4830451,30.4214854,15.461,15.288,12.644,9.060
197.9820995,59.8299449,14.458,14.300,10.662,9.016
198.0057975,59.8324552,16.179,15.873,12.605,9.056
198.0287875,59.8321584,15.472,15.241,11.663,8.719
198.2610997,12.6973587,13.221,13.111,9.566,8.435
198.2802193,12.6613030,14.156,13.775,10.354,8.621
198.2811521,12.6837310,15.650,15.530,11.968,8.997
198.4354095,6.9920721,11.155,10.984,7.000,5.004
198.4551508,6.9626288,13.571,13.483,9.961,8.130
198.5665216,17.2341365,14.168,13.903,9.823,7.953
198.5740156,17.2181522,16.375,15.953,12.593,9.078
198.5766071,17.2044153,12.311,12.022,7.578,5.293
198.5775604,17.2470863,16.153,15.948,12.685,8.903
198.6642534,21.8090209,14.252,14.023,10.132,8.504
198.6729705,21.7930354,12.639,12.384,8.128,5.947
198.6869650,21.8154989,15.796,15.415,11.865,8.901
199.6984692,33.5311227,14.415,14.170,10.815,8.705
199.7298715,33.5506911,15.530,15.465,12.399,9.019
200.1708457,34.1842959,13.326,13.183,10.093,8.516
200.1958601,34.1927198,13.462,13.272,9.440,7.633
200.2161757,34.1991454,13.527,13.318,10.528,8.944
200.2379140,34.2136382,13.760,13.558,10.696,8.701
202.0120763,31.9587888,12.122,12.153,10.295,8.450
202.0160621,31.9135396,15.162,15.034,11.209,8.736
202.0188450,31.9537215,16.893,16.432,12.509,9.073
202.0282085,31.9322440,14.352,14.285,11.197,8.787
202.4859256,9.4433153,13.773,13.640,10.231,7.667
202.4913406,9.4108008,13.335,13.105,9.197,7.163
202.4943348,9.4034678,13.297,13.130,9.601,7.478
203.3178267,11.0759761,16.606,17.250,12.766,9.043
203.3288788,11.1171537,12.838,12.724,9.005,6.729
203.3395514,11.1023818,15.686,15.505,11.771,8.533
203.6864386,33.8904217,11.830,11.917,10.805,8.477
203.7142496,33.8892980,14.682,14.560,10.925,8.747
203.8034942,80.5281905,14.007,13.728,9.733,6.913
203.9232876,80.5109495,12.597,12.373,8.091,6.074
203.9330097,80.5049581,13.550,13.401,9.783,7.425
204.8738745,4.5113781,14.537,14.352,11.463,8.859
204.8797183,4.5132387,15.785,15.678,12.726,8.887
204.8840617,4.5080777,16.818,16.736,12.839,8.919
206.3662314,18.2010664,13.793,12.763,10.395,8.104
206.3739429,18.2224664,13.861,13.646,11.822,8.665
206.3781046,18.2384833,14.420,14.182,9.962,7.743
206.3909333,18.2307179,15.265,15.058,10.959,8.202
206.8467392,-30.4176558,11.594,11.637,10.786,8.973
206.8502786,32.5333320,14.081,13.778,10.153,8.201
206.8631780,32.5055001,14.880,14.606,12.089,8.551
206.8669661,32.5243338,14.013,13.635,9.593,7.717
206.8798068,32.5065389,14.210,13.654,10.066,7.884
207.3302081,21.6832703,16.231,16.275,12.216,8.458
207.3475246,21.6976129,15.367,15.392,12.086,8.763
207.3611445,21.6923922,15.384,14.234,11.833,8.952
208.8225696,6.5620164,13.383,13.284,10.603,8.448
208.8381203,6.5562411,14.501,14.324,10.782,7.898
208.8462490,6.5483769,15.749,15.443,12.296,9.314
210.4629571,-3.1903083,16.248,16.165,12.712,8.621
210.4669759,-3.2052191,14.484,14.298,10.604,8.542
210.5990500,54.4868257,16.846,16.343,12.987,9.022
210.9721041,26.3668286,15.244,14.945,10.867,8.655
210.9745198,26.3604508,14.326,13.983,10.188,7.989
210.9836138,26.3722999,13.772,13.545,9.779,8.062
211.1886936,24.1928473,14.239,14.026,9.864,7.792
211.2174097,24.1722945,16.253,16.242,12.719,9.329
211.6824981,47.2750266,16.279,15.900,12.894,9.241
211.6852021,47.2672550,13.028,12.678,8.482,6.721
211.6883295,47.2921840,16.246,16.075,12.444,9.331
211.7026429,47.2861420,15.094,14.420,11.577,8.829
212.8342869,-29.6368948,16.173,16.188,12.228,8.801
212.8614064,-29.6357551,13.661,13.570,9.841,8.229
213.2155302,23.3322685,15.718,15.688,12.768,8.848
213.2258852,23.3375704,16.121,15.920,12.904,9.110
213.2377299,23.3180542,14.376,14.159,10.475,9.137
215.5024565,28.8639978,15.633,15.456,12.962,8.905
215.5174134,28.8666745,16.398,16.679,13.125,8.799
216.5356940,29.7267009,14.590,14.325,10.337,8.087
216.5452360,29.7453067,15.665,15.498,12.750,9.316
216.5532831,29.6944998,13.275,13.146,9.475,7.688
219.2209617,12.1613198,13.223,13.131,10.864,8.856
219.2210408,12.1390608,14.152,13.971,10.209,8.160
219.2653100,12.1763318,13.935,13.053,10.681,8.773
219.6912496,9.0409179,15.118,14.912,11.111,8.457
219.7153362,9.0469413,13.669,13.468,9.595,7.855
219.7306925,9.0551479,14.385,14.104,10.095,8.048
220.7544788,61.3050377,14.107,13.930,9.972,7.945
220.7603871,61.3171295,14.333,14.341,12.644,9.439
220.7721721,61.3107372,12.029,11.770,7.927,5.548
220.7842314,61.3207508,11.890,11.117,7.159,4.330
222.6833490,21.7540478,15.386,15.214,11.887,9.537
222.6980155,21.7555982,16.966,17.254,12.683,9.344
222.7212057,21.7470378,13.599,13.434,10.036,8.469
222.7341229,21.7368532,13.706,13.583,10.671,9.085
224.6659391,53.8859766,9.796,9.797,9.084,7.730
224.7056375,53.8711538,13.919,13.765,11.077,8.918
226.2573633,8.7095075,13.286,13.083,9.019,7.127
226.2742733,8.7171377,14.736,14.629,11.328,8.788
226.8570352,28.8473912,15.514,15.384,11.862,9.470
226.8778048,28.8473549,13.075,12.163,9.673,7.504
226.9098614,28.8141070,13.798,13.589,10.073,7.537
227.2412792,61.9471159,14.651,13.502,10.707,8.282
227.2622941,61.9522161,15.777,15.876,12.402,8.970
227.2730435,61.9336390,15.206,14.982,11.321,8.518
227.3060867,61.9366426,14.416,14.147,10.595,8.590
227.7602172,39.4652430,14.587,13.623,10.793,8.520
227.7771184,39.4641997,13.674,13.389,9.218,7.188
227.7833753,39.4816284,14.059,13.837,10.082,8.016
228.1467875,26.5611014,15.997,16.023,12.741,9.260
228.1698205,26.5748971,15.844,15.753,12.558,8.889
228.1875688,26.5804340,16.051,15.721,13.001,9.570
228.5629514,46.1176255,14.569,14.370,10.721,7.985
228.5660846,46.1223690,15.304,15.140,11.645,8.554
228.5883007,46.1123553,15.136,15.017,11.787,9.149
228.5970775,46.0976969,14.794,14.594,10.839,8.831
230.1573853,30.4784763,14.820,14.489,10.376,8.330
230.1590800,30.4715452,13.422,13.279,9.758,7.616
230.1779832,30.4613367,15.002,14.757,11.181,9.485
230.1988093,30.4554108,13.095,12.940,9.670,8.256
230.9218895,2.6667506,12.281,12.104,8.257,6.475
230.9415406,2.6703343,13.699,13.570,10.755,8.416
230.9601412,2.6725729,14.401,14.154,10.560,8.695
230.9616742,2.6660084,14.371,14.060,9.762,7.586
232.7800169,3.8381343,14.930,14.037,10.688,8.384
235.7850403,53.2463802,15.462,15.420,12.106,9.361
235.7918038,53.2246909,15.466,15.236,11.613,9.415
235.7952989,53.2033204,16.738,17.051,12.775,9.347
236.4355475,44.2635932,15.826,15.509,12.879,9.513
236.4558324,44.2608674,15.873,15.921,12.991,9.622
237.7081531,34.0769582,13.277,13.077,8.853,7.127
237.7281376,34.0830891,12.642,12.458,8.493,6.262
237.7409056,34.1019211,13.040,12.907,9.628,7.529
237.7487075,34.1233802,14.677,14.416,10.761,8.826
238.3664663,20.9680541,15.112,14.938,11.540,8.533
238.3772120,20.9535013,13.838,13.671,10.107,7.281
238.3789985,20.9837843,14.596,14.465,11.736,8.422
238.3841553,20.9637989,16.439,16.144,12.670,8.630
238.6554759,30.1053244,14.588,14.375,10.961,9.144
238.6597729,30.1244985,14.484,14.266,10.350,7.978
238.6711056,30.1348417,15.600,15.418,11.999,9.645
241.1471602,26.6306685,15.280,14.848,10.657,7.919
241.1583718,26.6164336,14.020,13.829,10.825,8.316
241.1728746,26.6260724,15.487,15.161,11.432,8.852
241.1896001,26.6218574,13.718,13.353,9.191,7.458
244.1715966,56.3692685,16.035,15.719,13.198,9.312
244.1879468,56.3540861,13.184,12.921,8.990,7.137
244.1966685,56.3410233,16.132,15.894,12.207,9.241
244.2168239,56.3282319,14.733,14.580,10.850,9.102
244.4197860,41.8991741,12.915,12.850,10.806,9.050
244.4470216,41.8937062,15.506,15.275,13.332,9.339
244.4554307,41.9095512,15.567,15.409,13.087,9.273
245.8136386,15.8090715,14.618,14.307,10.501,7.506
245.8168325,15.8170502,15.676,15.418,11.615,8.294
249.9051118,39.5140269,14.539,14.359,11.055,9.189
249.9230100,39.5166031,16.333,16.200,12.937,8.854
249.9316705,39.5419729,15.736,15.236,10.770,7.116
261.6347760,32.2429029,15.410,15.262,11.926,9.085
261.6463413,32.2230722,14.460,13.257,10.257,7.808
261.6701186,32.2197050,15.275,15.014,11.901,8.672
261.6768029,32.2096434,14.713,14.464,10.542,8.806
303.7259057,-66.2885489,15.025,14.909,11.294,8.780
303.7410131,-66.2874802,15.801,15.498,11.723,8.511
303.7504199,-66.2794438,14.166,14.017,10.440,8.207
303.7584893,-66.2868932,14.580,13.930,9.636,6.522
312.4593971,-48.9096925,14.770,14.630,11.394,8.612
312.5015426,-48.9165970,13.746,13.551,9.541,7.557
312.5096503,-48.8982202,15.450,15.218,11.497,8.431
314.4727738,-24.9622314,14.534,14.333,11.577,8.310
314.4895833,-24.9480479,13.620,13.263,9.144,6.270
314.4941742,-24.9628236,14.336,14.105,9.933,7.534
314.6753688,-48.5663045,13.897,13.670,9.940,8.149
314.8555127,-60.6572327,13.091,12.867,8.541,6.488
314.8656204,-60.6798117,13.476,13.286,9.004,7.233
314.8858041,-60.6488744,15.221,15.562,12.861,9.035
319.3495190,-35.9220080,14.976,14.913,11.917,8.913
319.3557725,-35.9179163,15.001,14.672,11.895,8.353
319.3614148,-35.9260113,14.911,14.582,10.930,8.097
319.4922085,-50.7455769,13.183,13.211,12.162,8.852
319.5052633,-50.7393411,14.554,14.083,9.746,7.837
319.5441897,-50.7572349,13.155,13.029,10.296,8.320
322.3153305,-31.0236747,14.443,14.230,10.063,7.585
322.3181292,-31.0289935,15.216,14.873,11.144,8.251
322.3235039,-31.0387966,15.595,15.378,11.639,8.985
326.1569493,-20.0860718,13.854,13.724,10.528,8.088
326.1687599,-20.0588584,13.221,12.864,8.340,5.381
326.1802275,-20.0566835,15.598,15.351,11.782,8.950
327.7088012,-61.7246992,15.530,15.519,12.661,9.106
327.7101963,-61.7442503,12.397,12.068,7.693,5.288
330.1682268,-42.8185080,13.940,13.721,9.760,8.080
330.1806437,-42.8214017,12.437,12.110,7.914,5.080
330.2107307,-42.8288803,14.772,14.662,11.242,8.162
330.6066706,-22.8866986,13.240,13.114,9.959,7.641
330.6105416,-22.8992212,13.758,13.507,9.311,7.557
330.6320848,-22.8902566,13.557,13.138,10.474,7.868
330.6448357,-22.9005863,15.256,14.995,11.998,8.531
332.1285897,-57.3010799,14.928,14.783,11.490,8.359
332.1321144,-57.2829693,16.770,16.945,12.391,9.032
332.1453696,-57.2939646,14.232,13.891,9.457,6.840
332.2475578,17.8390752,14.024,13.987,11.929,9.057
332.2561268,17.8213016,12.221,12.191,8.640,6.791
332.2606440,17.8386398,12.126,12.073,8.487,6.252
334.5338657,-25.6670905,15.874,15.648,12.043,8.777
334.6863767,-24.1987587,15.114,15.162,11.099,8.233
335.1685708,-69.7537967,14.857,14.608,10.975,8.406
335.1923753,-69.7712855,13.521,13.010,8.874,6.929
335.2126958,-69.7816382,14.342,14.280,11.151,8.106
335.2544054,-69.8000597,13.985,13.643,9.426,6.913
335.5829368,-61.2946004,14.041,13.754,9.963,8.514
335.5997617,-61.2798833,12.355,12.247,8.703,7.003
335.6026751,-61.2648358,15.210,14.984,11.191,8.543
335.6320935,-61.2958646,14.967,14.234,11.290,8.990
336.3578809,-27.7013791,12.010,11.888,8.077,6.037
336.3655330,-27.7024050,13.465,13.043,8.905,6.257
336.3830761,-27.7015321,15.590,15.659,11.904,8.125
336.3838174,-27.7080055,12.205,12.103,8.127,6.082
336.4881670,-11.1422159,14.957,14.610,10.798,8.780
336.5157939,-11.1191475,13.199,13.031,9.113,6.202
336.5307797,-11.1295957,14.077,13.860,10.194,8.344
338.0579474,-25.4534144,13.511,13.403,9.853,7.688
338.0779850,-25.4482473,15.671,15.231,11.724,8.616
338.0910643,-25.4294573,13.186,13.174,10.331,8.858
338.1124501,-25.4263740,11.959,11.786,8.263,5.649
338.2641090,-60.9114804,16.794,16.650,12.138,8.585
338.2875247,-60.9251552,14.044,13.893,10.270,8.402
338.3103921,-60.9286827,14.659,14.496,10.765,7.908
338.3209276,-60.9259708,12.834,12.775,9.948,8.266
339.9415630,-47.4911179,15.229,14.850,11.210,8.579
339.9703753,-47.4856842,14.672,14.326,10.325,8.778
339.9873900,-47.4794224,14.700,14.444,11.093,8.971
340.1239336,-38.3549927,15.500,15.271,11.899,8.836
340.1303153,-38.3545496,14.402,14.233,10.911,8.193
340.1375324,-38.3929459,13.955,13.735,10.438,8.481
340.1457835,-38.3730492,16.920,16.629,12.107,8.482
340.7883964,-34.6363632,15.229,15.051,11.799,8.724
340.8071042,-34.6122793,14.393,14.152,10.456,8.233
340.8098383,-34.6217619,13.201,13.055,9.768,7.863
343.1983536,-24.9452368,12.441,12.289,9.229,7.476
343.2062201,-24.9654753,14.341,14.059,10.430,8.050
343.2214499,-24.9743587,15.998,15.966,12.175,8.485
343.2291501,-24.9896349,15.820,15.487,12.535,9.035
343.5472873,-18.1596698,14.677,14.538,10.663,8.273
343.5709587,-18.1563333,16.084,15.894,12.050,8.568
344.0093064,-55.6078749,14.117,13.340,10.728,8.118
345.3630874,-20.0369384,14.658,14.257,10.670,8.667
345.3655092,-20.0304009,15.260,14.939,11.511,8.771
345.3777353,-20.0503010,16.155,16.027,12.317,8.922
345.3875388,-20.0541113,14.863,14.509,11.834,8.756
347.4357291,-48.5629260,15.018,14.864,10.922,8.371
347.4447834,-48.5538116,14.400,14.237,10.460,8.832
347.4462531,-48.5846211,15.046,14.691,10.851,8.418
351.9076993,-47.0306678,15.602,15.504,11.656,8.395
351.9120073,-47.0509134,16.261,16.436,12.156,8.956
351.9165595,-47.0686460,16.541,16.403,12.591,9.032
351.9253943,-47.0408858,13.462,13.257,9.358,6.943
352.3675839,-32.4476124,14.091,13.704,9.830,8.109
352.3714194,-32.4273843,15.481,15.069,11.685,8.808
352.5292785,-44.1966934,14.236,12.920,10.088,7.914
352.5343447,-44.2056682,14.249,13.898,10.199,8.452
352.5591316,-44.1771015,17.216,16.649,12.535,8.938
353.1659909,-13.2239494,16.549,16.202,12.224,8.558
353.1755216,-13.2006261,15.156,15.020,11.756,8.876
353.1806948,-13.1896062,15.761,15.375,12.102,8.900
353.7522665,-47.9624214,14.126,13.240,10.414,8.208
353.7836775,-47.9719889,15.508,15.492,12.361,8.516
354.8725439,-38.6827808,14.105,13.950,10.937,9.117
354.8840344,-38.6672303,14.767,14.120,9.829,7.021
354.9000831,-38.6661060,14.170,13.850,11.075,9.117
355.7128526,-13.0685433,14.852,14.694,10.854,8.604
355.7278008,-13.0600735,15.537,15.199,11.402,8.239
355.8838505,-22.4681824,16.287,15.752,12.557,8.553
355.9020388,-22.4639570,15.230,15.056,12.031,9.115
356.0772485,-26.0399452,15.120,15.005,11.475,8.683
356.0797153,-26.0174811,13.393,13.150,9.010,7.253
356.0970488,-26.0341056,15.644,15.366,12.256,8.430
357.5062937,-47.1476043,16.163,15.984,12.391,8.909
357.5177883,-47.1714371,12.587,11.901,8.478,6.094
357.5307374,-47.1908173,12.485,12.393,9.328,6.889
357.5591184,-47.1795218,13.754,13.449,9.720,8.169
357.8026204,20.5762477,14.816,14.564,11.212,8.794
357.8614829,20.5861845,9.671,9.198,4.716,1.690
358.7612329,-50.0465296,13.564,13.341,9.398,6.947
358.7776220,-50.0783008,14.836,14.179,10.479,8.417
358.7783993,-50.0632727,15.034,14.933,11.647,8.988
359.8377151,-20.3882122,14.439,14.179,10.327,8.489
359.8578840,-20.3867368,15.036,14.755,10.878,7.873
359.8673542,-20.3954107,14.045,13.750,9.497,6.508
359.8747056,-20.4023739,15.395,15.059,11.220,8.608
4.2356039,-51.0691643,13.001,12.752,8.842,7.062
4.2488506,-51.0389280,14.100,13.850,10.237,8.272
4.2671996,-51.0650000,15.661,15.570,12.823,9.225
4.2843652,-51.0454629,15.539,15.172,11.488,8.619
6.3418324,-21.6305793,16.671,16.491,11.800,8.900
6.3419915,-21.6252357,14.634,14.497,11.073,8.740
6.3485959,-21.6646842,14.761,14.523,10.802,8.872
6.3654294,-21.6722943,13.347,12.833,8.430,5.999
26.5501659,-7.3495615,16.682,16.502,12.633,9.067
26.5896829,-7.3243049,15.128,15.000,12.183,8.773
26.5900046,-7.2997010,14.229,13.184,10.394,7.604
26.5985516,-7.3404760,15.251,14.990,11.695,8.506
27.4639328,-27.8215772,15.871,15.633,12.182,8.434
27.4690069,-27.8203067,14.122,12.876,9.891,7.447
27.4857674,-27.8188576,11.470,11.344,7.334,5.332
27.4914531,-27.8121147,13.139,12.907,8.986,7.000
27.5001127,-27.8180639,16.098,15.921,12.531,8.971
36.8090276,-3.8771188,14.125,14.049,10.992,8.910
36.8201388,-3.8644147,13.271,13.199,11.671,8.591
36.8231690,-3.8995059,12.233,12.167,9.386,7.627
43.7616845,-21.5867799,15.925,15.820,12.541,9.502
43.7789081,-21.5857857,12.841,12.647,8.992,7.311
43.7909487,-21.5939132,12.043,11.901,8.131,5.338
57.4866995,-15.3029670,16.689,16.840,12.671,9.113
57.4982198,-15.2967592,14.266,13.946,9.864,7.882
57.5111502,-15.3186015,14.599,13.733,10.987,8.512
57.5264981,-15.2960370,14.689,14.449,11.050,8.869
66.3751235,-64.4484841,15.699,15.306,10.867,8.061
66.3757848,-64.4618695,15.169,14.945,11.284,7.880
66.4319843,-64.4639884,16.468,16.254,12.637,9.381
66.4639601,-64.4733100,16.417,16.297,12.370,8.828
66.7157617,-49.1161096,14.425,14.141,10.068,7.800
66.7281053,-49.1176283,16.497,16.562,12.447,9.130
66.7313956,-49.1250079,14.449,14.293,10.743,8.636
66.7721095,-49.1150420,11.559,10.889,6.499,3.533
69.2652990,-46.7066779,14.408,14.250,10.966,8.646
69.2760766,-46.6979043,15.261,15.145,12.168,9.199
69.2964869,-46.6852091,15.459,14.109,11.502,9.165
69.3140366,-46.6700322,15.259,15.060,11.489,8.791
69.3189114,-46.6842080,12.148,11.727,8.090,5.978
71.5028354,-62.4023954,13.231,13.025,9.117,7.366
71.5552889,-62.3976463,12.146,11.947,7.711,5.489
71.5712938,-62.4040933,10.857,10.555,6.139,4.208
75.3005528,-18.2044270,12.998,12.711,8.428,6.322
75.3133242,-18.1822163,14.747,14.737,12.490,9.177
75.3248847,-18.1968711,15.394,15.388,11.811,8.392
75.3387882,-18.1923187,14.232,13.973,9.975,8.051
80.6908607,-31.9629877,14.603,14.451,10.778,8.635
80.7093711,-31.9428409,16.961,16.977,12.606,8.853
80.7145807,-31.9324162,14.529,13.932,11.289,8.581
80.7149194,-31.9553627,15.320,14.884,11.610,8.618
135.2504265,45.4381361,13.299,13.141,9.384,7.672
135.2579221,45.4750953,15.427,15.277,12.035,8.569
135.2589121,45.4887248,14.380,14.226,10.495,8.211
135.2589759,45.4610063,14.747,14.588,10.658,8.017
135.2694771,45.4431983,16.801,16.534,12.596,8.837
142.0101548,26.5149695,15.074,14.814,10.942,8.630
142.0107332,26.5166798,15.123,15.111,11.822,7.930
142.0259248,26.4937657,16.315,16.239,11.800,8.143
142.0325451,26.4924514,13.868,13.621,9.500,7.098
144.1325884,59.3983821,11.567,11.298,6.859,4.638
144.1324700,59.4050480,13.738,13.415,9.107,6.353
144.1358373,59.3768217,13.768,13.583,9.523,7.943
144.1558090,59.4128417,14.590,14.337,10.660,8.548
146.8656790,30.3865268,17.741,16.777,12.335,8.999
146.8827674,30.3985039,15.243,15.233,12.248,8.602
146.8886480,30.4338901,13.986,13.741,10.222,8.414
149.9036589,13.7113127,14.176,13.853,9.950,7.897
149.9049916,13.6952560,14.423,14.251,12.395,8.715
149.9116794,13.7103170,15.686,15.631,12.131,8.841
149.9351696,13.7077562,13.844,13.766,11.649,7.596
176.2041514,19.8084944,13.911,13.778,9.782,8.217
178.4259892,21.2062713,15.112,14.701,10.568,8.341
178.4396321,21.2203626,14.812,14.308,10.210,8.223
178.4577138,21.2193086,12.658,12.545,8.575,6.311
178.4760110,21.2500467,13.855,13.684,9.692,7.967
182.1726146,41.0760278,14.761,14.474,10.532,8.671
182.1822805,41.1024861,13.919,13.743,10.884,8.422
182.1915014,41.1220822,15.788,15.840,12.074,8.730
195.0114228,33.4521364,15.315,15.070,11.263,8.994
195.0146048,33.3933467,14.862,13.499,10.604,8.297
195.0224756,33.4160592,16.937,16.326,12.095,8.633
195.0339324,33.4376637,15.226,15.042,11.854,8.778
199.8698978,14.0884091,14.937,14.692,10.601,8.785
199.8822746,14.0925556,13.567,12.966,11.054,8.349
199.8912148,14.1084543,15.006,14.795,11.766,8.803
202.9401687,37.4743856,13.271,13.076,9.280,7.289
202.9815806,37.4684278,16.487,16.656,12.882,9.267
202.9896681,37.4272041,14.507,14.307,10.902,8.945
202.9907477,37.4506367,16.496,16.318,12.601,8.981
203.0283124,-38.8911646,13.287,13.177,9.786,8.115
203.0300864,-38.8774549,14.154,13.362,10.791,8.330
203.0602318,-38.8703672,13.251,13.114,9.584,8.155
203.0632318,-38.8869454,13.149,12.837,8.462,6.226
206.8639864,-30.3717540,14.420,14.243,10.031,8.350
210.5592343,7.6936129,15.427,15.335,11.946,9.253
210.5732815,7.6841237,10.898,10.725,6.683,4.300
210.6007783,7.6863660,13.816,13.593,10.373,7.813
211.0345984,54.2539324,17.283,16.948,12.839,9.425
211.8376980,12.6945946,14.238,13.971,10.571,8.660
211.8388194,12.7196919,15.549,15.428,12.569,9.263
211.8554389,12.7212474,15.243,14.763,10.964,8.817
211.8743523,12.7351374,14.091,13.951,10.259,8.632
233.2730743,12.8777197,13.088,12.754,8.750,6.241
233.2886199,12.8705502,16.078,15.985,12.761,9.281
233.2957457,12.8798794,14.484,14.184,10.100,8.094
233.3172162,12.8901462,14.990,14.849,11.048,8.770
243.2774987,8.5656033,15.533,15.500,12.547,8.058
243.2825594,8.5618809,13.965,13.704,9.343,6.248
243.3032963,8.5495285,13.664,13.457,9.397,7.658
243.3142163,8.5342680,14.873,14.593,11.027,8.131
243.3343402,8.5282097,15.588,15.382,11.813,8.746
249.3868182,54.9822522,14.788,14.551,10.811,8.750
249.4081991,54.9680563,16.470,16.451,13.233,9.722
249.4145873,54.9620024,16.303,15.987,12.929,9.258
249.4294876,54.9857272,14.293,14.045,10.225,8.552
259.1186506,39.0600016,13.091,13.033,10.163,8.724
259.1366315,39.1157697,12.528,12.305,8.312,6.132
259.1548177,39.0895869,16.097,15.954,12.769,8.873
267.4495920,68.4004747,11.965,11.021,7.195,4.796
267.4613342,68.3859667,11.768,11.308,7.396,5.558
267.4766237,68.4071256,11.500,11.178,6.733,4.398
267.5202430,68.4143065,12.455,12.278,8.384,6.250
267.5483748,68.4183108,16.341,16.002,13.052,9.974
321.9804085,-46.6294619,12.232,12.131,9.103,7.059
321.9803663,-46.6401607,12.921,12.900,10.532,8.794
322.0156361,-46.6450875,13.405,13.163,10.497,8.164
323.8340583,-49.9336599,14.452,14.232,9.943,7.516
323.8368953,-49.9366116,13.257,12.985,8.605,6.213
349.1607581,-41.6503203,17.079,16.652,12.666,8.956
349.1888297,-41.6634580,14.542,14.258,10.493,8.972
349.1963553,-41.6555372,15.231,14.817,11.710,8.321
349.2048036,-41.6762507,14.693,14.213,10.493,8.182
359.0136431,-17.2466583,15.861,15.682,12.251,8.876
359.0332887,-17.2295788,16.130,16.216,12.342,8.396
359.0376065,-17.2470802,14.866,14.529,10.592,8.882
359.0410820,-17.2481836,16.200,15.907,11.632,8.645
359.0476820,-17.2257955,16.059,15.895,12.284,8.832
6.2521662,-60.6225310,15.874,15.731,12.660,8.907
6.2747778,-60.6398565,13.579,13.437,9.861,7.941
6.3130853,-60.6167442,15.233,14.996,11.277,8.754
6.3147471,-60.6222212,13.355,13.191,10.256,8.310
6.3181236,-60.6382255,14.224,14.009,10.556,8.171
6.3389541,-60.6395724,16.653,16.469,12.722,8.625
50.2225075,-33.8936740,16.202,15.967,12.485,8.908
50.2396559,-33.9068463,14.655,14.392,10.727,9.107
50.2512642,-33.9035150,16.136,16.208,12.615,9.564
50.2651762,-33.9170910,13.811,13.822,12.477,9.393
50.2660462,-33.9020229,13.615,13.319,9.532,7.175
50.2812119,-33.9057466,12.616,11.831,8.097,5.279
61.5296844,-36.9238512,16.944,17.116,12.908,9.278
61.5409234,-36.9236973,16.212,16.754,12.231,9.271
61.5719435,-36.9345620,13.462,12.369,9.994,7.940
72.3981744,-73.0551270,13.200,12.945,8.392,5.080
72.4315336,-73.0824537,15.009,15.029,12.200,8.969
72.4720265,-73.0761529,11.724,11.724,9.423,7.848
124.9949127,21.0657820,13.932,13.824,9.912,7.897
124.9981943,21.0544674,14.761,14.458,10.679,8.403
125.0043364,21.0759311,15.529,15.265,11.499,8.664
125.0217435,21.0757235,14.877,14.977,12.707,8.767
125.0450703,21.0689489,12.267,12.311,10.148,8.390
125.0556430,21.0877934,15.962,15.907,12.165,8.765
168.6037838,-0.8308590,15.730,15.509,12.172,8.460
168.6329707,-0.8470945,12.801,12.003,9.117,7.049
168.6419073,-0.8642193,15.390,15.129,11.724,8.208
168.6472991,-0.8676627,14.775,14.463,10.624,8.277
185.2807798,49.4388704,15.488,15.287,12.285,9.422
185.2836766,49.4764268,15.431,15.253,12.045,8.709
185.2959614,49.4577089,16.177,15.951,12.427,8.491
185.3059644,49.4748647,13.102,13.056,10.068,8.678
185.3367471,49.4432208,15.526,15.341,11.854,8.864
185.3372030,49.4645905,14.852,14.754,11.455,8.653
230.4859781,3.5691399,14.096,13.823,10.000,8.058
230.4894567,3.5560277,14.969,14.911,10.840,8.908
230.4985038,3.5597736,12.298,11.789,8.987,6.274
230.4983433,3.5649833,13.519,13.256,9.007,6.867
230.5085673,3.5652003,14.046,13.829,10.055,7.368
328.8524337,-20.8626817,15.404,15.258,11.225,8.470
328.8530504,-20.8861825,15.142,13.633,10.417,7.913
328.8585654,-20.8565300,14.095,13.944,10.479,8.419
328.8657895,-20.8588119,15.143,15.051,11.732,8.598
328.8827440,-20.8591324,12.103,11.564,8.663,5.980
328.9038546,-20.8540126,15.053,14.794,11.396,8.585
196.8031203,13.6467633,15.106,14.961,11.938,9.105
196.8227359,13.6466408,14.401,14.216,10.933,8.997
196.8598864,13.6414080,14.745,14.560,10.989,8.808
349.1759998,9.8378956,16.073,16.352,11.851,8.735
349.1778179,9.7919858,12.908,12.810,9.018,7.021
349.1798249,9.8159567,15.655,15.487,11.819,8.816
349.1960731,9.8122298,14.330,14.235,10.279,7.820
349.1989254,9.8045910,13.572,13.306,9.268,6.353
